[20Dec2025 16:15:28.562] [main/INFO] [cpw.mods.modlauncher.Launcher/MODLAUNCHER]: ModLauncher running: args [--launchTarget, forgeserver, --fml.forgeVersion, 43.3.5, --fml.mcVersion, 1.19.2, --fml.forgeGroup, net.minecraftforge, --fml.mcpVersion, 20220805.130853, nogui]
[20Dec2025 16:15:28.566] [main/INFO] [cpw.mods.modlauncher.Launcher/MODLAUNCHER]: ModLauncher 10.0.8+10.0.8+main.0ef7e830 starting: java version 17.0.17 by Ubuntu; OS Linux arch amd64 version 6.8.0-1030-azure
[20Dec2025 16:15:44.546] [main/INFO] [com.teampotato.redirector.Redirector/]: Redirector CoreMod initialized successfully!
[20Dec2025 16:15:44.661] [main/INFO] [mixin/]: SpongePowered MIXIN Subsystem Version=0.8.5 Source=union:/workspaces/testing23/servidor_minecraft/libraries/org/spongepowered/mixin/0.8.5/mixin-0.8.5.jar%2363!/ Service=ModLauncher Env=SERVER
[20Dec2025 16:15:45.788] [main/WARN] [net.minecraftforge.fml.loading.moddiscovery.ModFileParser/LOADING]: Mod file /workspaces/testing23/servidor_minecraft/libraries/net/minecraftforge/fmlcore/1.19.2-43.3.5/fmlcore-1.19.2-43.3.5.jar is missing mods.toml file
[20Dec2025 16:15:45.789] [main/WARN] [net.minecraftforge.fml.loading.moddiscovery.ModFileParser/LOADING]: Mod file /workspaces/testing23/servidor_minecraft/libraries/net/minecraftforge/javafmllanguage/1.19.2-43.3.5/javafmllanguage-1.19.2-43.3.5.jar is missing mods.toml file
[20Dec2025 16:15:45.790] [main/WARN] [net.minecraftforge.fml.loading.moddiscovery.ModFileParser/LOADING]: Mod file /workspaces/testing23/servidor_minecraft/libraries/net/minecraftforge/lowcodelanguage/1.19.2-43.3.5/lowcodelanguage-1.19.2-43.3.5.jar is missing mods.toml file
[20Dec2025 16:15:45.791] [main/WARN] [net.minecraftforge.fml.loading.moddiscovery.ModFileParser/LOADING]: Mod file /workspaces/testing23/servidor_minecraft/libraries/net/minecraftforge/mclanguage/1.19.2-43.3.5/mclanguage-1.19.2-43.3.5.jar is missing mods.toml file
[20Dec2025 16:15:46.496] [main/WARN] [net.minecraftforge.jarjar.selection.JarSelector/]: Attempted to select two dependency jars from JarJar which have the same identification: Mod File:  and Mod File: . Using Mod File: 
[20Dec2025 16:15:46.498] [main/WARN] [net.minecraftforge.jarjar.selection.JarSelector/]: Attempted to select a dependency jar for JarJar which was passed in as source: curios. Using Mod File: /workspaces/testing23/servidor_minecraft/mods/curios-forge-1.19.2-5.1.6.4.jar
[20Dec2025 16:15:46.498] [main/INFO] [net.minecraftforge.fml.loading.moddiscovery.JarInJarDependencyLocator/]: Found 15 dependencies adding them to mods collection
[20Dec2025 16:15:52.215] [main/INFO] [mixin/]: Compatibility level set to JAVA_17
[20Dec2025 16:15:52.396] [main/ERROR] [mixin/]: Mixin config celestisynth.mixins.json does not specify "minVersion" property
[20Dec2025 16:15:52.493] [main/ERROR] [mixin/]: Mixin config necronomicon.forge.mixins.json does not specify "minVersion" property
[20Dec2025 16:15:52.951] [main/INFO] [mixin/]: Successfully loaded Mixin Connector [ca.spottedleaf.starlight.mixin.MixinConnector]
[20Dec2025 16:15:52.964] [main/INFO] [mixin/]: Successfully loaded Mixin Connector [com.aizistral.enigmaticlegacy.MixinConnector]
[20Dec2025 16:15:52.975] [main/INFO] [cpw.mods.modlauncher.LaunchServiceHandler/MODLAUNCHER]: Launching target 'forgeserver' with arguments [nogui]
[20Dec2025 16:15:53.149] [main/INFO] [com.abdelaziz.saturn.common.Saturn/]: Loaded Saturn config file with 4 configurable options
[20Dec2025 16:15:53.174] [main/WARN] [mixin/]: Reference map 'nerb-forge-refmap.json' for nerb.mixins.json could not be read. If this is a development environment you can ignore this message
[20Dec2025 16:15:53.260] [main/INFO] [ModernFix/]: Loaded configuration file for ModernFix 5.18.1+mc1.19.2: 87 options available, 2 override(s) found
[20Dec2025 16:15:53.261] [main/WARN] [ModernFix/]: Option 'mixin.bugfix.item_cache_flag' overriden (by mods [canary]) to 'false'
[20Dec2025 16:15:53.262] [main/WARN] [ModernFix/]: Option 'mixin.perf.thread_priorities' overriden (by mods [smoothboot]) to 'false'
[20Dec2025 16:15:53.262] [main/INFO] [ModernFix/]: Applying Nashorn fix
[20Dec2025 16:15:53.280] [main/INFO] [ModernFix/]: Applied Forge config corruption patch
[20Dec2025 16:15:53.303] [main/WARN] [mixin/]: Reference map 'vinery-forge-refmap.json' for vinery.mixins.json could not be read. If this is a development environment you can ignore this message
[20Dec2025 16:15:53.325] [main/WARN] [mixin/]: Reference map 'morevillagers-forge-forge-refmap.json' for morevillagers.mixins.json could not be read. If this is a development environment you can ignore this message
[20Dec2025 16:15:53.342] [main/WARN] [mixin/]: Reference map 'nitrogen_internals.refmap.json' for nitrogen_internals.mixins.json could not be read. If this is a development environment you can ignore this message
[20Dec2025 16:15:53.567] [main/WARN] [mixin/]: Reference map '${refmap_target}refmap.json' for corgilib.forge.mixins.json could not be read. If this is a development environment you can ignore this message
[20Dec2025 16:15:53.570] [main/WARN] [mixin/]: Reference map 'fastpaintings-forge-refmap.json' for fastpaintings-forge.mixins.json could not be read. If this is a development environment you can ignore this message
[20Dec2025 16:15:53.584] [main/INFO] [com.teampotato.redirector.Redirector/]: Redirecting com/illusivesoulworks/polymorph/common/integration/PolymorphIntegrations$Mod
[20Dec2025 16:15:53.587] [main/INFO] [com.teampotato.redirector.Redirector/]: Redirecting com/illusivesoulworks/polymorph/common/integration/PolymorphIntegrations$Loader
[20Dec2025 16:15:53.672] [main/WARN] [CanaryConfig/]: Mod 'pluto' attempted to override option 'mixin.world.player_chunk_tick', which doesn't exist, ignoring
[20Dec2025 16:15:53.676] [main/INFO] [Canary/]: Loaded configuration file for Canary: 117 options available, 1 override(s) found
[20Dec2025 16:15:53.682] [main/WARN] [mixin/]: Reference map 'tlc.refmap.json' for tlc.mixins.json could not be read. If this is a development environment you can ignore this message
[20Dec2025 16:15:53.708] [main/WARN] [mixin/]: Reference map 'insanelib.refmap.json' for insanelib.mixins.json could not be read. If this is a development environment you can ignore this message
[20Dec2025 16:15:53.719] [main/WARN] [mixin/]: Reference map 'Bakery-forge-refmap.json' for bakery.mixins.json could not be read. If this is a development environment you can ignore this message
[20Dec2025 16:15:53.734] [main/WARN] [mixin/]: Reference map 'dummmmmmy-forge-refmap.json' for dummmmmmy.mixins.json could not be read. If this is a development environment you can ignore this message
[20Dec2025 16:15:53.817] [main/WARN] [mixin/]: Reference map 'smallships-forge-refmap.json' for smallships.mixins.json could not be read. If this is a development environment you can ignore this message
[20Dec2025 16:15:53.828] [main/WARN] [mixin/]: Reference map 'octolib.refmap.json' for octolib.mixins.json could not be read. If this is a development environment you can ignore this message
[20Dec2025 16:15:53.831] [main/WARN] [mixin/]: Reference map 'xlpackets.refmap.json' for xlpackets.mixins.json could not be read. If this is a development environment you can ignore this message
[20Dec2025 16:15:53.847] [main/WARN] [mixin/]: Reference map 'simplyswords-common-refmap.json' for simplyswords-common.mixins.json could not be read. If this is a development environment you can ignore this message
[20Dec2025 16:15:53.849] [main/WARN] [mixin/]: Reference map 'simplyswords-forge-refmap.json' for simplyswords.mixins.json could not be read. If this is a development environment you can ignore this message
[20Dec2025 16:15:53.881] [main/INFO] [com.teampotato.redirector.Redirector/]: Redirecting malte0811/ferritecore/mixin/config/FerriteMixinConfig$LithiumSupportState
[20Dec2025 16:15:53.916] [main/INFO] [com.teampotato.redirector.Redirector/]: Redirecting com/llamalad7/mixinextras/service/MixinExtrasVersion
[20Dec2025 16:15:54.674] [main/INFO] [net.minecraftforge.coremod.CoreMod.placebo/COREMODLOG]: Patching IForgeItemStack#getEnchantmentLevel
[20Dec2025 16:15:54.682] [main/INFO] [net.minecraftforge.coremod.CoreMod.placebo/COREMODLOG]: Patching IForgeItemStack#getEnchantmentLevel
[20Dec2025 16:15:54.966] [main/WARN] [mixin/]: Error loading class: com/simibubi/create/content/contraptions/components/fan/AirCurrent (java.lang.ClassNotFoundException: com.simibubi.create.content.contraptions.components.fan.AirCurrent)
[20Dec2025 16:15:55.288] [main/INFO] [net.minecraftforge.coremod.CoreMod.apotheosis/COREMODLOG]: Replaced 2 calls to Enchantment#getMaxLevel() in net/minecraft/world/inventory/AnvilMenu
[20Dec2025 16:15:55.303] [main/WARN] [mixin/]: Error loading class: vazkii/quark/content/tweaks/module/GoldToolsHaveFortuneModule (java.lang.ClassNotFoundException: vazkii.quark.content.tweaks.module.GoldToolsHaveFortuneModule)
[20Dec2025 16:15:55.305] [main/INFO] [net.minecraftforge.coremod.CoreMod.placebo/COREMODLOG]: Patching IForgeItemStack#getEnchantmentLevel
[20Dec2025 16:15:55.306] [main/INFO] [net.minecraftforge.coremod.CoreMod.placebo/COREMODLOG]: Patching IForgeItemStack#getEnchantmentLevel
[20Dec2025 16:15:55.407] [main/WARN] [mixin/]: Error loading class: vazkii/neat/HealthBarRenderer (java.lang.ClassNotFoundException: vazkii.neat.HealthBarRenderer)
[20Dec2025 16:15:55.407] [main/WARN] [mixin/]: @Mixin target vazkii.neat.HealthBarRenderer was not found autoleveling.mixins.json:neat/HealthBarRendererMixin
[20Dec2025 16:15:55.614] [main/INFO] [net.minecraftforge.coremod.CoreMod.apotheosis/COREMODLOG]: Patching FishingHook#catchingFish
[20Dec2025 16:15:55.902] [main/WARN] [mixin/]: Error loading class: tfar/davespotioneering/blockentity/AdvancedBrewingStandBlockEntity (java.lang.ClassNotFoundException: tfar.davespotioneering.blockentity.AdvancedBrewingStandBlockEntity)
[20Dec2025 16:15:55.903] [main/WARN] [mixin/]: @Mixin target tfar.davespotioneering.blockentity.AdvancedBrewingStandBlockEntity was not found itemproductionlib.mixins.json:davespotioneering/AdvancedBrewingStandBlockEntityMixin
[20Dec2025 16:15:55.909] [main/WARN] [mixin/]: Error loading class: fuzs/visualworkbench/world/inventory/ModCraftingMenu (java.lang.ClassNotFoundException: fuzs.visualworkbench.world.inventory.ModCraftingMenu)
[20Dec2025 16:15:55.910] [main/WARN] [mixin/]: @Mixin target fuzs.visualworkbench.world.inventory.ModCraftingMenu was not found itemproductionlib.mixins.json:visualworkbench/ModCraftingMenuMixin
[20Dec2025 16:15:55.960] [main/WARN] [Canary/]: Force-disabling mixin 'entity.collisions.suffocation.EntityMixin' as rule 'mixin.entity.collisions.suffocation' (added by user configuration) disables it and children
[20Dec2025 16:15:56.103] [main/INFO] [com.cupboard.Cupboard/]: Loaded config for: recipeessentials.json
[20Dec2025 16:15:56.160] [main/INFO] [com.cupboard.Cupboard/]: Loaded config for: structureessentials.json
[20Dec2025 16:15:56.290] [main/WARN] [mixin/]: Error loading class: shadows/apotheosis/ench/table/ApothEnchantContainer (java.lang.ClassNotFoundException: shadows.apotheosis.ench.table.ApothEnchantContainer)
[20Dec2025 16:15:56.291] [main/WARN] [mixin/]: @Mixin target shadows.apotheosis.ench.table.ApothEnchantContainer was not found origins_classes.mixins.json:common.apotheosis.ApotheosisEnchantmentMenuMixin
[20Dec2025 16:15:56.294] [main/WARN] [mixin/]: Error loading class: se/mickelus/tetra/blocks/workbench/WorkbenchTile (java.lang.ClassNotFoundException: se.mickelus.tetra.blocks.workbench.WorkbenchTile)
[20Dec2025 16:15:56.294] [main/WARN] [mixin/]: @Mixin target se.mickelus.tetra.blocks.workbench.WorkbenchTile was not found origins_classes.mixins.json:common.tetra.WorkbenchTileMixin
[20Dec2025 16:15:56.400] [main/WARN] [mixin/]: Error loading class: fuzs/easymagic/world/inventory/ModEnchantmentMenu (java.lang.ClassNotFoundException: fuzs.easymagic.world.inventory.ModEnchantmentMenu)
[20Dec2025 16:15:56.400] [main/WARN] [mixin/]: @Mixin target fuzs.easymagic.world.inventory.ModEnchantmentMenu was not found skilltree.mixins.json:easymagic/ModEnchantmentMenuMixin
[20Dec2025 16:15:56.582] [main/WARN] [mixin/]: Error loading class: net/darkhax/darkutils/features/charms/CharmEffects (java.lang.ClassNotFoundException: net.darkhax.darkutils.features.charms.CharmEffects)
[20Dec2025 16:15:56.584] [main/WARN] [mixin/]: Error loading class: com/brandon3055/csg/ModEventHandler (java.lang.ClassNotFoundException: com.brandon3055.csg.ModEventHandler)
[20Dec2025 16:15:56.587] [main/WARN] [mixin/]: Error loading class: vazkii/quark/content/tweaks/module/AutomaticRecipeUnlockModule (java.lang.ClassNotFoundException: vazkii.quark.content.tweaks.module.AutomaticRecipeUnlockModule)
[20Dec2025 16:15:56.594] [main/INFO] [memoryleakfix/]: [MemoryLeakFix] Will be applying 2 memory leak fixes!
[20Dec2025 16:15:56.594] [main/INFO] [memoryleakfix/]: [MemoryLeakFix] Currently enabled memory leak fixes: [entityMemoriesLeak, biomeTemperatureLeak]
[20Dec2025 16:15:57.007] [main/INFO] [MixinExtras|Service/]: Initializing MixinExtras via com.llamalad7.mixinextras.service.MixinExtrasServiceImpl(version=0.3.6).
[20Dec2025 16:15:57.008] [main/WARN] [MixinExtras|Service/]: Found problematic active MixinExtras instance at ca.fxco.memoryleakfix.mixinextras (version 0.2.0-beta.6)
[20Dec2025 16:15:57.008] [main/WARN] [MixinExtras|Service/]: Versions from 0.2.0-beta.1 to 0.2.0-beta.9 have limited support and it is strongly recommended to update.
[20Dec2025 16:15:57.601] [main/INFO] [Smooth Boot (Reloaded)/]: Smooth Boot (Reloaded) config initialized
[20Dec2025 16:15:57.604] [main/INFO] [com.teampotato.redirector.Redirector/]: Redirecting net/minecraft/util/datafix/DataFixerOptimizationOption
[20Dec2025 16:15:57.623] [main/INFO] [com.teampotato.redirector.Redirector/]: Redirecting net/minecraft/util/Unit
[20Dec2025 16:15:57.674] [main/INFO] [com.teampotato.redirector.Redirector/]: Redirecting net/minecraft/ChatFormatting
[20Dec2025 16:15:57.685] [main/WARN] [mixin/]: Static binding violation: PRIVATE @Overwrite method m_216202_ in modernfix-forge.mixins.json:perf.tag_id_caching.TagOrElementLocationMixin cannot reduce visibiliy of PUBLIC target method, visibility will be upgraded.
[20Dec2025 16:15:58.103] [main/INFO] [net.minecraft.server.Bootstrap/]: ModernFix reached bootstrap stage (37.66 s after launch)
[20Dec2025 16:15:58.282] [main/INFO] [com.teampotato.redirector.Redirector/]: Redirecting net/minecraft/Util$IdentityStrategy
[20Dec2025 16:15:58.294] [main/INFO] [com.teampotato.redirector.Redirector/]: Redirecting net/minecraft/core/Holder$Reference$Type
[20Dec2025 16:15:58.336] [main/WARN] [mixin/]: @Final field delegatesByName:Ljava/util/Map; in modernfix-forge.mixins.json:perf.forge_registry_alloc.ForgeRegistryMixin should be final
[20Dec2025 16:15:58.337] [main/WARN] [mixin/]: @Final field delegatesByValue:Ljava/util/Map; in modernfix-forge.mixins.json:perf.forge_registry_alloc.ForgeRegistryMixin should be final
[20Dec2025 16:15:59.046] [main/INFO] [mixin/]: Mixing MixinPlayer from enigmaticlegacy.mixins.json into net.minecraft.world.entity.player.Player
[20Dec2025 16:15:59.446] [main/INFO] [mixin/]: Mixing MixinLivingEntity from enigmaticlegacy.mixins.json into net.minecraft.world.entity.LivingEntity
[20Dec2025 16:15:59.501] [main/WARN] [mixin/]: @Final field f_20945_:Ljava/util/Map; in vinery-common.mixins.json:LivingEntityMixin should be final
[20Dec2025 16:15:59.841] [main/INFO] [ModernFix/]: Injecting BlockStateBase cache population hook into getOpacityIfCached from ca.spottedleaf.starlight.mixin.common.blockstate.BlockStateBaseMixin
[20Dec2025 16:15:59.842] [main/INFO] [ModernFix/]: Injecting BlockStateBase cache population hook into getNeighborPathNodeType from com.abdelaziz.canary.mixin.ai.pathing.BlockStateBaseMixin
[20Dec2025 16:15:59.842] [main/INFO] [ModernFix/]: Injecting BlockStateBase cache population hook into getPathNodeType from com.abdelaziz.canary.mixin.ai.pathing.BlockStateBaseMixin
[20Dec2025 16:15:59.842] [main/INFO] [ModernFix/]: Injecting BlockStateBase cache population hook into m_60823_ from com.abdelaziz.canary.mixin.block.flatten_states.BlockStateBaseMixin
[20Dec2025 16:15:59.842] [main/INFO] [ModernFix/]: Injecting BlockStateBase cache population hook into isConditionallyFullOpaque from ca.spottedleaf.starlight.mixin.common.blockstate.BlockStateBaseMixin
[20Dec2025 16:16:00.231] [main/INFO] [mixin/]: Mixing MixinMobEffect from enigmaticlegacy.mixins.json into net.minecraft.world.effect.MobEffect
[20Dec2025 16:16:00.872] [main/INFO] [com.teampotato.redirector.Redirector/]: Redirecting net/minecraft/core/Direction
[20Dec2025 16:16:00.874] [main/INFO] [com.teampotato.redirector.Redirector/]: Redirecting net/minecraft/core/Direction$AxisDirection
[20Dec2025 16:16:00.875] [main/INFO] [com.teampotato.redirector.Redirector/]: Redirecting net/minecraft/core/Direction$Axis
[20Dec2025 16:16:01.022] [main/INFO] [com.teampotato.redirector.Redirector/]: Redirecting net/minecraft/world/level/material/PushReaction
[20Dec2025 16:16:01.082] [main/INFO] [com.teampotato.redirector.Redirector/]: Redirecting net/minecraft/world/level/block/state/BlockBehaviour$OffsetType
[20Dec2025 16:16:01.179] [main/INFO] [com.teampotato.redirector.Redirector/]: Redirecting net/minecraft/core/Direction$Plane
[20Dec2025 16:16:01.181] [main/INFO] [com.teampotato.redirector.Redirector/]: Redirecting net/minecraft/core/FrontAndTop
[20Dec2025 16:16:01.186] [main/INFO] [com.teampotato.redirector.Redirector/]: Redirecting net/minecraft/world/level/block/state/properties/AttachFace
[20Dec2025 16:16:01.187] [main/INFO] [com.teampotato.redirector.Redirector/]: Redirecting net/minecraft/world/level/block/state/properties/BellAttachType
[20Dec2025 16:16:01.188] [main/INFO] [com.teampotato.redirector.Redirector/]: Redirecting net/minecraft/world/level/block/state/properties/WallSide
[20Dec2025 16:16:01.189] [main/INFO] [com.teampotato.redirector.Redirector/]: Redirecting net/minecraft/world/level/block/state/properties/RedstoneSide
[20Dec2025 16:16:01.189] [main/INFO] [com.teampotato.redirector.Redirector/]: Redirecting net/minecraft/world/level/block/state/properties/DoubleBlockHalf
[20Dec2025 16:16:01.190] [main/INFO] [com.teampotato.redirector.Redirector/]: Redirecting net/minecraft/world/level/block/state/properties/Half
[20Dec2025 16:16:01.191] [main/INFO] [com.teampotato.redirector.Redirector/]: Redirecting net/minecraft/world/level/block/state/properties/RailShape
[20Dec2025 16:16:01.193] [main/INFO] [com.teampotato.redirector.Redirector/]: Redirecting net/minecraft/world/level/block/state/properties/BedPart
[20Dec2025 16:16:01.193] [main/INFO] [com.teampotato.redirector.Redirector/]: Redirecting net/minecraft/world/level/block/state/properties/ChestType
[20Dec2025 16:16:01.194] [main/INFO] [com.teampotato.redirector.Redirector/]: Redirecting net/minecraft/world/level/block/state/properties/ComparatorMode
[20Dec2025 16:16:01.194] [main/INFO] [com.teampotato.redirector.Redirector/]: Redirecting net/minecraft/world/level/block/state/properties/DoorHingeSide
[20Dec2025 16:16:01.195] [main/INFO] [com.teampotato.redirector.Redirector/]: Redirecting net/minecraft/world/level/block/state/properties/NoteBlockInstrument
[20Dec2025 16:16:01.197] [main/INFO] [com.teampotato.redirector.Redirector/]: Redirecting net/minecraft/world/level/block/state/properties/PistonType
[20Dec2025 16:16:01.197] [main/INFO] [com.teampotato.redirector.Redirector/]: Redirecting net/minecraft/world/level/block/state/properties/SlabType
[20Dec2025 16:16:01.198] [main/INFO] [com.teampotato.redirector.Redirector/]: Redirecting net/minecraft/world/level/block/state/properties/StairsShape
[20Dec2025 16:16:01.199] [main/INFO] [com.teampotato.redirector.Redirector/]: Redirecting net/minecraft/world/level/block/state/properties/StructureMode
[20Dec2025 16:16:01.199] [main/INFO] [com.teampotato.redirector.Redirector/]: Redirecting net/minecraft/world/level/block/state/properties/BambooLeaves
[20Dec2025 16:16:01.200] [main/INFO] [com.teampotato.redirector.Redirector/]: Redirecting net/minecraft/world/level/block/state/properties/Tilt
[20Dec2025 16:16:01.201] [main/INFO] [com.teampotato.redirector.Redirector/]: Redirecting net/minecraft/world/level/block/state/properties/DripstoneThickness
[20Dec2025 16:16:01.201] [main/INFO] [com.teampotato.redirector.Redirector/]: Redirecting net/minecraft/world/level/block/state/properties/SculkSensorPhase
[20Dec2025 16:16:01.375] [main/INFO] [net.minecraft.server.Bootstrap/]: Vanilla bootstrap took 3268 milliseconds
[20Dec2025 16:16:01.475] [main/INFO] [com.teampotato.redirector.Redirector/]: Redirecting net/minecraftforge/network/NetworkDirection
[20Dec2025 16:16:01.622] [main/INFO] [com.teampotato.redirector.Redirector/]: Redirecting net/minecraft/world/item/DyeColor
[20Dec2025 16:16:01.829] [main/INFO] [com.teampotato.redirector.Redirector/]: Redirecting net/minecraft/core/AxisCycle
[20Dec2025 16:16:01.881] [main/INFO] [com.teampotato.redirector.Redirector/]: Redirecting net/minecraft/world/effect/MobEffectCategory
[20Dec2025 16:16:01.885] [main/INFO] [com.teampotato.redirector.Redirector/]: Redirecting net/minecraft/world/entity/ai/attributes/AttributeModifier$Operation
[20Dec2025 16:16:02.038] [main/INFO] [com.teampotato.redirector.Redirector/]: Redirecting net/minecraft/world/level/block/PressurePlateBlock$Sensitivity
[20Dec2025 16:16:02.075] [main/WARN] [mixin/]: Method overwrite conflict for getMobSpawnType in takesapillage.mixins.json:MobRememberSpawnReasonMixin, previously written by com.majruszlibrary.mixin.MixinMob. Skipping method.
[20Dec2025 16:16:02.137] [main/INFO] [com.teampotato.redirector.Redirector/]: Redirecting net/minecraft/world/level/block/MultifaceSpreader$SpreadType
[20Dec2025 16:16:02.153] [main/INFO] [mixin/]: Mixing MixinEnchantmentContainer from enigmaticlegacy.mixins.json into net.minecraft.world.inventory.EnchantmentMenu
[20Dec2025 16:16:02.153] [main/INFO] [mixin/]: Renaming synthetic method lambda$onEnchantedItem$0(Lnet/minecraft/world/item/ItemStack;Lnet/minecraft/world/inventory/EnchantmentMenu;ILnet/minecraft/world/entity/player/Player;ILnet/minecraft/world/level/Level;Lnet/minecraft/core/BlockPos;)V to mdeae48a$lambda$onEnchantedItem$0$0 in enigmaticlegacy.mixins.json:MixinEnchantmentContainer
[20Dec2025 16:16:02.170] [main/INFO] [net.minecraftforge.coremod.CoreMod.apotheosis/COREMODLOG]: Replaced 2 calls to Enchantment#getMaxLevel() in net/minecraft/world/item/EnchantedBookItem
[20Dec2025 16:16:02.193] [main/INFO] [com.teampotato.redirector.Redirector/]: Redirecting net/minecraft/world/InteractionHand
[20Dec2025 16:16:02.213] [main/INFO] [mixin/]: Mixing MixinItemStack from enigmaticlegacy.mixins.json into net.minecraft.world.item.ItemStack
[20Dec2025 16:16:02.241] [main/INFO] [net.minecraftforge.coremod.CoreMod.placebo/COREMODLOG]: Patching IForgeItemStack#getEnchantmentLevel
[20Dec2025 16:16:02.242] [main/INFO] [net.minecraftforge.coremod.CoreMod.placebo/COREMODLOG]: Patching IForgeItemStack#getEnchantmentLevel
[20Dec2025 16:16:02.246] [main/INFO] [com.teampotato.redirector.Redirector/]: Redirecting net/minecraft/world/InteractionResult
[20Dec2025 16:16:02.248] [main/INFO] [com.teampotato.redirector.Redirector/]: Redirecting net/minecraft/world/level/biome/Biome$Precipitation
[20Dec2025 16:16:02.298] [main/INFO] [com.teampotato.redirector.Redirector/]: Redirecting net/minecraft/world/level/block/SkullBlock$Types
[20Dec2025 16:16:02.347] [main/INFO] [net.minecraftforge.coremod.CoreMod.apotheosis/COREMODLOG]: Replaced 2 calls to Enchantment#getMaxLevel() in net/minecraft/world/inventory/AnvilMenu
[20Dec2025 16:16:02.659] [main/INFO] [com.teampotato.redirector.Redirector/]: Redirecting net/minecraft/world/level/block/WeatheringCopper$WeatherState
[20Dec2025 16:16:02.706] [main/INFO] [com.teampotato.redirector.Redirector/]: Redirecting net/minecraft/core/Holder$Kind
[20Dec2025 16:16:02.845] [main/INFO] [com.teampotato.redirector.Redirector/]: Redirecting net/minecraft/world/level/levelgen/Heightmap$Types
[20Dec2025 16:16:02.846] [main/INFO] [com.teampotato.redirector.Redirector/]: Redirecting net/minecraft/world/level/levelgen/Heightmap$Usage
[20Dec2025 16:16:02.885] [main/INFO] [com.teampotato.redirector.Redirector/]: Redirecting net/minecraft/world/level/levelgen/placement/CaveSurface
[20Dec2025 16:16:02.999] [main/INFO] [com.teampotato.redirector.Redirector/]: Redirecting net/minecraft/world/entity/MobCategory
[20Dec2025 16:16:03.049] [main/INFO] [mixin/]: Mixing AccessorAbstractArrowEntity from enigmaticlegacy.mixins.json into net.minecraft.world.entity.projectile.AbstractArrow
[20Dec2025 16:16:03.326] [main/INFO] [com.teampotato.redirector.Redirector/]: Redirecting net/minecraft/world/entity/ai/goal/Goal$Flag
[20Dec2025 16:16:03.337] [main/INFO] [mixin/]: Mixing MixinEnderDragon from enigmaticlegacy.mixins.json into net.minecraft.world.entity.boss.enderdragon.EnderDragon
[20Dec2025 16:16:03.338] [main/INFO] [mixin/]: Renaming synthetic method lambda$onTickDeath$0(Lnet/minecraft/server/level/ServerPlayer;)V to mdeae48a$lambda$onTickDeath$0$0 in enigmaticlegacy.mixins.json:MixinEnderDragon
[20Dec2025 16:16:03.659] [main/INFO] [mixin/]: Mixing MixinShulker from enigmaticlegacy.mixins.json into net.minecraft.world.entity.monster.Shulker
[20Dec2025 16:16:03.730] [main/INFO] [com.teampotato.redirector.Redirector/]: Redirecting net/minecraft/world/entity/Pose
[20Dec2025 16:16:03.747] [main/INFO] [com.teampotato.redirector.Redirector/]: Redirecting net/minecraft/world/entity/EquipmentSlot
[20Dec2025 16:16:03.750] [main/INFO] [com.teampotato.redirector.Redirector/]: Redirecting net/minecraft/world/entity/EquipmentSlot$Type
[20Dec2025 16:16:03.870] [main/INFO] [mixin/]: Mixing MixinVillagerEntity from enigmaticlegacy.mixins.json into net.minecraft.world.entity.npc.Villager
[20Dec2025 16:16:03.871] [main/INFO] [mixin/]: Mixing MixinVillager from enigmaticlegacy.mixins.json into net.minecraft.world.entity.npc.Villager
[20Dec2025 16:16:04.010] [main/INFO] [net.minecraftforge.coremod.CoreMod.apotheosis/COREMODLOG]: Patching FishingHook#catchingFish
[20Dec2025 16:16:04.214] [main/INFO] [com.teampotato.redirector.Redirector/]: Redirecting net/minecraft/world/level/levelgen/GenerationStep$Carving
[20Dec2025 16:16:04.238] [main/INFO] [com.teampotato.redirector.Redirector/]: Redirecting net/minecraft/world/level/levelgen/structure/StructureSpawnOverride$BoundingBoxType
[20Dec2025 16:16:04.244] [main/INFO] [com.teampotato.redirector.Redirector/]: Redirecting net/minecraft/world/level/levelgen/GenerationStep$Decoration
[20Dec2025 16:16:04.245] [main/INFO] [com.teampotato.redirector.Redirector/]: Redirecting net/minecraft/world/level/levelgen/structure/TerrainAdjustment
[20Dec2025 16:16:04.256] [main/INFO] [com.teampotato.redirector.Redirector/]: Redirecting net/minecraft/world/level/levelgen/structure/pools/StructureTemplatePool$Projection
[20Dec2025 16:16:04.274] [main/INFO] [com.teampotato.redirector.Redirector/]: Redirecting net/minecraft/world/level/levelgen/structure/structures/MineshaftStructure$Type
[20Dec2025 16:16:04.299] [main/INFO] [com.teampotato.redirector.Redirector/]: Redirecting net/minecraft/world/level/levelgen/structure/structures/OceanRuinStructure$Type
[20Dec2025 16:16:04.313] [main/INFO] [com.teampotato.redirector.Redirector/]: Redirecting net/minecraft/world/level/block/entity/JigsawBlockEntity$JointType
[20Dec2025 16:16:04.326] [main/INFO] [com.teampotato.redirector.Redirector/]: Redirecting net/minecraft/world/level/levelgen/structure/structures/RuinedPortalPiece$VerticalPlacement
[20Dec2025 16:16:04.335] [main/INFO] [com.teampotato.redirector.Redirector/]: Redirecting net/minecraft/world/level/levelgen/structure/placement/StructurePlacement$FrequencyReductionMethod
[20Dec2025 16:16:04.339] [main/INFO] [com.teampotato.redirector.Redirector/]: Redirecting net/minecraft/world/level/levelgen/structure/placement/RandomSpreadType
[20Dec2025 16:16:04.368] [main/WARN] [mixin/]: Static binding violation: PRIVATE @Overwrite method m_47505_ in modernfix-common.mixins.json:perf.remove_biome_temperature_cache.BiomeMixin cannot reduce visibiliy of PUBLIC target method, visibility will be upgraded.
[20Dec2025 16:16:04.377] [main/INFO] [com.teampotato.redirector.Redirector/]: Redirecting net/minecraft/world/level/biome/Biome$TemperatureModifier
[20Dec2025 16:16:04.380] [main/INFO] [com.teampotato.redirector.Redirector/]: Redirecting net/minecraft/world/level/biome/BiomeSpecialEffects$GrassColorModifier
[20Dec2025 16:16:04.433] [main/INFO] [com.teampotato.redirector.Redirector/]: Redirecting net/minecraft/world/level/levelgen/DensityFunctions$Marker$Type
[20Dec2025 16:16:04.448] [main/INFO] [com.teampotato.redirector.Redirector/]: Redirecting net/minecraft/world/level/levelgen/DensityFunctions$Mapped$Type
[20Dec2025 16:16:04.451] [main/INFO] [com.teampotato.redirector.Redirector/]: Redirecting net/minecraft/world/level/levelgen/DensityFunctions$MulOrAdd$Type
[20Dec2025 16:16:04.451] [main/INFO] [com.teampotato.redirector.Redirector/]: Redirecting net/minecraft/world/level/levelgen/DensityFunctions$TwoArgumentSimpleFunction$Type
[20Dec2025 16:16:04.481] [main/INFO] [com.teampotato.redirector.Redirector/]: Redirecting net/minecraft/world/level/levelgen/DensityFunctions$BlendOffset
[20Dec2025 16:16:04.482] [main/INFO] [com.teampotato.redirector.Redirector/]: Redirecting net/minecraft/world/level/levelgen/DensityFunctions$BlendAlpha
[20Dec2025 16:16:04.489] [main/INFO] [com.teampotato.redirector.Redirector/]: Redirecting net/minecraft/world/level/levelgen/DensityFunctions$WeirdScaledSampler$RarityValueMapper
[20Dec2025 16:16:04.511] [main/INFO] [com.teampotato.redirector.Redirector/]: Redirecting net/minecraft/world/level/levelgen/OreVeinifier$VeinType
[20Dec2025 16:16:04.520] [main/INFO] [com.teampotato.redirector.Redirector/]: Redirecting net/minecraft/world/level/levelgen/SurfaceRules$Hole
[20Dec2025 16:16:04.521] [main/INFO] [com.teampotato.redirector.Redirector/]: Redirecting net/minecraft/world/level/levelgen/SurfaceRules$Steep
[20Dec2025 16:16:04.526] [main/INFO] [com.teampotato.redirector.Redirector/]: Redirecting net/minecraft/world/level/levelgen/SurfaceRules$Bandlands
[20Dec2025 16:16:04.527] [main/INFO] [com.teampotato.redirector.Redirector/]: Redirecting net/minecraft/world/level/levelgen/SurfaceRules$Temperature
[20Dec2025 16:16:04.529] [main/INFO] [com.teampotato.redirector.Redirector/]: Redirecting net/minecraft/world/level/levelgen/SurfaceRules$AbovePreliminarySurface
[20Dec2025 16:16:04.929] [main/INFO] [mixin/]: Mixing MixinEnderEyeItem from enigmaticlegacy.mixins.json into net.minecraft.world.item.EnderEyeItem
[20Dec2025 16:16:04.963] [main/INFO] [net.minecraftforge.coremod.CoreMod.apotheosis/COREMODLOG]: Replaced 2 calls to Enchantment#getMaxLevel() in net/minecraft/world/item/EnchantedBookItem
[20Dec2025 16:16:04.989] [main/INFO] [mixin/]: Mixing MixinCrossbowItem from enigmaticlegacy.mixins.json into net.minecraft.world.item.CrossbowItem
[20Dec2025 16:16:05.000] [main/INFO] [com.teampotato.redirector.Redirector/]: Redirecting net/minecraft/world/item/Rarity
[20Dec2025 16:16:05.009] [main/INFO] [com.teampotato.redirector.Redirector/]: Redirecting net/minecraft/world/item/enchantment/EnchantmentCategory
[20Dec2025 16:16:05.033] [main/INFO] [com.teampotato.redirector.Redirector/]: Redirecting net/minecraft/world/entity/vehicle/AbstractMinecart$Type
[20Dec2025 16:16:05.038] [main/INFO] [com.teampotato.redirector.Redirector/]: Redirecting net/minecraft/world/entity/vehicle/Boat$Type
[20Dec2025 16:16:05.039] [main/INFO] [com.teampotato.redirector.Redirector/]: Redirecting net/minecraft/world/item/ArmorMaterials
[20Dec2025 16:16:05.055] [main/INFO] [com.teampotato.redirector.Redirector/]: Redirecting net/minecraft/world/item/Tiers
[20Dec2025 16:16:05.076] [main/INFO] [com.teampotato.redirector.Redirector/]: Redirecting net/minecraft/network/chat/ChatTypeDecoration$Parameter
[20Dec2025 16:16:05.094] [main/INFO] [com.teampotato.redirector.Redirector/]: Redirecting net/minecraft/world/item/enchantment/Enchantment$Rarity
[20Dec2025 16:16:05.095] [main/INFO] [com.teampotato.redirector.Redirector/]: Redirecting net/minecraft/world/item/enchantment/ProtectionEnchantment$Type
[20Dec2025 16:16:05.122] [main/INFO] [com.teampotato.redirector.Redirector/]: Redirecting net/minecraft/world/scores/criteria/ObjectiveCriteria$RenderType
[20Dec2025 16:16:05.149] [main/INFO] [com.teampotato.redirector.Redirector/]: Redirecting net/minecraft/world/level/chunk/ChunkStatus$ChunkType
[20Dec2025 16:16:05.315] [main/INFO] [net.minecraftforge.coremod.CoreMod.apotheosis/COREMODLOG]: Replaced 1 calls to Enchantment#getMaxLevel() in net/minecraft/world/level/storage/loot/functions/EnchantRandomlyFunction
[20Dec2025 16:16:05.316] [main/INFO] [net.minecraftforge.coremod.CoreMod.apotheosis/COREMODLOG]: Replaced 1 calls to Enchantment#isDiscoverable() in net/minecraft/world/level/storage/loot/functions/EnchantRandomlyFunction
[20Dec2025 16:16:05.401] [main/INFO] [com.teampotato.redirector.Redirector/]: Redirecting net/minecraft/world/level/levelgen/DensityFunctions$BeardifierMarker
[20Dec2025 16:16:05.563] [main/INFO] [com.teampotato.redirector.Redirector/]: Redirecting net/combatroll/Platform$Type
[20Dec2025 16:16:05.567] [main/INFO] [com.teampotato.redirector.Redirector/]: Redirecting net/combatroll/enchantments/AmplifierEnchantment$Operation
[20Dec2025 16:16:05.795] [modloading-worker-0/INFO] [com.teampotato.redirector.Redirector/]: Redirecting net/minecraftforge/event/TickEvent$Phase
[20Dec2025 16:16:05.796] [modloading-worker-0/INFO] [com.teampotato.redirector.Redirector/]: Redirecting net/minecraftforge/event/TickEvent$Type
[20Dec2025 16:16:05.828] [modloading-worker-0/INFO] [dev.limonblaze.oriacs.common.Oriacs/]: Origins: Accessibilities 1.1.0 has initialized. Ready to make your Origins life easier!
[20Dec2025 16:16:05.831] [modloading-worker-0/INFO] [com.teampotato.redirector.Redirector/]: Redirecting com/majruszlibrary/events/base/Priority
[20Dec2025 16:16:05.834] [modloading-worker-0/INFO] [mixin/]: Mixing MixinEnterBlockTrigger from enigmaticlegacy.mixins.json into net.minecraft.advancements.critereon.EnterBlockTrigger
[20Dec2025 16:16:05.837] [modloading-worker-0/INFO] [mixin/]: Mixing MixinInventoryChangeTrigger from enigmaticlegacy.mixins.json into net.minecraft.advancements.critereon.InventoryChangeTrigger
[20Dec2025 16:16:05.852] [modloading-worker-0/INFO] [mixin/]: Mixing MixinSummonedEntityTrigger from enigmaticlegacy.mixins.json into net.minecraft.advancements.critereon.SummonedEntityTrigger
[20Dec2025 16:16:05.853] [modloading-worker-0/INFO] [com.teampotato.redirector.Redirector/]: Redirecting net/minecraft/world/level/storage/loot/LootContext$EntityTarget
[20Dec2025 16:16:05.856] [modloading-worker-0/INFO] [com.teampotato.redirector.Redirector/]: Redirecting net/minecraft/world/inventory/ClickAction
[20Dec2025 16:16:05.856] [modloading-worker-0/INFO] [com.teampotato.redirector.Redirector/]: Redirecting net/minecraft/world/item/UseAnim
[20Dec2025 16:16:05.857] [modloading-worker-0/INFO] [com.teampotato.redirector.Redirector/]: Redirecting net/minecraft/world/level/ClipContext$Fluid
[20Dec2025 16:16:05.864] [modloading-worker-0/INFO] [com.teampotato.redirector.Redirector/]: Redirecting net/minecraft/world/entity/MobSpawnType
[20Dec2025 16:16:05.897] [modloading-worker-0/INFO] [com.teampotato.redirector.Redirector/]: Redirecting net/minecraft/commands/Commands$CommandSelection
[20Dec2025 16:16:05.916] [modloading-worker-0/INFO] [mixin/]: Mixing MixinPlayerList from enigmaticlegacy.mixins.json into net.minecraft.server.players.PlayerList
[20Dec2025 16:16:06.160] [modloading-worker-0/INFO] [com.teampotato.redirector.Redirector/]: Redirecting net/minecraft/sounds/SoundSource
[20Dec2025 16:16:06.183] [modloading-worker-0/INFO] [com.teampotato.redirector.Redirector/]: Redirecting net/minecraft/world/level/material/FogType
[20Dec2025 16:16:06.186] [modloading-worker-0/INFO] [com.teampotato.redirector.Redirector/]: Redirecting net/minecraft/world/level/ClipContext$Block
[20Dec2025 16:16:06.190] [modloading-worker-0/INFO] [com.teampotato.redirector.Redirector/]: Redirecting net/minecraft/world/level/Explosion$BlockInteraction
[20Dec2025 16:16:06.257] [modloading-worker-0/INFO] [MaxHealthFix/]: Loaded maxhealthfix for Forge.
[20Dec2025 16:16:06.286] [modloading-worker-0/INFO] [com.teampotato.redirector.Redirector/]: Redirecting net/minecraft/world/item/ItemStack$TooltipPart
[20Dec2025 16:16:06.320] [modloading-worker-0/INFO] [com.teampotato.redirector.Redirector/]: Redirecting shadows/placebo/config/Property$Type
[20Dec2025 16:16:06.335] [modloading-worker-0/INFO] [com.teampotato.redirector.Redirector/]: Redirecting io/github/apace100/apoli/util/Space
[20Dec2025 16:16:06.336] [modloading-worker-0/INFO] [com.teampotato.redirector.Redirector/]: Redirecting io/github/apace100/apoli/util/ResourceOperation
[20Dec2025 16:16:06.350] [modloading-worker-0/INFO] [com.teampotato.redirector.Redirector/]: Redirecting io/github/apace100/apoli/util/Comparison
[20Dec2025 16:16:06.399] [modloading-worker-0/INFO] [io.github.apace100.apoli.Apoli/]: Apoli 1.19.2-2.6.1.7 has initialized. Ready to power up your game!
[20Dec2025 16:16:06.460] [modloading-worker-0/INFO] [com.teampotato.redirector.Redirector/]: Redirecting net/minecraftforge/common/world/BiomeModifier$Phase
[20Dec2025 16:16:06.478] [modloading-worker-0/INFO] [com.teampotato.redirector.Redirector/]: Redirecting com/majruszsdifficulty/items/CustomArmorMaterial
[20Dec2025 16:16:06.479] [modloading-worker-0/INFO] [com.teampotato.redirector.Redirector/]: Redirecting com/majruszsdifficulty/items/CustomItemTier
[20Dec2025 16:16:06.487] [modloading-worker-0/INFO] [com.teampotato.redirector.Redirector/]: Redirecting net/blay09/mods/balm/api/event/TickPhase
[20Dec2025 16:16:06.495] [modloading-worker-0/INFO] [com.teampotato.redirector.Redirector/]: Redirecting net/blay09/mods/balm/api/event/EventPriority
[20Dec2025 16:16:06.505] [modloading-worker-0/INFO] [com.teampotato.redirector.Redirector/]: Redirecting com/majruszsdifficulty/items/SoulJar$BonusType
[20Dec2025 16:16:06.519] [modloading-worker-0/INFO] [com.teampotato.redirector.Redirector/]: Redirecting net/minecraftforge/common/capabilities/CapabilityManager
[20Dec2025 16:16:06.578] [modloading-worker-0/INFO] [com.teampotato.redirector.Redirector/]: Redirecting com/majruszsdifficulty/undeadarmy/UndeadArmy$Direction
[20Dec2025 16:16:06.580] [modloading-worker-0/INFO] [com.teampotato.redirector.Redirector/]: Redirecting com/majruszsdifficulty/undeadarmy/UndeadArmy$Phase$State
[20Dec2025 16:16:06.711] [modloading-worker-0/INFO] [com.teampotato.redirector.Redirector/]: Redirecting net/minecraft/world/entity/Entity$RemovalReason
[20Dec2025 16:16:06.713] [modloading-worker-0/INFO] [com.teampotato.redirector.Redirector/]: Redirecting net/minecraft/world/entity/MoverType
[20Dec2025 16:16:06.715] [modloading-worker-0/INFO] [com.teampotato.redirector.Redirector/]: Redirecting net/minecraft/world/entity/Entity$MovementEmission
[20Dec2025 16:16:06.771] [modloading-worker-0/INFO] [com.teampotato.redirector.Redirector/]: Redirecting net/minecraft/world/level/block/Rotation
[20Dec2025 16:16:06.772] [modloading-worker-0/INFO] [com.teampotato.redirector.Redirector/]: Redirecting net/minecraft/world/level/block/Mirror
[20Dec2025 16:16:06.773] [modloading-worker-0/INFO] [com.teampotato.redirector.Redirector/]: Redirecting net/minecraft/commands/arguments/EntityAnchorArgument$Anchor
[20Dec2025 16:16:06.999] [modloading-worker-0/INFO] [com.teampotato.redirector.Redirector/]: Redirecting com/legacy/dungeons_plus/structures/reanimated_ruins/ReanimatedRuinsType
[20Dec2025 16:16:07.065] [modloading-worker-0/INFO] [ironfurnaces.IronFurnaces/]: Initializing Update Checker...
[20Dec2025 16:16:07.067] [ Iron Furnaces Update Checker/INFO] [ironfurnaces.IronFurnaces/]: Starting Update Check...
[20Dec2025 16:16:07.082] [modloading-worker-0/INFO] [com.teampotato.redirector.Redirector/]: Redirecting top/theillusivec4/curios/client/CuriosClientConfig$Client$ButtonCorner
[20Dec2025 16:16:07.096] [modloading-worker-0/INFO] [io.github.apace100.origins.Origins/]: Origins 1.19.2-1.7.1.7 is initializing. Have fun!
[20Dec2025 16:16:07.245] [modloading-worker-0/INFO] [com.teampotato.redirector.Redirector/]: Redirecting net/minecraft/world/entity/HumanoidArm
[20Dec2025 16:16:07.352] [modloading-worker-0/INFO] [com.teampotato.redirector.Redirector/]: Redirecting net/minecraft/world/level/GameRules$Category
[20Dec2025 16:16:07.400] [modloading-worker-0/INFO] [com.aetherteam.cumulus.Cumulus/]: Disabling Cumulus as it is on server.
[20Dec2025 16:16:07.480] [modloading-worker-0/INFO] [com.teampotato.redirector.Redirector/]: Redirecting com/majruszlibrary/animations/AnimationsDef$Easing
[20Dec2025 16:16:07.633] [modloading-worker-0/INFO] [com.teampotato.redirector.Redirector/]: Redirecting com/bobmowzie/mowziesmobs/server/creativetab/CreativeTabHandler
[20Dec2025 16:16:07.650] [modloading-worker-0/INFO] [com.teampotato.redirector.Redirector/]: Redirecting fuzs/puzzleslib/core/ContentRegistrationFlags
[20Dec2025 16:16:07.740] [modloading-worker-0/INFO] [com.teampotato.redirector.Redirector/]: Redirecting fuzs/puzzleslib/core/DistType
[20Dec2025 16:16:07.751] [modloading-worker-0/INFO] [Puzzles Lib/]: Constructing common components for mod mutantmonsters
[20Dec2025 16:16:07.802] [modloading-worker-0/INFO] [com.teampotato.redirector.Redirector/]: Redirecting fuzs/puzzleslib/core/ModLoader
[20Dec2025 16:16:07.820] [ Iron Furnaces Update Checker/INFO] [ironfurnaces.IronFurnaces/]: Update Check done!
[20Dec2025 16:16:07.820] [ Iron Furnaces Update Checker/INFO] [ironfurnaces.IronFurnaces/]: Iron Furnaces is up to date!
[20Dec2025 16:16:07.846] [modloading-worker-0/INFO] [com.teampotato.redirector.Redirector/]: Redirecting fuzs/puzzleslib/network/MessageDirection
[20Dec2025 16:16:07.869] [modloading-worker-0/INFO] [com.teampotato.redirector.Redirector/]: Redirecting fuzs/puzzleslib/api/biome/v1/BiomeLoadingPhase
[20Dec2025 16:16:07.872] [modloading-worker-0/INFO] [com.teampotato.redirector.Redirector/]: Redirecting net/minecraft/server/packs/PackType
[20Dec2025 16:16:07.898] [modloading-worker-0/INFO] [com.teampotato.redirector.Redirector/]: Redirecting com/chaosthedude/naturescompass/client/OverlaySide
[20Dec2025 16:16:07.906] [modloading-worker-0/INFO] [com.teampotato.redirector.Redirector/]: Redirecting virtuoel/pehkui/server/command/DebugCommand$PacketType
[20Dec2025 16:16:07.914] [modloading-worker-0/INFO] [net.minecraftforge.common.ForgeMod/FORGEMOD]: Forge mod loading, version 43.3.5, for MC 1.19.2 with MCP 20220805.130853
[20Dec2025 16:16:07.915] [modloading-worker-0/INFO] [net.minecraftforge.common.MinecraftForge/FORGE]: MinecraftForge v43.3.5 Initialized
[20Dec2025 16:16:07.931] [modloading-worker-0/INFO] [com.teampotato.redirector.Redirector/]: Redirecting com/progwml6/ironchest/common/item/IronChestsUpgradeType
[20Dec2025 16:16:07.932] [modloading-worker-0/INFO] [com.teampotato.redirector.Redirector/]: Redirecting com/progwml6/ironchest/common/block/IronChestsTypes
[20Dec2025 16:16:08.015] [modloading-worker-0/INFO] [com.teampotato.redirector.Redirector/]: Redirecting com/blamejared/crafttweaker/api/util/HandleUtil$AccessType
[20Dec2025 16:16:08.026] [modloading-worker-0/INFO] [com.teampotato.redirector.Redirector/]: Redirecting com/blamejared/crafttweaker/api/ingredient/serializer/IngredientAnySerializer
[20Dec2025 16:16:08.032] [modloading-worker-0/INFO] [com.teampotato.redirector.Redirector/]: Redirecting net/bettercombat/logic/TargetHelper$Relation
[20Dec2025 16:16:08.035] [modloading-worker-0/INFO] [com.teampotato.redirector.Redirector/]: Redirecting com/blamejared/crafttweaker/api/ingredient/serializer/IngredientListSerializer
[20Dec2025 16:16:08.036] [modloading-worker-0/INFO] [com.teampotato.redirector.Redirector/]: Redirecting com/blamejared/crafttweaker/api/ingredient/serializer/IngredientTransformedSerializer
[20Dec2025 16:16:08.037] [modloading-worker-0/INFO] [com.teampotato.redirector.Redirector/]: Redirecting com/blamejared/crafttweaker/api/ingredient/serializer/IngredientConditionedSerializer
[20Dec2025 16:16:08.037] [modloading-worker-0/INFO] [com.teampotato.redirector.Redirector/]: Redirecting com/blamejared/crafttweaker/api/ingredient/serializer/IngredientPartialTagSerializer
[20Dec2025 16:16:08.075] [modloading-worker-0/INFO] [com.teampotato.redirector.Redirector/]: Redirecting net/bettercombat/Platform$Type
[20Dec2025 16:16:08.158] [modloading-worker-0/INFO] [xyz.apex.forge.commonality.Mods.CommonalityMod/]: Running Minecraft '1.19.2', & Forge '43.3.5' on Java '17.0.17, Ubuntu'
[20Dec2025 16:16:08.160] [modloading-worker-0/INFO] [com.teampotato.redirector.Redirector/]: Redirecting xyz/apex/forge/commonality/trust/TrustState
[20Dec2025 16:16:08.161] [modloading-worker-0/INFO] [TrustedSourceList/]: Loading BlackListed sources from remote... (https://api.stopmodreposts.org/minecraft/sites.txt)
[20Dec2025 16:16:08.170] [modloading-worker-0/INFO] [com.teampotato.redirector.Redirector/]: Redirecting com/blamejared/crafttweaker/api/ingredient/type/IIngredientEmpty
[20Dec2025 16:16:08.175] [modloading-worker-0/INFO] [com.teampotato.redirector.Redirector/]: Redirecting com/blamejared/crafttweaker/api/ingredient/type/IIngredientAny
[20Dec2025 16:16:08.177] [modloading-worker-0/INFO] [com.teampotato.redirector.Redirector/]: Redirecting net/mehvahdjukaar/fastpaintings/DropMode
[20Dec2025 16:16:08.184] [modloading-worker-0/INFO] [com.teampotato.redirector.Redirector/]: Redirecting net/mehvahdjukaar/moonlight/api/platform/RegHelper$VariantType
[20Dec2025 16:16:08.188] [modloading-worker-0/INFO] [com.teampotato.redirector.Redirector/]: Redirecting net/mehvahdjukaar/moonlight/api/platform/PlatformHelper$Env
[20Dec2025 16:16:08.190] [modloading-worker-0/INFO] [com.teampotato.redirector.Redirector/]: Redirecting net/mehvahdjukaar/moonlight/api/platform/network/NetworkDir
[20Dec2025 16:16:08.192] [modloading-worker-0/INFO] [com.teampotato.redirector.Redirector/]: Redirecting net/mehvahdjukaar/moonlight/api/platform/configs/ConfigType
[20Dec2025 16:16:08.205] [modloading-worker-0/INFO] [com.teampotato.redirector.Redirector/]: Redirecting net/minecraft/world/Difficulty
[20Dec2025 16:16:08.206] [modloading-worker-0/INFO] [com.teampotato.redirector.Redirector/]: Redirecting net/minecraft/network/chat/ClickEvent$Action
[20Dec2025 16:16:08.209] [modloading-worker-0/INFO] [Calio/]: Calio 1.19.2-1.7.0.4 initializing...
[20Dec2025 16:16:08.215] [modloading-worker-0/INFO] [com.teampotato.redirector.Redirector/]: Redirecting com/blamejared/crafttweaker/api/loot/LootManager
[20Dec2025 16:16:08.217] [modloading-worker-0/INFO] [com.teampotato.redirector.Redirector/]: Redirecting com/blamejared/crafttweaker/api/loot/table/LootTableManager
[20Dec2025 16:16:08.219] [modloading-worker-0/INFO] [com.teampotato.redirector.Redirector/]: Redirecting com/blamejared/crafttweaker/api/loot/modifier/LootModifierManager
[20Dec2025 16:16:08.226] [modloading-worker-0/INFO] [com.teampotato.redirector.Redirector/]: Redirecting com/blamejared/crafttweaker/api/recipe/manager/FurnaceRecipeManager
[20Dec2025 16:16:08.228] [modloading-worker-0/INFO] [com.teampotato.redirector.Redirector/]: Redirecting com/blamejared/crafttweaker/api/recipe/manager/StoneCutterManager
[20Dec2025 16:16:08.228] [modloading-worker-0/INFO] [com.teampotato.redirector.Redirector/]: Redirecting net/minecraft/world/inventory/RecipeBookType
[20Dec2025 16:16:08.228] [modloading-worker-0/INFO] [com.teampotato.redirector.Redirector/]: Redirecting com/blamejared/crafttweaker/api/recipe/manager/BlastFurnaceRecipeManager
[20Dec2025 16:16:08.228] [modloading-worker-0/INFO] [com.teampotato.redirector.Redirector/]: Redirecting net/minecraft/world/level/saveddata/maps/MapDecoration$Type
[20Dec2025 16:16:08.229] [modloading-worker-0/INFO] [com.teampotato.redirector.Redirector/]: Redirecting com/blamejared/crafttweaker/api/recipe/manager/CraftingTableRecipeManager
[20Dec2025 16:16:08.230] [modloading-worker-0/INFO] [com.teampotato.redirector.Redirector/]: Redirecting com/blamejared/crafttweaker/api/recipe/manager/SmithingRecipeManager
[20Dec2025 16:16:08.231] [modloading-worker-0/INFO] [com.teampotato.redirector.Redirector/]: Redirecting com/blamejared/crafttweaker/api/recipe/manager/GenericRecipesManager
[20Dec2025 16:16:08.231] [modloading-worker-0/INFO] [com.teampotato.redirector.Redirector/]: Redirecting com/blamejared/crafttweaker/api/recipe/manager/CampFireRecipeManager
[20Dec2025 16:16:08.232] [modloading-worker-0/INFO] [com.teampotato.redirector.Redirector/]: Redirecting com/blamejared/crafttweaker/api/recipe/manager/SmokerRecipeManager
[20Dec2025 16:16:08.236] [modloading-worker-0/INFO] [com.teampotato.redirector.Redirector/]: Redirecting com/blamejared/crafttweaker/api/recipe/MirrorAxis
[20Dec2025 16:16:08.261] [modloading-worker-0/INFO] [com.teampotato.redirector.Redirector/]: Redirecting com/mojang/math/OctahedralGroup
[20Dec2025 16:16:08.288] [modloading-worker-0/INFO] [com.teampotato.redirector.Redirector/]: Redirecting net/minecraft/world/phys/HitResult$Type
[20Dec2025 16:16:08.405] [modloading-worker-0/INFO] [com.teampotato.redirector.Redirector/]: Redirecting net/minecraft/world/entity/SpawnPlacements$Type
[20Dec2025 16:16:08.439] [modloading-worker-0/INFO] [Puzzles Lib/]: Constructing common components for mod puzzleslib
[20Dec2025 16:16:08.457] [modloading-worker-0/INFO] [com.teampotato.redirector.Redirector/]: Redirecting net/minecraft/advancements/FrameType
[20Dec2025 16:16:08.461] [modloading-worker-0/INFO] [com.teampotato.redirector.Redirector/]: Redirecting net/minecraftforge/fluids/capability/IFluidHandler$FluidAction
[20Dec2025 16:16:08.468] [modloading-worker-0/INFO] [com.teampotato.redirector.Redirector/]: Redirecting com/teammetallurgy/aquaculture/entity/FishType
[20Dec2025 16:16:08.493] [modloading-worker-0/INFO] [TrustedSourceList/]: Loaded 564 BlackListed sources from remote
[20Dec2025 16:16:08.493] [modloading-worker-0/INFO] [TrustManager/]: Loading mod 'commonality' TrustWorthiness...
[20Dec2025 16:16:08.494] [modloading-worker-0/FATAL] [TrustManager/]: Could not determine mod trust worthiness, Assuming Jar was downloaded from trusted source!
[20Dec2025 16:16:08.494] [modloading-worker-0/INFO] [TrustManager/]: Loaded mod 'commonality' TrustWorthiness: UNKNOWN
[20Dec2025 16:16:08.509] [modloading-worker-0/INFO] [com.teampotato.redirector.Redirector/]: Redirecting net/minecraftforge/event/level/PistonEvent$PistonMoveType
[20Dec2025 16:16:08.521] [Modding Legacy/blue_skies/Supporters thread/INFO] [ModdingLegacy/blue_skies/Supporter/]: Attempting to load the Modding Legacy supporters list from https://moddinglegacy.com/supporters-changelogs/supporters.txt
[20Dec2025 16:16:08.529] [modloading-worker-0/INFO] [com.teampotato.redirector.Redirector/]: Redirecting net/minecraft/world/level/GameType
[20Dec2025 16:16:08.547] [modloading-worker-0/INFO] [com.teampotato.redirector.Redirector/]: Redirecting com/legacy/blue_skies/world/general_features/structures/villages/SkiesVillageBiomes
[20Dec2025 16:16:08.571] [modloading-worker-0/INFO] [com.teampotato.redirector.Redirector/]: Redirecting net/minecraft/world/level/material/MaterialColor$Brightness
[20Dec2025 16:16:08.579] [modloading-worker-0/INFO] [com.teampotato.redirector.Redirector/]: Redirecting com/hidoni/transmog/config/TransmogRenderOption
[20Dec2025 16:16:08.581] [modloading-worker-0/INFO] [com.teampotato.redirector.Redirector/]: Redirecting com/hidoni/transmog/config/TooltipDetailLevel
[20Dec2025 16:16:08.599] [modloading-worker-0/INFO] [com.teampotato.redirector.Redirector/]: Redirecting vectorwing/farmersdelight/client/recipebook/CookingPotRecipeBookTab
[20Dec2025 16:16:08.607] [modloading-worker-0/INFO] [com.teampotato.redirector.Redirector/]: Redirecting com/blamejared/crafttweaker/api/zencode/ZenTypeInfo$TypeKind
[20Dec2025 16:16:08.613] [modloading-worker-0/INFO] [ModernFix/]: Bypassed Mojang DFU
[20Dec2025 16:16:08.614] [modloading-worker-0/INFO] [ModernFix/]: Instantiating Mojang DFU
[20Dec2025 16:16:08.697] [modloading-worker-0/INFO] [com.teampotato.redirector.Redirector/]: Redirecting com/blamejared/crafttweaker/api/data/IData$Type
[20Dec2025 16:16:08.699] [modloading-worker-0/INFO] [com.teampotato.redirector.Redirector/]: Redirecting com/blamejared/crafttweaker/api/ingredient/transform/serializer/TransformerReuseSerializer
[20Dec2025 16:16:08.708] [modloading-worker-0/INFO] [com.teampotato.redirector.Redirector/]: Redirecting org/openzen/zenscript/codemodel/type/BasicTypeID
[20Dec2025 16:16:08.721] [modloading-worker-0/INFO] [com.teampotato.redirector.Redirector/]: Redirecting org/openzen/zencode/java/ZenCodeType$OperatorType
[20Dec2025 16:16:08.758] [modloading-worker-0/INFO] [com.teampotato.redirector.Redirector/]: Redirecting org/openzen/zenscript/codemodel/OperatorType
[20Dec2025 16:16:08.773] [Modding Legacy/blue_skies/Supporters thread/INFO] [com.teampotato.redirector.Redirector/]: Redirecting com/legacy/blue_skies/MLSupporter$Rank
[20Dec2025 16:16:08.775] [Modding Legacy/blue_skies/Supporters thread/INFO] [ModdingLegacy/blue_skies/Supporter/]: Successfully loaded the Modding Legacy supporters list.
[20Dec2025 16:16:08.867] [modloading-worker-0/INFO] [com.teampotato.redirector.Redirector/]: Redirecting net/minecraft/world/level/pathfinder/BlockPathTypes
[20Dec2025 16:16:08.952] [modloading-worker-0/INFO] [com.teampotato.redirector.Redirector/]: Redirecting com/aetherteam/aether/recipe/AetherBookCategory
[20Dec2025 16:16:08.997] [modloading-worker-0/INFO] [com.teampotato.redirector.Redirector/]: Redirecting dev/latvian/mods/kubejs/script/ScriptType
[20Dec2025 16:16:09.022] [modloading-worker-0/INFO] [com.teampotato.redirector.Redirector/]: Redirecting teamrazor/deepaether/entity/quail/QuailVariants
[20Dec2025 16:16:09.032] [modloading-worker-0/INFO] [com.teampotato.redirector.Redirector/]: Redirecting terrablender/api/SurfaceRuleManager$RuleCategory
[20Dec2025 16:16:09.060] [modloading-worker-0/INFO] [com.teampotato.redirector.Redirector/]: Redirecting net/p3pp3rf1y/sophisticatedcore/client/gui/SortButtonsPosition
[20Dec2025 16:16:09.102] [modloading-worker-0/INFO] [insane96mcp.insanelib.InsaneLib/]: Found (COMMON) InsaneLib Feature class insane96mcp.insanelib.module.base.feature.TagsFeature
[20Dec2025 16:16:09.106] [modloading-worker-0/INFO] [insane96mcp.insanelib.InsaneLib/]: Found (COMMON) InsaneLib Feature class insane96mcp.insanelib.module.base.feature.FixFeature
[20Dec2025 16:16:09.108] [modloading-worker-0/INFO] [insane96mcp.insanelib.InsaneLib/]: Found (COMMON) InsaneLib Feature class insane96mcp.insanelib.module.base.feature.AEC3DFeature
[20Dec2025 16:16:09.138] [modloading-worker-0/INFO] [net.minecraftforge.coremod.CoreMod.apotheosis/COREMODLOG]: Replaced 1 calls to Enchantment#getMaxLevel() in net/minecraft/world/entity/npc/VillagerTrades$EnchantBookForEmeralds
[20Dec2025 16:16:09.140] [modloading-worker-0/INFO] [net.minecraftforge.coremod.CoreMod.apotheosis/COREMODLOG]: Replaced 1 calls to Enchantment#isTreasureOnly() in net/minecraft/world/entity/npc/VillagerTrades$EnchantBookForEmeralds
[20Dec2025 16:16:09.140] [modloading-worker-0/INFO] [net.minecraftforge.coremod.CoreMod.apotheosis/COREMODLOG]: Replaced 1 calls to Enchantment#isTradeable() in net/minecraft/world/entity/npc/VillagerTrades$EnchantBookForEmeralds
[20Dec2025 16:16:09.202] [modloading-worker-0/INFO] [com.teampotato.redirector.Redirector/]: Redirecting com/blamejared/crafttweaker/impl/network/message/ClientMessages
[20Dec2025 16:16:09.218] [modloading-worker-0/INFO] [com.teampotato.redirector.Redirector/]: Redirecting net/darkhax/bookshelf/api/PhysicalSide
[20Dec2025 16:16:09.220] [modloading-worker-0/INFO] [Bookshelf/]: Fixing MC-151457. Crafting remainder for minecraft:pufferfish_bucket is now minecraft:bucket.
[20Dec2025 16:16:09.221] [modloading-worker-0/INFO] [Bookshelf/]: Fixing MC-151457. Crafting remainder for minecraft:salmon_bucket is now minecraft:bucket.
[20Dec2025 16:16:09.221] [modloading-worker-0/INFO] [Bookshelf/]: Fixing MC-151457. Crafting remainder for minecraft:cod_bucket is now minecraft:bucket.
[20Dec2025 16:16:09.222] [modloading-worker-0/INFO] [Bookshelf/]: Fixing MC-151457. Crafting remainder for minecraft:tropical_fish_bucket is now minecraft:bucket.
[20Dec2025 16:16:09.222] [modloading-worker-0/INFO] [Bookshelf/]: Fixing MC-151457. Crafting remainder for minecraft:axolotl_bucket is now minecraft:bucket.
[20Dec2025 16:16:09.222] [modloading-worker-0/INFO] [Bookshelf/]: Fixing MC-151457. Crafting remainder for minecraft:powder_snow_bucket is now minecraft:bucket.
[20Dec2025 16:16:09.224] [modloading-worker-0/INFO] [Bookshelf/]: Fixing MC-151457. Crafting remainder for minecraft:tadpole_bucket is now minecraft:bucket.
[20Dec2025 16:16:09.316] [modloading-worker-0/INFO] [com.teampotato.redirector.Redirector/]: Redirecting net/p3pp3rf1y/sophisticatedcore/upgrades/feeding/HungerLevel
[20Dec2025 16:16:09.324] [modloading-worker-0/INFO] [com.teampotato.redirector.Redirector/]: Redirecting net/p3pp3rf1y/sophisticatedbackpacks/upgrades/refill/RefillUpgradeWrapper$TargetSlot
[20Dec2025 16:16:09.337] [modloading-worker-0/INFO] [com.teampotato.redirector.Redirector/]: Redirecting net/p3pp3rf1y/sophisticatedbackpacks/upgrades/inception/InventoryOrder
[20Dec2025 16:16:09.341] [modloading-worker-0/INFO] [com.teampotato.redirector.Redirector/]: Redirecting net/p3pp3rf1y/sophisticatedbackpacks/upgrades/toolswapper/ToolSwapMode
[20Dec2025 16:16:09.350] [modloading-worker-0/INFO] [com.teampotato.redirector.Redirector/]: Redirecting net/p3pp3rf1y/sophisticatedcore/upgrades/xppump/AutomationDirection
[20Dec2025 16:16:09.429] [modloading-worker-0/INFO] [insane96mcp.insanelib.InsaneLib/]: Found (COMMON) InsaneLib Feature class insane96mcp.progressivebosses.module.wither.feature.RewardFeature
[20Dec2025 16:16:09.437] [modloading-worker-0/INFO] [insane96mcp.insanelib.InsaneLib/]: Found (COMMON) InsaneLib Feature class insane96mcp.progressivebosses.module.wither.feature.ResistancesFeature
[20Dec2025 16:16:09.440] [modloading-worker-0/INFO] [insane96mcp.insanelib.InsaneLib/]: Found (COMMON) InsaneLib Feature class insane96mcp.progressivebosses.module.wither.feature.MiscFeature
[20Dec2025 16:16:09.442] [modloading-worker-0/INFO] [net.minecraft.util.datafix.DataFixers/]: Building unoptimized datafixer
[20Dec2025 16:16:09.451] [modloading-worker-0/INFO] [insane96mcp.insanelib.InsaneLib/]: Found (COMMON) InsaneLib Feature class insane96mcp.progressivebosses.module.wither.feature.MinionFeature
[20Dec2025 16:16:09.456] [modloading-worker-0/INFO] [insane96mcp.insanelib.InsaneLib/]: Found (COMMON) InsaneLib Feature class insane96mcp.progressivebosses.module.wither.feature.HealthFeature
[20Dec2025 16:16:09.457] [modloading-worker-0/INFO] [insane96mcp.insanelib.InsaneLib/]: Found (COMMON) InsaneLib Feature class insane96mcp.progressivebosses.module.wither.feature.DifficultyFeature
[20Dec2025 16:16:09.458] [modloading-worker-0/INFO] [com.teampotato.redirector.Redirector/]: Redirecting insane96mcp/insanelib/util/IdTagMatcher$Type
[20Dec2025 16:16:09.464] [modloading-worker-0/INFO] [insane96mcp.insanelib.InsaneLib/]: Found (COMMON) InsaneLib Feature class insane96mcp.progressivebosses.module.wither.feature.AttackFeature
[20Dec2025 16:16:09.471] [modloading-worker-0/INFO] [insane96mcp.insanelib.InsaneLib/]: Found (COMMON) InsaneLib Feature class insane96mcp.progressivebosses.module.elderguardian.feature.RewardFeature
[20Dec2025 16:16:09.476] [modloading-worker-0/INFO] [insane96mcp.insanelib.InsaneLib/]: Found (COMMON) InsaneLib Feature class insane96mcp.progressivebosses.module.elderguardian.feature.ResistancesFeature
[20Dec2025 16:16:09.481] [modloading-worker-0/INFO] [insane96mcp.insanelib.InsaneLib/]: Found (COMMON) InsaneLib Feature class insane96mcp.progressivebosses.module.elderguardian.feature.MinionFeature
[20Dec2025 16:16:09.488] [modloading-worker-0/INFO] [insane96mcp.insanelib.InsaneLib/]: Found (COMMON) InsaneLib Feature class insane96mcp.progressivebosses.module.elderguardian.feature.HealthFeature
[20Dec2025 16:16:09.492] [modloading-worker-0/INFO] [insane96mcp.insanelib.InsaneLib/]: Found (COMMON) InsaneLib Feature class insane96mcp.progressivebosses.module.elderguardian.feature.BaseFeature
[20Dec2025 16:16:09.493] [modloading-worker-0/INFO] [de.keksuccino.melody.Melody/]: [MELODY] Disabling Melody since it's loaded server-side.
[20Dec2025 16:16:09.495] [modloading-worker-0/INFO] [insane96mcp.insanelib.InsaneLib/]: Found (COMMON) InsaneLib Feature class insane96mcp.progressivebosses.module.elderguardian.feature.AttackFeature
[20Dec2025 16:16:09.499] [modloading-worker-0/INFO] [insane96mcp.insanelib.InsaneLib/]: Found (COMMON) InsaneLib Feature class insane96mcp.progressivebosses.module.dragon.feature.RewardFeature
[20Dec2025 16:16:09.501] [modloading-worker-0/INFO] [insane96mcp.insanelib.InsaneLib/]: Found (COMMON) InsaneLib Feature class insane96mcp.progressivebosses.module.dragon.feature.ResistancesFeature
[20Dec2025 16:16:09.507] [modloading-worker-0/INFO] [com.teampotato.redirector.Redirector/]: Redirecting net/mehvahdjukaar/dummmmmmy/configs/CommonConfigs$DpsMode
[20Dec2025 16:16:09.517] [modloading-worker-0/INFO] [com.teampotato.redirector.Redirector/]: Redirecting net/mehvahdjukaar/dummmmmmy/configs/ClientConfigs$SkinType
[20Dec2025 16:16:09.524] [modloading-worker-0/WARN] [mixin/]: @Final field f_31201_:Lorg/slf4j/Logger; in progressivebosses.mixins.json:DragonChargePlayerPhaseMixin should be final
[20Dec2025 16:16:09.529] [modloading-worker-0/INFO] [insane96mcp.insanelib.InsaneLib/]: Found (COMMON) InsaneLib Feature class insane96mcp.progressivebosses.module.dragon.feature.MinionFeature
[20Dec2025 16:16:09.534] [modloading-worker-0/INFO] [insane96mcp.insanelib.InsaneLib/]: Found (COMMON) InsaneLib Feature class insane96mcp.progressivebosses.module.dragon.feature.LarvaFeature
[20Dec2025 16:16:09.536] [modloading-worker-0/INFO] [com.teampotato.redirector.Redirector/]: Redirecting top/theillusivec4/curios/api/type/capability/ICurio$DropRule
[20Dec2025 16:16:09.538] [modloading-worker-0/INFO] [insane96mcp.insanelib.InsaneLib/]: Found (COMMON) InsaneLib Feature class insane96mcp.progressivebosses.module.dragon.feature.HealthFeature
[20Dec2025 16:16:09.539] [modloading-worker-0/INFO] [com.teampotato.redirector.Redirector/]: Redirecting it/hurts/sskirillss/relics/items/relics/base/data/cast/misc/CastType
[20Dec2025 16:16:09.540] [modloading-worker-0/INFO] [com.teampotato.redirector.Redirector/]: Redirecting it/hurts/sskirillss/relics/items/relics/base/data/cast/misc/CastStage
[20Dec2025 16:16:09.546] [modloading-worker-0/INFO] [insane96mcp.insanelib.InsaneLib/]: Found (COMMON) InsaneLib Feature class insane96mcp.progressivebosses.module.dragon.feature.DifficultyFeature
[20Dec2025 16:16:09.548] [modloading-worker-0/INFO] [de.keksuccino.konkrete.Konkrete/]: [KONKRETE] Successfully initialized!
[20Dec2025 16:16:09.549] [modloading-worker-0/INFO] [de.keksuccino.konkrete.Konkrete/]: [KONKRETE] Server-side libs ready to use!
[20Dec2025 16:16:09.550] [modloading-worker-0/INFO] [insane96mcp.insanelib.InsaneLib/]: Found (COMMON) InsaneLib Feature class insane96mcp.progressivebosses.module.dragon.feature.CrystalFeature
[20Dec2025 16:16:09.556] [modloading-worker-0/INFO] [insane96mcp.insanelib.InsaneLib/]: Found (COMMON) InsaneLib Feature class insane96mcp.progressivebosses.module.dragon.feature.AttackFeature
[20Dec2025 16:16:09.768] [modloading-worker-0/INFO] [com.teampotato.redirector.Redirector/]: Redirecting vazkii/patchouli/common/base/PatchouliConfig$TextOverflowMode
[20Dec2025 16:16:09.900] [modloading-worker-0/INFO] [dev.limonblaze.originsclasses.OriginsClasses/]: Origins:Classes 1.2.1 has initialized. Time for work!
[20Dec2025 16:16:09.909] [modloading-worker-0/INFO] [com.teampotato.redirector.Redirector/]: Redirecting dev/limonblaze/originsclasses/common/event/ModifyCraftResultEvent$CraftingResultType
[20Dec2025 16:16:09.923] [modloading-worker-0/INFO] [com.teampotato.redirector.Redirector/]: Redirecting net/minecraft/world/item/FireworkRocketItem$Shape
[20Dec2025 16:16:09.925] [modloading-worker-0/INFO] [com.teampotato.redirector.Redirector/]: Redirecting dev/architectury/networking/NetworkManager$Side
[20Dec2025 16:16:09.929] [modloading-worker-0/INFO] [com.teampotato.redirector.Redirector/]: Redirecting dev/architectury/utils/Env
[20Dec2025 16:16:09.938] [modloading-worker-0/INFO] [dev.architectury.networking.forge.NetworkManagerImpl/]: Registering C2S receiver with id architectury:sync_ids
[20Dec2025 16:16:09.942] [modloading-worker-0/INFO] [dev.architectury.networking.forge.NetworkManagerImpl/]: Registering C2S receiver with id ftbultimine:key_pressed
[20Dec2025 16:16:09.942] [modloading-worker-0/INFO] [dev.architectury.networking.forge.NetworkManagerImpl/]: Registering C2S receiver with id ftbultimine:mode_changed
[20Dec2025 16:16:09.946] [modloading-worker-0/INFO] [dev.architectury.networking.forge.NetworkManagerImpl/]: Registering C2S receiver with id ftbultimine:sync_config_to_server
[20Dec2025 16:16:09.953] [modloading-worker-0/INFO] [com.teampotato.redirector.Redirector/]: Redirecting dev/ftb/mods/ftbultimine/net/SyncUltimineTimePacket$TimeType
[20Dec2025 16:16:10.005] [modloading-worker-0/INFO] [com.teampotato.redirector.Redirector/]: Redirecting top/theillusivec4/curios/api/SlotTypePreset
[20Dec2025 16:16:10.040] [modloading-worker-0/INFO] [Enigmatic Legacy/INFO]: Constructing mod instance...
[20Dec2025 16:16:10.046] [modloading-worker-0/INFO] [com.teampotato.redirector.Redirector/]: Redirecting com/aizistral/omniconfig/Configuration$SidedConfigType
[20Dec2025 16:16:10.052] [modloading-worker-0/INFO] [com.teampotato.redirector.Redirector/]: Redirecting com/aizistral/omniconfig/Configuration$VersioningPolicy
[20Dec2025 16:16:10.057] [modloading-worker-0/INFO] [com.teampotato.redirector.Redirector/]: Redirecting com/aizistral/omniconfig/Property$Type
[20Dec2025 16:16:10.062] [modloading-worker-0/INFO] [com.teampotato.redirector.Redirector/]: Redirecting com/mojang/math/SymmetricGroup3
[20Dec2025 16:16:10.273] [modloading-worker-0/INFO] [com.teampotato.redirector.Redirector/]: Redirecting com/aizistral/enigmaticlegacy/items/EnigmaticAmulet$AmuletColor
[20Dec2025 16:16:10.308] [modloading-worker-0/INFO] [com.teampotato.redirector.Redirector/]: Redirecting com/aizistral/enigmaticlegacy/api/materials/EnigmaticMaterials
[20Dec2025 16:16:10.309] [modloading-worker-0/INFO] [com.teampotato.redirector.Redirector/]: Redirecting com/aizistral/enigmaticlegacy/api/materials/EnigmaticArmorMaterials
[20Dec2025 16:16:10.367] [modloading-worker-0/INFO] [com.teampotato.redirector.Redirector/]: Redirecting timefall/mcsa/items/armor/ArmorSets
[20Dec2025 16:16:10.390] [modloading-worker-0/INFO] [Enigmatic Legacy/INFO]: Mod instance constructed successfully.
[20Dec2025 16:16:10.400] [modloading-worker-0/INFO] [dev.architectury.networking.forge.NetworkManagerImpl/]: Registering C2S receiver with id ftblibrary:edit_nbt_response
[20Dec2025 16:16:10.475] [modloading-worker-0/INFO] [dev.architectury.networking.forge.NetworkManagerImpl/]: Registering C2S receiver with id ftbteams:open_gui
[20Dec2025 16:16:10.482] [modloading-worker-0/INFO] [dev.architectury.networking.forge.NetworkManagerImpl/]: Registering C2S receiver with id ftbteams:update_settings
[20Dec2025 16:16:10.483] [modloading-worker-0/INFO] [dev.architectury.networking.forge.NetworkManagerImpl/]: Registering C2S receiver with id ftbteams:send_message
[20Dec2025 16:16:10.491] [modloading-worker-0/INFO] [dev.architectury.networking.forge.NetworkManagerImpl/]: Registering C2S receiver with id ftbteams:create_party
[20Dec2025 16:16:10.494] [modloading-worker-0/INFO] [com.teampotato.redirector.Redirector/]: Redirecting dev/ftb/mods/ftbteams/net/PlayerGUIOperationMessage$Operation
[20Dec2025 16:16:10.495] [modloading-worker-0/INFO] [dev.architectury.networking.forge.NetworkManagerImpl/]: Registering C2S receiver with id ftbteams:player_gui_operation
[20Dec2025 16:16:10.508] [modloading-worker-0/INFO] [com.teampotato.redirector.Redirector/]: Redirecting com/builtbroken/ai/improvements/modifier/filters/FilterResult
[20Dec2025 16:16:10.512] [modloading-worker-0/INFO] [com.cupboard.Cupboard/]: Loaded config for: cupboard.json
[20Dec2025 16:16:10.520] [modloading-worker-0/INFO] [com.teampotato.redirector.Redirector/]: Redirecting com/talhanation/smallships/world/entity/ship/Ship$BiomeModifierType
[20Dec2025 16:16:10.765] [modloading-worker-0/INFO] [com.teampotato.redirector.Redirector/]: Redirecting com/jayway/jsonpath/Option
[20Dec2025 16:16:10.782] [modloading-worker-0/INFO] [KubeJS/]: Looking for KubeJS plugins...
[20Dec2025 16:16:10.799] [modloading-worker-0/INFO] [KubeJS/]: Found plugin source kubejs
[20Dec2025 16:16:10.805] [modloading-worker-0/INFO] [com.teampotato.redirector.Redirector/]: Redirecting dev/ftb/mods/ftbquests/integration/RecipeModHelper$Components
[20Dec2025 16:16:10.810] [modloading-worker-0/INFO] [dev.architectury.networking.forge.NetworkManagerImpl/]: Registering C2S receiver with id itemfilters:main/14e7fa1454283aec8ae811ef844ada28
[20Dec2025 16:16:10.811] [modloading-worker-0/INFO] [KubeJS/]: Loaded common.properties
[20Dec2025 16:16:10.812] [modloading-worker-0/INFO] [KubeJS/]: Loaded dev.properties
[20Dec2025 16:16:10.812] [modloading-worker-0/WARN] [KubeJS/]: Plugin dev.latvian.mods.kubejs.forge.BuiltinKubeJSForgeClientPlugin does not load on server side, skipping
[20Dec2025 16:16:10.815] [modloading-worker-0/INFO] [dev.architectury.networking.forge.NetworkManagerImpl/]: Registering C2S receiver with id itemfilters:main/8f6a899247753217b9d86ab427a2b279
[20Dec2025 16:16:10.833] [modloading-worker-0/INFO] [com.teampotato.redirector.Redirector/]: Redirecting com/hypherionmc/craterlib/core/platform/Environment
[20Dec2025 16:16:10.840] [modloading-worker-0/INFO] [com.teampotato.redirector.Redirector/]: Redirecting dev/ftb/mods/ftbquests/quest/task/ObservationTask$ObserveType
[20Dec2025 16:16:10.847] [modloading-worker-0/INFO] [com.teampotato.redirector.Redirector/]: Redirecting com/obscuria/obscureapi/client/renderer/PatreonLayer$Mode
[20Dec2025 16:16:10.852] [modloading-worker-0/ERROR] [net.minecraftforge.eventbus.EventSubclassTransformer/EVENTBUS]: Could not find parent net/minecraft/client/renderer/entity/layers/RenderLayer for class com/obscuria/obscureapi/client/renderer/PatreonLayer in classloader cpw.mods.modlauncher.TransformingClassLoader@53525379 on thread Thread[modloading-worker-0,5,main]
[20Dec2025 16:16:10.852] [modloading-worker-0/ERROR] [net.minecraftforge.eventbus.EventSubclassTransformer/EVENTBUS]: An error occurred building event handler
java.lang.ClassNotFoundException: net.minecraft.client.renderer.entity.layers.RenderLayer
	at cpw.mods.cl.ModuleClassLoader.loadClass(ModuleClassLoader.java:141) ~[securejarhandler-2.1.4.jar:?]
	at java.lang.ClassLoader.loadClass(ClassLoader.java:525) ~[?:?]
	at net.minecraftforge.eventbus.EventSubclassTransformer.buildEvents(EventSubclassTransformer.java:92) ~[eventbus-6.0.3.jar%2351!/:?]
	at net.minecraftforge.eventbus.EventSubclassTransformer.transform(EventSubclassTransformer.java:44) ~[eventbus-6.0.3.jar%2351!/:?]
	at net.minecraftforge.eventbus.EventBusEngine.processClass(EventBusEngine.java:26) ~[eventbus-6.0.3.jar%2351!/:?]
	at net.minecraftforge.eventbus.service.ModLauncherService.processClassWithFlags(ModLauncherService.java:32) ~[eventbus-6.0.3.jar%2351!/:6.0.3+6.0.3+master.039e4ea9]
	at cpw.mods.modlauncher.LaunchPluginHandler.offerClassNodeToPlugins(LaunchPluginHandler.java:88) ~[modlauncher-10.0.8.jar%2354!/:?]
	at cpw.mods.modlauncher.ClassTransformer.transform(ClassTransformer.java:120) ~[modlauncher-10.0.8.jar%2354!/:?]
	at cpw.mods.modlauncher.TransformingClassLoader.maybeTransformClassBytes(TransformingClassLoader.java:50) ~[modlauncher-10.0.8.jar%2354!/:?]
	at cpw.mods.cl.ModuleClassLoader.readerToClass(ModuleClassLoader.java:113) ~[securejarhandler-2.1.4.jar:?]
	at cpw.mods.cl.ModuleClassLoader.lambda$findClass$15(ModuleClassLoader.java:219) ~[securejarhandler-2.1.4.jar:?]
	at cpw.mods.cl.ModuleClassLoader.loadFromModule(ModuleClassLoader.java:229) ~[securejarhandler-2.1.4.jar:?]
	at cpw.mods.cl.ModuleClassLoader.findClass(ModuleClassLoader.java:219) ~[securejarhandler-2.1.4.jar:?]
	at cpw.mods.cl.ModuleClassLoader.loadClass(ModuleClassLoader.java:135) ~[securejarhandler-2.1.4.jar:?]
	at java.lang.ClassLoader.loadClass(ClassLoader.java:525) ~[?:?]
	at java.lang.ClassLoader.defineClass0(Native Method) ~[?:?]
	at java.lang.System$2.defineClass(System.java:2324) ~[?:?]
	at java.lang.invoke.MethodHandles$Lookup$ClassDefiner.defineClass(MethodHandles.java:2439) ~[?:?]
	at java.lang.invoke.MethodHandles$Lookup$ClassDefiner.defineClassAsLookup(MethodHandles.java:2420) ~[?:?]
	at java.lang.invoke.MethodHandles$Lookup.defineHiddenClass(MethodHandles.java:2127) ~[?:?]
	at java.lang.invoke.InnerClassLambdaMetafactory.generateInnerClass(InnerClassLambdaMetafactory.java:407) ~[?:?]
	at java.lang.invoke.InnerClassLambdaMetafactory.spinInnerClass(InnerClassLambdaMetafactory.java:315) ~[?:?]
	at java.lang.invoke.InnerClassLambdaMetafactory.buildCallSite(InnerClassLambdaMetafactory.java:228) ~[?:?]
	at java.lang.invoke.LambdaMetafactory.metafactory(LambdaMetafactory.java:341) ~[?:?]
	at java.lang.invoke.BootstrapMethodInvoker.invoke(BootstrapMethodInvoker.java:134) ~[?:?]
	at java.lang.invoke.CallSite.makeSite(CallSite.java:315) ~[?:?]
	at java.lang.invoke.MethodHandleNatives.linkCallSiteImpl(MethodHandleNatives.java:281) ~[?:?]
	at java.lang.invoke.MethodHandleNatives.linkCallSite(MethodHandleNatives.java:271) ~[?:?]
	at com.obscuria.obscureapi.client.renderer.PatreonLayer$Mode.<clinit>(PatreonLayer.java:55) ~[obscure_api-15.jar%23447!/:15]
	at com.obscuria.obscureapi.ObscureAPIConfig$Client.<clinit>(ObscureAPIConfig.java:26) ~[obscure_api-15.jar%23447!/:15]
	at com.obscuria.obscureapi.ObscureAPIConfig.register(ObscureAPIConfig.java:42) ~[obscure_api-15.jar%23447!/:15]
	at com.obscuria.obscureapi.ObscureAPI.<init>(ObscureAPI.java:68) ~[obscure_api-15.jar%23447!/:15]
	at jdk.internal.reflect.NativeConstructorAccessorImpl.newInstance0(Native Method) ~[?:?]
	at jdk.internal.reflect.NativeConstructorAccessorImpl.newInstance(NativeConstructorAccessorImpl.java:77) ~[?:?]
	at jdk.internal.reflect.DelegatingConstructorAccessorImpl.newInstance(DelegatingConstructorAccessorImpl.java:45) ~[?:?]
	at java.lang.reflect.Constructor.newInstanceWithCaller(Constructor.java:500) ~[?:?]
	at java.lang.reflect.Constructor.newInstance(Constructor.java:481) ~[?:?]
	at net.minecraftforge.fml.javafmlmod.FMLModContainer.constructMod(FMLModContainer.java:70) ~[javafmllanguage-1.19.2-43.3.5.jar%23523!/:?]
	at net.minecraftforge.fml.ModContainer.lambda$buildTransitionHandler$10(ModContainer.java:121) ~[fmlcore-1.19.2-43.3.5.jar%23522!/:?]
	at java.util.concurrent.CompletableFuture$AsyncRun.run(CompletableFuture.java:1804) [?:?]
	at java.util.concurrent.CompletableFuture$AsyncRun.exec(CompletableFuture.java:1796) [?:?]
	at java.util.concurrent.ForkJoinTask.doExec(ForkJoinTask.java:373) [?:?]
	at java.util.concurrent.ForkJoinPool$WorkQueue.topLevelExec(ForkJoinPool.java:1182) [?:?]
	at java.util.concurrent.ForkJoinPool.scan(ForkJoinPool.java:1655) [?:?]
	at java.util.concurrent.ForkJoinPool.runWorker(ForkJoinPool.java:1622) [?:?]
	at java.util.concurrent.ForkJoinWorkerThread.run(ForkJoinWorkerThread.java:165) [?:?]
[20Dec2025 16:16:10.858] [modloading-worker-0/ERROR] [net.minecraftforge.fml.loading.RuntimeDistCleaner/DISTXFORM]: Attempted to load class com/obscuria/obscureapi/client/renderer/PatreonLayer for invalid dist DEDICATED_SERVER
[20Dec2025 16:16:10.879] [modloading-worker-0/INFO] [KubeJS/]: Found plugin source ftbxmodcompat
[20Dec2025 16:16:10.907] [modloading-worker-0/INFO] [dev.architectury.networking.forge.NetworkManagerImpl/]: Registering C2S receiver with id ftbquests:submit_task
[20Dec2025 16:16:10.906] [modloading-worker-0/INFO] [KubeJS/]: Done in 123.6 ms
[20Dec2025 16:16:10.908] [modloading-worker-0/INFO] [dev.architectury.networking.forge.NetworkManagerImpl/]: Registering C2S receiver with id ftbquests:claim_reward
[20Dec2025 16:16:10.914] [modloading-worker-0/INFO] [dev.architectury.networking.forge.NetworkManagerImpl/]: Registering C2S receiver with id ftbquests:get_emergency_items
[20Dec2025 16:16:10.917] [modloading-worker-0/INFO] [dev.architectury.networking.forge.NetworkManagerImpl/]: Registering C2S receiver with id ftbquests:claim_all_rewards
[20Dec2025 16:16:10.920] [modloading-worker-0/INFO] [dev.architectury.networking.forge.NetworkManagerImpl/]: Registering C2S receiver with id ftbquests:claim_choice_reward
[20Dec2025 16:16:10.922] [modloading-worker-0/INFO] [dev.architectury.networking.forge.NetworkManagerImpl/]: Registering C2S receiver with id ftbquests:toggle_pinned
[20Dec2025 16:16:10.931] [modloading-worker-0/INFO] [dev.architectury.networking.forge.NetworkManagerImpl/]: Registering C2S receiver with id ftbquests:toggle_chapter_pinned
[20Dec2025 16:16:10.935] [modloading-worker-0/INFO] [dev.architectury.networking.forge.NetworkManagerImpl/]: Registering C2S receiver with id ftbquests:toggle_editing_mode
[20Dec2025 16:16:10.951] [modloading-worker-0/INFO] [dev.architectury.networking.forge.NetworkManagerImpl/]: Registering C2S receiver with id ftbquests:force_save
[20Dec2025 16:16:10.956] [modloading-worker-0/INFO] [dev.architectury.networking.forge.NetworkManagerImpl/]: Registering C2S receiver with id ftbquests:set_custom_image
[20Dec2025 16:16:10.964] [modloading-worker-0/INFO] [dev.architectury.networking.forge.NetworkManagerImpl/]: Registering C2S receiver with id ftbquests:task_screen_config_resp
[20Dec2025 16:16:10.967] [modloading-worker-0/INFO] [com.teampotato.redirector.Redirector/]: Redirecting com/majruszsaccessories/common/AccessoryHolder$RandomType
[20Dec2025 16:16:10.973] [modloading-worker-0/INFO] [dev.architectury.networking.forge.NetworkManagerImpl/]: Registering C2S receiver with id ftbquests:change_progress
[20Dec2025 16:16:10.991] [modloading-worker-0/INFO] [dev.architectury.networking.forge.NetworkManagerImpl/]: Registering C2S receiver with id ftbquests:create_object
[20Dec2025 16:16:10.992] [modloading-worker-0/INFO] [dev.architectury.networking.forge.NetworkManagerImpl/]: Registering C2S receiver with id ftbquests:create_task_at
[20Dec2025 16:16:10.993] [modloading-worker-0/INFO] [dev.architectury.networking.forge.NetworkManagerImpl/]: Registering C2S receiver with id ftbquests:delete_object
[20Dec2025 16:16:10.994] [modloading-worker-0/INFO] [dev.architectury.networking.forge.NetworkManagerImpl/]: Registering C2S receiver with id ftbquests:edit_object
[20Dec2025 16:16:11.001] [modloading-worker-0/INFO] [dev.architectury.networking.forge.NetworkManagerImpl/]: Registering C2S receiver with id ftbquests:move_chapter
[20Dec2025 16:16:11.002] [modloading-worker-0/INFO] [dev.architectury.networking.forge.NetworkManagerImpl/]: Registering C2S receiver with id ftbquests:move_quest
[20Dec2025 16:16:11.003] [modloading-worker-0/INFO] [dev.architectury.networking.forge.NetworkManagerImpl/]: Registering C2S receiver with id ftbquests:change_chapter_group
[20Dec2025 16:16:11.006] [modloading-worker-0/INFO] [dev.architectury.networking.forge.NetworkManagerImpl/]: Registering C2S receiver with id ftbquests:move_chapter_group
[20Dec2025 16:16:11.008] [modloading-worker-0/INFO] [dev.architectury.networking.forge.NetworkManagerImpl/]: Registering C2S receiver with id ftbquests:copy_quest
[20Dec2025 16:16:11.014] [modloading-worker-0/INFO] [dev.architectury.networking.forge.NetworkManagerImpl/]: Registering C2S receiver with id ftbquests:copy_chapter_image
[20Dec2025 16:16:11.018] [modloading-worker-0/INFO] [dev.architectury.networking.forge.NetworkManagerImpl/]: Registering C2S receiver with id ftbquests:sync_structures_request
[20Dec2025 16:16:11.053] [modloading-worker-0/INFO] [FTB XMod Compat/]: FTB Quests: Enabled KubeJS integration
[20Dec2025 16:16:11.070] [modloading-worker-0/INFO] [FTB XMod Compat/]: [FTB Chunks] Enabled KubeJS integration
[20Dec2025 16:16:11.107] [modloading-worker-0/INFO] [com.teampotato.redirector.Redirector/]: Redirecting dev/ftb/mods/ftblibrary/config/Tristate
[20Dec2025 16:16:11.163] [modloading-worker-0/INFO] [com.teampotato.redirector.Redirector/]: Redirecting net/blay09/mods/waystones/config/DimensionalWarp
[20Dec2025 16:16:11.163] [modloading-worker-0/INFO] [com.teampotato.redirector.Redirector/]: Redirecting net/blay09/mods/waystones/config/WorldGenStyle
[20Dec2025 16:16:11.164] [modloading-worker-0/INFO] [com.teampotato.redirector.Redirector/]: Redirecting net/blay09/mods/waystones/worldgen/namegen/NameGenerationMode
[20Dec2025 16:16:11.206] [modloading-worker-0/INFO] [com.teampotato.redirector.Redirector/]: Redirecting lilypuree/decorative_blocks/blocks/types/VanillaWoodTypes
[20Dec2025 16:16:11.210] [modloading-worker-0/INFO] [com.teampotato.redirector.Redirector/]: Redirecting lilypuree/decorative_blocks/blocks/types/WoodDecorativeBlockTypes
[20Dec2025 16:16:11.215] [modloading-worker-0/INFO] [Dungeon Crawl/]: Here we go! Launching Dungeon Crawl 2.3.12...
[20Dec2025 16:16:11.243] [modloading-worker-0/INFO] [com.teampotato.redirector.Redirector/]: Redirecting com/chaosthedude/explorerscompass/client/OverlaySide
[20Dec2025 16:16:11.246] [modloading-worker-0/INFO] [Rhino Script Remapper/]: Loading Rhino Minecraft remapper...
[20Dec2025 16:16:11.246] [modloading-worker-0/INFO] [com.teampotato.redirector.Redirector/]: Redirecting dev/latvian/mods/rhino/mod/util/RhinoProperties
[20Dec2025 16:16:11.255] [modloading-worker-0/INFO] [dev.latvian.mods.rhino.mod.util.RhinoProperties/]: Rhino properties loaded.
[20Dec2025 16:16:11.259] [modloading-worker-0/INFO] [Rhino Script Remapper/]: Loading mappings for 1.19.2
[20Dec2025 16:16:11.269] [modloading-worker-0/INFO] [com.teampotato.redirector.Redirector/]: Redirecting com/teamabnormals/blueprint/common/world/storage/tracking/SyncType
[20Dec2025 16:16:11.273] [modloading-worker-0/INFO] [com.teampotato.redirector.Redirector/]: Redirecting com/teamabnormals/blueprint/common/world/storage/tracking/TrackedDataManager
[20Dec2025 16:16:11.353] [modloading-worker-0/INFO] [Rhino Script Remapper/]: Done in 0.107 s
[20Dec2025 16:16:11.362] [modloading-worker-0/INFO] [dev.architectury.networking.forge.NetworkManagerImpl/]: Registering C2S receiver with id ftbchunks:request_map_data
[20Dec2025 16:16:11.372] [modloading-worker-0/INFO] [dev.architectury.networking.forge.NetworkManagerImpl/]: Registering C2S receiver with id ftbchunks:request_chunk_change
[20Dec2025 16:16:11.373] [modloading-worker-0/INFO] [com.teampotato.redirector.Redirector/]: Redirecting dev/latvian/mods/rhino/TopLevel$Builtins
[20Dec2025 16:16:11.374] [modloading-worker-0/INFO] [com.teampotato.redirector.Redirector/]: Redirecting dev/latvian/mods/rhino/TopLevel$NativeErrors
[20Dec2025 16:16:11.377] [modloading-worker-0/INFO] [dev.architectury.networking.forge.NetworkManagerImpl/]: Registering C2S receiver with id ftbchunks:teleport_from_map
[20Dec2025 16:16:11.378] [modloading-worker-0/INFO] [com.teampotato.redirector.Redirector/]: Redirecting dev/latvian/mods/rhino/ScriptableObject$SlotAccess
[20Dec2025 16:16:11.382] [modloading-worker-0/INFO] [dev.architectury.networking.forge.NetworkManagerImpl/]: Registering C2S receiver with id ftbchunks:sync_tx
[20Dec2025 16:16:11.387] [modloading-worker-0/INFO] [com.teampotato.redirector.Redirector/]: Redirecting dev/latvian/mods/rhino/MemberType
[20Dec2025 16:16:11.391] [modloading-worker-0/INFO] [dev.architectury.networking.forge.NetworkManagerImpl/]: Registering C2S receiver with id ftbchunks:update_force_load_expiry
[20Dec2025 16:16:11.392] [modloading-worker-0/INFO] [dev.architectury.networking.forge.NetworkManagerImpl/]: Registering C2S receiver with id ftbchunks:server_config_request
[20Dec2025 16:16:11.403] [modloading-worker-0/INFO] [com.teampotato.redirector.Redirector/]: Redirecting dev/ftb/mods/ftblibrary/integration/stages/StageHelper
[20Dec2025 16:16:11.408] [modloading-worker-0/INFO] [FTB Library/]: Setting game stages provider implementation to: KubeJS Stages
[20Dec2025 16:16:11.408] [modloading-worker-0/INFO] [FTB XMod Compat/]: Chose [KubeJS Stages] as the active game stages implementation
[20Dec2025 16:16:11.409] [modloading-worker-0/INFO] [com.teampotato.redirector.Redirector/]: Redirecting dev/ftb/mods/ftblibrary/integration/permissions/PermissionHelper
[20Dec2025 16:16:11.410] [modloading-worker-0/INFO] [com.teampotato.redirector.Redirector/]: Redirecting dev/latvian/mods/rhino/ES6Generator$State
[20Dec2025 16:16:11.410] [modloading-worker-0/INFO] [FTB XMod Compat/]: Chose [FALLBACK] as the active permissions implementation
[20Dec2025 16:16:11.412] [modloading-worker-0/INFO] [FTB XMod Compat/]: [FTB Quests] recipe helper provider is [JEI]
[20Dec2025 16:16:11.418] [modloading-worker-0/INFO] [FTB XMod Compat/]: [FTB Chunks] Enabled Waystones integration
[20Dec2025 16:16:11.423] [modloading-worker-0/INFO] [com.teampotato.redirector.Redirector/]: Redirecting dev/latvian/mods/rhino/NativeCollectionIterator$Type
[20Dec2025 16:16:11.494] [modloading-worker-0/INFO] [com.teampotato.redirector.Redirector/]: Redirecting net/minecraft/world/level/storage/loot/functions/CopyNameFunction$NameSource
[20Dec2025 16:16:11.562] [modloading-worker-0/ERROR] [net.minecraftforge.fml.loading.RuntimeDistCleaner/DISTXFORM]: Attempted to load class com/mojang/blaze3d/vertex/PoseStack for invalid dist DEDICATED_SERVER
[20Dec2025 16:16:11.613] [modloading-worker-0/INFO] [com.teampotato.redirector.Redirector/]: Redirecting dev/latvian/mods/kubejs/util/RotationAxis
[20Dec2025 16:16:11.677] [modloading-worker-0/INFO] [com.teampotato.redirector.Redirector/]: Redirecting daripher/skilltree/skill/bonus/condition/item/PotionCondition$Type
[20Dec2025 16:16:11.683] [modloading-worker-0/INFO] [com.teampotato.redirector.Redirector/]: Redirecting dev/latvian/mods/rhino/ast/FunctionNode$Form
[20Dec2025 16:16:11.703] [modloading-worker-0/INFO] [com.teampotato.redirector.Redirector/]: Redirecting daripher/skilltree/compat/apotheosis/ApotheosisCompatibility
[20Dec2025 16:16:11.718] [modloading-worker-0/INFO] [com.teampotato.redirector.Redirector/]: Redirecting shadows/apotheosis/adventure/affix/AffixType
[20Dec2025 16:16:11.761] [modloading-worker-0/INFO] [com.teampotato.redirector.Redirector/]: Redirecting daripher/skilltree/skill/bonus/player/LootDuplicationBonus$LootType
[20Dec2025 16:16:11.775] [modloading-worker-0/INFO] [com.teampotato.redirector.Redirector/]: Redirecting dev/latvian/mods/kubejs/util/JSObjectType
[20Dec2025 16:16:11.776] [modloading-worker-0/INFO] [KubeJS Startup/]: Loaded script startup_scripts:carpgitemmod.js in 0.135 s
[20Dec2025 16:16:11.777] [modloading-worker-0/INFO] [KubeJS Startup/]: example.js#5: Hello, World! (Loaded startup scripts)
[20Dec2025 16:16:11.779] [modloading-worker-0/INFO] [KubeJS Startup/]: Loaded script startup_scripts:example.js in 0.002 s
[20Dec2025 16:16:11.789] [modloading-worker-0/INFO] [KubeJS Startup/]: Loaded 2/2 KubeJS startup scripts in 0.428 s
[20Dec2025 16:16:11.790] [modloading-worker-0/INFO] [com.teampotato.redirector.Redirector/]: Redirecting dev/latvian/mods/kubejs/event/EventResult$Type
[20Dec2025 16:16:11.843] [modloading-worker-0/INFO] [dev.architectury.networking.forge.NetworkManagerImpl/]: Registering C2S receiver with id kubejs:send_data_from_client
[20Dec2025 16:16:11.848] [modloading-worker-0/INFO] [dev.architectury.networking.forge.NetworkManagerImpl/]: Registering C2S receiver with id kubejs:first_click
[20Dec2025 16:16:11.856] [modloading-worker-0/INFO] [com.teampotato.redirector.Redirector/]: Redirecting de/maxhenkel/easyvillagers/ClientConfig$CycleTradesButtonLocation
[20Dec2025 16:16:11.940] [modloading-worker-0/OFF] [com.github.dragoni7.dreamland.Dreamland/]: Registered Dreamland Sound Types...
[20Dec2025 16:16:11.952] [modloading-worker-0/INFO] [com.teampotato.redirector.Redirector/]: Redirecting io/redspace/ironsspellbooks/api/spells/SpellRarity
[20Dec2025 16:16:12.054] [modloading-worker-0/OFF] [com.github.dragoni7.dreamland.Dreamland/]: Registered Dreamland Wood Sets
[20Dec2025 16:16:12.091] [modloading-worker-0/INFO] [TrustManager/]: Loading mod 'apexcore' TrustWorthiness...
[20Dec2025 16:16:12.091] [modloading-worker-0/FATAL] [TrustManager/]: Could not determine mod trust worthiness, Assuming Jar was downloaded from trusted source!
[20Dec2025 16:16:12.091] [modloading-worker-0/INFO] [TrustManager/]: Loaded mod 'apexcore' TrustWorthiness: UNKNOWN
[20Dec2025 16:16:12.099] [modloading-worker-0/INFO] [TrustManager/]: Loading mod 'fantasyfurniture' TrustWorthiness...
[20Dec2025 16:16:12.099] [modloading-worker-0/FATAL] [TrustManager/]: Could not determine mod trust worthiness, Assuming Jar was downloaded from trusted source!
[20Dec2025 16:16:12.100] [modloading-worker-0/INFO] [TrustManager/]: Loaded mod 'fantasyfurniture' TrustWorthiness: UNKNOWN
[20Dec2025 16:16:12.209] [modloading-worker-0/INFO] [com.teampotato.redirector.Redirector/]: Redirecting net/valhelsia/valhelsia_core/client/cosmetics/CosmeticsCategory
[20Dec2025 16:16:12.252] [modloading-worker-0/INFO] [com.teampotato.redirector.Redirector/]: Redirecting io/redspace/ironsspellbooks/gui/overlays/ManaBarOverlay$Display
[20Dec2025 16:16:12.253] [modloading-worker-0/INFO] [com.teampotato.redirector.Redirector/]: Redirecting io/redspace/ironsspellbooks/gui/overlays/ManaBarOverlay$Anchor
[20Dec2025 16:16:12.253] [modloading-worker-0/INFO] [com.teampotato.redirector.Redirector/]: Redirecting io/redspace/ironsspellbooks/gui/overlays/SpellBarOverlay$Anchor
[20Dec2025 16:16:12.254] [modloading-worker-0/INFO] [com.teampotato.redirector.Redirector/]: Redirecting io/redspace/ironsspellbooks/gui/overlays/RecastOverlay$Anchor
[20Dec2025 16:16:12.642] [main/INFO] [com.teampotato.redirector.Redirector/]: Redirecting com/blamejared/crafttweaker/api/ingredient/transform/serializer/TransformReplaceSerializer
[20Dec2025 16:16:12.643] [main/INFO] [com.teampotato.redirector.Redirector/]: Redirecting com/blamejared/crafttweaker/api/ingredient/transform/serializer/TransformDamageSerializer
[20Dec2025 16:16:12.643] [main/INFO] [com.teampotato.redirector.Redirector/]: Redirecting com/blamejared/crafttweaker/api/ingredient/transform/serializer/TransformCustomSerializer
[20Dec2025 16:16:12.644] [main/INFO] [com.teampotato.redirector.Redirector/]: Redirecting com/blamejared/crafttweaker/api/ingredient/condition/serializer/ConditionDamagedSerializer
[20Dec2025 16:16:12.644] [main/INFO] [com.teampotato.redirector.Redirector/]: Redirecting com/blamejared/crafttweaker/api/ingredient/condition/serializer/ConditionAnyDamagedSerializer
[20Dec2025 16:16:12.645] [main/INFO] [com.teampotato.redirector.Redirector/]: Redirecting com/blamejared/crafttweaker/api/ingredient/condition/serializer/ConditionCustomSerializer
[20Dec2025 16:16:12.648] [main/INFO] [com.teampotato.redirector.Redirector/]: Redirecting com/illusivesoulworks/spectrelib/config/SpectreConfig$Type
[20Dec2025 16:16:12.652] [main/INFO] [com.teampotato.redirector.Redirector/]: Redirecting com/illusivesoulworks/spectrelib/config/SpectreConfig$InstanceType
[20Dec2025 16:16:12.668] [main/INFO] [com.teampotato.redirector.Redirector/]: Redirecting com/github/kay9/dragonmounts/habitats/DragonBreathHabitat
[20Dec2025 16:16:12.675] [main/INFO] [com.teampotato.redirector.Redirector/]: Redirecting net/mehvahdjukaar/moonlight/api/fluids/SoftFluid$TintMethod
[20Dec2025 16:16:12.703] [main/INFO] [com.teampotato.redirector.Redirector/]: Redirecting io/github/apace100/origins/origin/Impact
[20Dec2025 16:16:12.852] [main/INFO] [com.teampotato.redirector.Redirector/]: Redirecting com/legacy/structure_gel/api/block/base/IStructureGel$Behavior
[20Dec2025 16:16:12.905] [main/INFO] [com.teampotato.redirector.Redirector/]: Redirecting com/tom/storagemod/block/AbstractStorageTerminalBlock$TerminalPos
[20Dec2025 16:16:13.089] [main/INFO] [com.teampotato.redirector.Redirector/]: Redirecting com/tom/storagemod/block/InventoryProxyBlock$DirectionWithNull
[20Dec2025 16:16:13.092] [main/INFO] [com.teampotato.redirector.Redirector/]: Redirecting com/bobmowzie/mowziesmobs/server/block/GongBlock$GongPart
[20Dec2025 16:16:13.093] [main/INFO] [com.teampotato.redirector.Redirector/]: Redirecting com/bobmowzie/mowziesmobs/server/block/RakedSandBlock$RakedSandShape
[20Dec2025 16:16:13.115] [main/INFO] [com.teampotato.redirector.Redirector/]: Redirecting vectorwing/farmersdelight/common/block/state/CookingPotSupport
[20Dec2025 16:16:13.234] [main/INFO] [com.teampotato.redirector.Redirector/]: Redirecting com/legacy/blue_skies/blocks/natural/BrewberryBushBlock$Type
[20Dec2025 16:16:13.244] [main/INFO] [com.teampotato.redirector.Redirector/]: Redirecting com/legacy/blue_skies/blocks/util/IFluidLoggable$FluidLogging
[20Dec2025 16:16:13.245] [main/INFO] [com.teampotato.redirector.Redirector/]: Redirecting com/legacy/blue_skies/blocks/natural/SkyDripstoneBlock$Section
[20Dec2025 16:16:13.245] [main/INFO] [com.teampotato.redirector.Redirector/]: Redirecting com/legacy/blue_skies/blocks/natural/SkyDripstoneBlock$Type
[20Dec2025 16:16:13.248] [main/INFO] [com.teampotato.redirector.Redirector/]: Redirecting com/legacy/blue_skies/blocks/natural/LargeLilyPadBlock$Corner
[20Dec2025 16:16:13.260] [main/INFO] [com.teampotato.redirector.Redirector/]: Redirecting com/legacy/blue_skies/blocks/natural/FruitLeavesBlock$Growth
[20Dec2025 16:16:13.291] [main/INFO] [com.teampotato.redirector.Redirector/]: Redirecting com/legacy/blue_skies/blocks/construction/SkyPressurePlateBlock$Sensitivity
[20Dec2025 16:16:13.295] [main/INFO] [com.teampotato.redirector.Redirector/]: Redirecting com/legacy/blue_skies/entities/util/SkiesDungeonType
[20Dec2025 16:16:13.322] [main/INFO] [com.teampotato.redirector.Redirector/]: Redirecting com/legacy/blue_skies/blocks/misc/TrophyBlock$Tier
[20Dec2025 16:16:13.570] [main/INFO] [com.teampotato.redirector.Redirector/]: Redirecting com/ninni/twigs/block/enums/TwigsColumnShape
[20Dec2025 16:16:13.636] [main/INFO] [com.teampotato.redirector.Redirector/]: Redirecting twilightforest/enums/FireJetVariant
[20Dec2025 16:16:13.639] [main/INFO] [com.teampotato.redirector.Redirector/]: Redirecting twilightforest/enums/HugeLilypadPiece
[20Dec2025 16:16:13.641] [main/INFO] [com.teampotato.redirector.Redirector/]: Redirecting twilightforest/enums/NagastoneVariant
[20Dec2025 16:16:13.642] [main/INFO] [com.teampotato.redirector.Redirector/]: Redirecting twilightforest/enums/Diagonals
[20Dec2025 16:16:13.649] [main/INFO] [com.teampotato.redirector.Redirector/]: Redirecting twilightforest/enums/BlockLoggingEnum
[20Dec2025 16:16:13.651] [main/INFO] [com.teampotato.redirector.Redirector/]: Redirecting twilightforest/block/AbstractLightableBlock$Lighting
[20Dec2025 16:16:13.659] [main/INFO] [com.teampotato.redirector.Redirector/]: Redirecting twilightforest/enums/TowerDeviceVariant
[20Dec2025 16:16:13.683] [main/INFO] [com.teampotato.redirector.Redirector/]: Redirecting twilightforest/enums/BossVariant
[20Dec2025 16:16:13.684] [main/INFO] [com.teampotato.redirector.Redirector/]: Redirecting twilightforest/enums/BossVariant$TrophyType
[20Dec2025 16:16:13.687] [main/INFO] [com.teampotato.redirector.Redirector/]: Redirecting twilightforest/enums/BanisterShape
[20Dec2025 16:16:13.690] [main/INFO] [com.teampotato.redirector.Redirector/]: Redirecting twilightforest/enums/HollowLogVariants$Horizontal
[20Dec2025 16:16:13.692] [main/INFO] [com.teampotato.redirector.Redirector/]: Redirecting twilightforest/enums/HollowLogVariants$Climbable
[20Dec2025 16:16:13.734] [main/INFO] [com.teampotato.redirector.Redirector/]: Redirecting com/teamremastered/endrem/blocks/ERFrameProperties
[20Dec2025 16:16:13.746] [main/INFO] [com.teampotato.redirector.Redirector/]: Redirecting com/github/L_Ender/cataclysm/blocks/Door_of_Seal_Block$Door_Of_Seal_Part
[20Dec2025 16:16:13.748] [main/INFO] [com.teampotato.redirector.Redirector/]: Redirecting com/github/L_Ender/cataclysm/blocks/Cataclysm_Skull_Block$Types
[20Dec2025 16:16:13.774] [main/INFO] [com.teampotato.redirector.Redirector/]: Redirecting com/hollingsworth/arsnouveau/common/block/ThreePartBlock
[20Dec2025 16:16:13.775] [main/INFO] [com.teampotato.redirector.Redirector/]: Redirecting net/minecraft/world/level/pathfinder/PathComputationType
[20Dec2025 16:16:13.776] [main/INFO] [com.teampotato.redirector.Redirector/]: Redirecting net/minecraft/world/level/block/RenderShape
[20Dec2025 16:16:13.911] [main/INFO] [com.teampotato.redirector.Redirector/]: Redirecting satisfyu/vinery/util/VineryLineConnectingType
[20Dec2025 16:16:13.967] [main/INFO] [com.teampotato.redirector.Redirector/]: Redirecting com/obscuria/aquamirae/common/blocks/OxygeliumBlock$Type
[20Dec2025 16:16:13.977] [main/INFO] [com.teampotato.redirector.Redirector/]: Redirecting lilypuree/decorative_blocks/blocks/state/SupportFaceShape
[20Dec2025 16:16:14.000] [main/INFO] [com.teampotato.redirector.Redirector/]: Redirecting com/cerbon/bosses_of_mass_destruction/block/custom/TripleBlockPart
[20Dec2025 16:16:14.006] [main/INFO] [com.teampotato.redirector.Redirector/]: Redirecting com/teamabnormals/blueprint/common/block/VerticalSlabBlock$VerticalSlabType
[20Dec2025 16:16:14.237] [main/INFO] [com.teampotato.redirector.Redirector/]: Redirecting com/teamabnormals/atmospheric/common/block/state/properties/PassionVineAttachment
[20Dec2025 16:16:14.249] [main/INFO] [com.teampotato.redirector.Redirector/]: Redirecting com/teamabnormals/blueprint/common/block/DirectionalVerticalSlabBlock$VerticalSlabType
[20Dec2025 16:16:14.355] [main/INFO] [com.teampotato.redirector.Redirector/]: Redirecting com/teamabnormals/atmospheric/common/block/state/properties/DragonRootsStage
[20Dec2025 16:16:14.360] [main/INFO] [com.teampotato.redirector.Redirector/]: Redirecting com/jaquadro/minecraft/storagedrawers/block/EnumCompDrawer
[20Dec2025 16:16:14.362] [main/INFO] [com.teampotato.redirector.Redirector/]: Redirecting com/jaquadro/minecraft/storagedrawers/block/EnumKeyType
[20Dec2025 16:16:14.468] [main/INFO] [com.teampotato.redirector.Redirector/]: Redirecting xyz/apex/forge/fantasyfurniture/common/block/decorations/CookieJarBlock$FillStage
[20Dec2025 16:16:14.550] [main/INFO] [com.teampotato.redirector.Redirector/]: Redirecting xyz/apex/forge/fantasyfurniture/common/block/furniture/FloorLightBlock$Part
[20Dec2025 16:16:14.553] [main/INFO] [com.teampotato.redirector.Redirector/]: Redirecting xyz/apex/forge/fantasyfurniture/common/block/furniture/ShelfBlock$Connection
[20Dec2025 16:16:14.554] [main/INFO] [com.teampotato.redirector.Redirector/]: Redirecting xyz/apex/forge/fantasyfurniture/common/block/furniture/SofaBlock$Connection
[20Dec2025 16:16:14.561] [main/INFO] [com.teampotato.redirector.Redirector/]: Redirecting xyz/apex/forge/fantasyfurniture/common/block/furniture/CounterBlock$Connection
[20Dec2025 16:16:14.646] [main/INFO] [com.teampotato.redirector.Redirector/]: Redirecting com/stal111/forbidden_arcanus/common/block/properties/PillarType
[20Dec2025 16:16:14.647] [main/INFO] [com.teampotato.redirector.Redirector/]: Redirecting com/stal111/forbidden_arcanus/common/block/properties/ObeliskPart
[20Dec2025 16:16:14.647] [main/INFO] [com.teampotato.redirector.Redirector/]: Redirecting com/stal111/forbidden_arcanus/common/block/properties/ClibanoCenterType
[20Dec2025 16:16:14.648] [main/INFO] [com.teampotato.redirector.Redirector/]: Redirecting com/stal111/forbidden_arcanus/common/block/properties/ClibanoSideType
[20Dec2025 16:16:14.745] [main/INFO] [com.teampotato.redirector.Redirector/]: Redirecting daripher/skilltree/skill/bonus/multiplier/NoneLivingMultiplier
[20Dec2025 16:16:14.746] [main/INFO] [com.teampotato.redirector.Redirector/]: Redirecting daripher/skilltree/skill/bonus/condition/living/NoneLivingCondition
[20Dec2025 16:16:14.747] [main/INFO] [com.teampotato.redirector.Redirector/]: Redirecting daripher/skilltree/skill/bonus/condition/damage/NoneDamageCondition
[20Dec2025 16:16:14.779] [main/ERROR] [net.minecraftforge.eventbus.EventSubclassTransformer/EVENTBUS]: Could not find parent net/minecraft/client/particle/TextureSheetParticle for class it/hurts/sskirillss/octolib/particle/BasicColoredParticle in classloader cpw.mods.modlauncher.TransformingClassLoader@53525379 on thread Thread[main,5,main]
[20Dec2025 16:16:14.779] [main/ERROR] [net.minecraftforge.eventbus.EventSubclassTransformer/EVENTBUS]: An error occurred building event handler
java.lang.ClassNotFoundException: net.minecraft.client.particle.TextureSheetParticle
	at cpw.mods.cl.ModuleClassLoader.loadClass(ModuleClassLoader.java:141) ~[securejarhandler-2.1.4.jar:?]
	at java.lang.ClassLoader.loadClass(ClassLoader.java:525) ~[?:?]
	at net.minecraftforge.eventbus.EventSubclassTransformer.buildEvents(EventSubclassTransformer.java:92) ~[eventbus-6.0.3.jar%2351!/:?]
	at net.minecraftforge.eventbus.EventSubclassTransformer.transform(EventSubclassTransformer.java:44) ~[eventbus-6.0.3.jar%2351!/:?]
	at net.minecraftforge.eventbus.EventBusEngine.processClass(EventBusEngine.java:26) ~[eventbus-6.0.3.jar%2351!/:?]
	at net.minecraftforge.eventbus.service.ModLauncherService.processClassWithFlags(ModLauncherService.java:32) ~[eventbus-6.0.3.jar%2351!/:6.0.3+6.0.3+master.039e4ea9]
	at cpw.mods.modlauncher.LaunchPluginHandler.offerClassNodeToPlugins(LaunchPluginHandler.java:88) ~[modlauncher-10.0.8.jar%2354!/:?]
	at cpw.mods.modlauncher.ClassTransformer.transform(ClassTransformer.java:120) ~[modlauncher-10.0.8.jar%2354!/:?]
	at cpw.mods.modlauncher.TransformingClassLoader.maybeTransformClassBytes(TransformingClassLoader.java:50) ~[modlauncher-10.0.8.jar%2354!/:?]
	at cpw.mods.cl.ModuleClassLoader.readerToClass(ModuleClassLoader.java:113) ~[securejarhandler-2.1.4.jar:?]
	at cpw.mods.cl.ModuleClassLoader.lambda$findClass$15(ModuleClassLoader.java:219) ~[securejarhandler-2.1.4.jar:?]
	at cpw.mods.cl.ModuleClassLoader.loadFromModule(ModuleClassLoader.java:229) ~[securejarhandler-2.1.4.jar:?]
	at cpw.mods.cl.ModuleClassLoader.findClass(ModuleClassLoader.java:219) ~[securejarhandler-2.1.4.jar:?]
	at cpw.mods.cl.ModuleClassLoader.loadClass(ModuleClassLoader.java:135) ~[securejarhandler-2.1.4.jar:?]
	at java.lang.ClassLoader.loadClass(ClassLoader.java:525) ~[?:?]
	at java.lang.ClassLoader.defineClass0(Native Method) ~[?:?]
	at java.lang.System$2.defineClass(System.java:2324) ~[?:?]
	at java.lang.invoke.MethodHandles$Lookup$ClassDefiner.defineClass(MethodHandles.java:2439) ~[?:?]
	at java.lang.invoke.MethodHandles$Lookup$ClassDefiner.defineClassAsLookup(MethodHandles.java:2420) ~[?:?]
	at java.lang.invoke.MethodHandles$Lookup.defineHiddenClass(MethodHandles.java:2127) ~[?:?]
	at java.lang.invoke.InnerClassLambdaMetafactory.generateInnerClass(InnerClassLambdaMetafactory.java:407) ~[?:?]
	at java.lang.invoke.InnerClassLambdaMetafactory.spinInnerClass(InnerClassLambdaMetafactory.java:315) ~[?:?]
	at java.lang.invoke.InnerClassLambdaMetafactory.buildCallSite(InnerClassLambdaMetafactory.java:228) ~[?:?]
	at java.lang.invoke.LambdaMetafactory.metafactory(LambdaMetafactory.java:341) ~[?:?]
	at java.lang.invoke.BootstrapMethodInvoker.invoke(BootstrapMethodInvoker.java:134) ~[?:?]
	at java.lang.invoke.CallSite.makeSite(CallSite.java:315) ~[?:?]
	at java.lang.invoke.MethodHandleNatives.linkCallSiteImpl(MethodHandleNatives.java:281) ~[?:?]
	at java.lang.invoke.MethodHandleNatives.linkCallSite(MethodHandleNatives.java:271) ~[?:?]
	at it.hurts.sskirillss.octolib.particle.BasicColoredParticle$Options.<clinit>(BasicColoredParticle.java:270) ~[octolib-1.19.2-0.3.jar%23448!/:1.19.2-0.3]
	at it.hurts.sskirillss.octolib.particle.BasicColoredParticle$Factory$Type.<init>(BasicColoredParticle.java:328) ~[octolib-1.19.2-0.3.jar%23448!/:1.19.2-0.3]
	at net.minecraftforge.registries.DeferredRegister.lambda$addEntries$1(DeferredRegister.java:388) ~[forge-1.19.2-43.3.5-universal.jar%23526!/:?]
	at net.minecraftforge.registries.RegisterEvent.register(RegisterEvent.java:59) ~[forge-1.19.2-43.3.5-universal.jar%23526!/:?]
	at net.minecraftforge.registries.DeferredRegister.addEntries(DeferredRegister.java:388) ~[forge-1.19.2-43.3.5-universal.jar%23526!/:?]
	at net.minecraftforge.registries.DeferredRegister$EventDispatcher.handleEvent(DeferredRegister.java:330) ~[forge-1.19.2-43.3.5-universal.jar%23526!/:?]
	at net.minecraftforge.registries.__EventDispatcher_handleEvent_RegisterEvent.invoke(.dynamic) ~[forge-1.19.2-43.3.5-universal.jar%23526!/:?]
	at net.minecraftforge.eventbus.ASMEventHandler.invoke(ASMEventHandler.java:73) ~[eventbus-6.0.3.jar%2351!/:?]
	at net.minecraftforge.eventbus.EventBus.post(EventBus.java:315) ~[eventbus-6.0.3.jar%2351!/:?]
	at net.minecraftforge.eventbus.EventBus.post(EventBus.java:296) ~[eventbus-6.0.3.jar%2351!/:?]
	at net.minecraftforge.fml.javafmlmod.FMLModContainer.acceptEvent(FMLModContainer.java:114) ~[javafmllanguage-1.19.2-43.3.5.jar%23523!/:?]
	at net.minecraftforge.fml.ModLoader.lambda$postEventWithWrapInModOrder$35(ModLoader.java:315) ~[fmlcore-1.19.2-43.3.5.jar%23522!/:?]
	at java.lang.Iterable.forEach(Iterable.java:75) ~[?:?]
	at net.minecraftforge.fml.ModList.forEachModInOrder(ModList.java:225) ~[fmlcore-1.19.2-43.3.5.jar%23522!/:?]
	at net.minecraftforge.fml.ModLoader.postEventWithWrapInModOrder(ModLoader.java:313) ~[fmlcore-1.19.2-43.3.5.jar%23522!/:?]
	at net.minecraftforge.registries.GameData.postRegisterEvents(GameData.java:341) ~[forge-1.19.2-43.3.5-universal.jar%23526!/:?]
	at net.minecraftforge.common.ForgeStatesProvider.lambda$new$4(ForgeStatesProvider.java:25) ~[forge-1.19.2-43.3.5-universal.jar%23526!/:?]
	at net.minecraftforge.fml.ModLoader.lambda$dispatchAndHandleError$23(ModLoader.java:207) ~[fmlcore-1.19.2-43.3.5.jar%23522!/:?]
	at java.util.Optional.ifPresent(Optional.java:178) ~[?:?]
	at net.minecraftforge.fml.ModLoader.dispatchAndHandleError(ModLoader.java:207) ~[fmlcore-1.19.2-43.3.5.jar%23522!/:?]
	at net.minecraftforge.fml.ModLoader.lambda$gatherAndInitializeMods$14(ModLoader.java:185) ~[fmlcore-1.19.2-43.3.5.jar%23522!/:?]
	at java.lang.Iterable.forEach(Iterable.java:75) ~[?:?]
	at net.minecraftforge.fml.ModLoader.gatherAndInitializeMods(ModLoader.java:185) ~[fmlcore-1.19.2-43.3.5.jar%23522!/:?]
	at net.minecraftforge.server.loading.ServerModLoader.load(ServerModLoader.java:32) ~[forge-1.19.2-43.3.5-universal.jar%23526!/:?]
	at net.minecraft.server.Main.main(Main.java:113) ~[server-1.19.2-20220805.130853-srg.jar%23521!/:?]
	at jdk.internal.reflect.NativeMethodAccessorImpl.invoke0(Native Method) ~[?:?]
	at jdk.internal.reflect.NativeMethodAccessorImpl.invoke(NativeMethodAccessorImpl.java:77) ~[?:?]
	at jdk.internal.reflect.DelegatingMethodAccessorImpl.invoke(DelegatingMethodAccessorImpl.java:43) ~[?:?]
	at java.lang.reflect.Method.invoke(Method.java:569) ~[?:?]
	at net.minecraftforge.fml.loading.targets.CommonServerLaunchHandler.lambda$launchService$0(CommonServerLaunchHandler.java:29) ~[fmlloader-1.19.2-43.3.5.jar%2367!/:?]
	at cpw.mods.modlauncher.LaunchServiceHandlerDecorator.launch(LaunchServiceHandlerDecorator.java:30) [modlauncher-10.0.8.jar%2354!/:?]
	at cpw.mods.modlauncher.LaunchServiceHandler.launch(LaunchServiceHandler.java:53) [modlauncher-10.0.8.jar%2354!/:?]
	at cpw.mods.modlauncher.LaunchServiceHandler.launch(LaunchServiceHandler.java:71) [modlauncher-10.0.8.jar%2354!/:?]
	at cpw.mods.modlauncher.Launcher.run(Launcher.java:106) [modlauncher-10.0.8.jar%2354!/:?]
	at cpw.mods.modlauncher.Launcher.main(Launcher.java:77) [modlauncher-10.0.8.jar%2354!/:?]
	at cpw.mods.modlauncher.BootstrapLaunchConsumer.accept(BootstrapLaunchConsumer.java:26) [modlauncher-10.0.8.jar%2354!/:?]
	at cpw.mods.modlauncher.BootstrapLaunchConsumer.accept(BootstrapLaunchConsumer.java:23) [modlauncher-10.0.8.jar%2354!/:?]
	at cpw.mods.bootstraplauncher.BootstrapLauncher.main(BootstrapLauncher.java:141) [bootstraplauncher-1.1.2.jar:?]
[20Dec2025 16:16:15.061] [main/ERROR] [net.minecraft.Util/]: Adding duplicate key 'ResourceKey[minecraft:worldgen/structure_processor / minecraft:capped]' to registry
[20Dec2025 16:16:15.061] [main/ERROR] [net.minecraft.Util/]: Adding duplicate value 'com.min01.archaeology.init.ArchaeologyStructureProcessorType$$Lambda$24537/0x00007ff9caf0b388@9d0929b' to registry
[20Dec2025 16:16:15.108] [main/INFO] [com.teampotato.redirector.Redirector/]: Redirecting com/bobmowzie/mowziesmobs/server/entity/umvuthana/MaskType
[20Dec2025 16:16:16.237] [main/INFO] [com.teampotato.redirector.Redirector/]: Redirecting com/legacy/blue_skies/world/general_features/structures/villages/SkiesVillageProfessions
[20Dec2025 16:16:16.345] [main/INFO] [com.teampotato.redirector.Redirector/]: Redirecting com/legacy/blue_skies/registries/SkiesSurfaceRules$CrystalRoughness
[20Dec2025 16:16:16.346] [main/INFO] [com.teampotato.redirector.Redirector/]: Redirecting com/legacy/blue_skies/registries/SkiesSurfaceRules$ReservoirMuddiness
[20Dec2025 16:16:16.358] [main/INFO] [com.teampotato.redirector.Redirector/]: Redirecting dev/limonblaze/oriacs/common/item/OriacsArmorMaterials
[20Dec2025 16:16:16.376] [main/INFO] [com.teampotato.redirector.Redirector/]: Redirecting com/rolfmao/upgradedcore/compat/ExternalMods
[20Dec2025 16:16:16.404] [main/INFO] [com.teampotato.redirector.Redirector/]: Redirecting com/rolfmao/upgradednetherite/utils/enums/ModItemTier
[20Dec2025 16:16:16.409] [main/INFO] [com.teampotato.redirector.Redirector/]: Redirecting com/rolfmao/upgradednetherite/utils/enums/ModArmorMaterial
[20Dec2025 16:16:16.470] [main/INFO] [com.teampotato.redirector.Redirector/]: Redirecting samebutdifferent/ecologics/entity/ModBoat$Type
[20Dec2025 16:16:16.473] [main/INFO] [com.teampotato.redirector.Redirector/]: Redirecting com/rolfmao/upgradednetherite_ultimate/utils/enums/ModItemTier
[20Dec2025 16:16:16.475] [main/INFO] [com.teampotato.redirector.Redirector/]: Redirecting com/rolfmao/upgradednetherite_ultimate/utils/enums/ModArmorMaterial
[20Dec2025 16:16:16.515] [main/INFO] [com.teampotato.redirector.Redirector/]: Redirecting com/legacy/blue_skies/items/util/SkiesItemTier
[20Dec2025 16:16:16.519] [main/INFO] [com.teampotato.redirector.Redirector/]: Redirecting com/legacy/blue_skies/items/util/SkiesArmorMaterial
[20Dec2025 16:16:16.525] [main/INFO] [com.teampotato.redirector.Redirector/]: Redirecting com/aetherteam/aether/item/combat/AetherItemTiers
[20Dec2025 16:16:16.530] [main/INFO] [com.teampotato.redirector.Redirector/]: Redirecting com/aetherteam/aether/item/combat/AetherArmorMaterials
[20Dec2025 16:16:16.547] [main/INFO] [com.teampotato.redirector.Redirector/]: Redirecting teamrazor/deepaether/init/DATiers
[20Dec2025 16:16:16.549] [main/INFO] [com.teampotato.redirector.Redirector/]: Redirecting teamrazor/deepaether/item/gear/DaArmorMaterials
[20Dec2025 16:16:16.552] [main/INFO] [com.teampotato.redirector.Redirector/]: Redirecting teamrazor/deepaether/entity/DABoatEntity$Type
[20Dec2025 16:16:16.566] [main/INFO] [com.teampotato.redirector.Redirector/]: Redirecting shadows/apotheosis/village/fletching/arrows/MiningArrowEntity$Type
[20Dec2025 16:16:16.576] [main/INFO] [com.teampotato.redirector.Redirector/]: Redirecting com/github/alexthe666/alexsmobs/item/ItemEcholocator$EchoType
[20Dec2025 16:16:16.587] [main/INFO] [com.teampotato.redirector.Redirector/]: Redirecting net/p3pp3rf1y/sophisticatedcore/upgrades/filter/Direction
[20Dec2025 16:16:16.609] [main/INFO] [com.teampotato.redirector.Redirector/]: Redirecting it/hurts/sskirillss/relics/items/relics/base/data/leveling/misc/UpgradeOperation
[20Dec2025 16:16:16.624] [main/INFO] [com.teampotato.redirector.Redirector/]: Redirecting com/izofar/bygonenether/item/ModArmorMaterial
[20Dec2025 16:16:16.626] [main/INFO] [com.teampotato.redirector.Redirector/]: Redirecting twilightforest/enums/TwilightArmorMaterial
[20Dec2025 16:16:16.665] [main/INFO] [com.teampotato.redirector.Redirector/]: Redirecting com/github/L_Ender/cataclysm/items/ModItemTier
[20Dec2025 16:16:16.667] [main/INFO] [com.teampotato.redirector.Redirector/]: Redirecting com/github/L_Ender/cataclysm/items/Armortier
[20Dec2025 16:16:16.711] [main/INFO] [com.teampotato.redirector.Redirector/]: Redirecting net/brnbrd/delightful/common/item/DelightfulTiers
[20Dec2025 16:16:16.724] [main/INFO] [com.teampotato.redirector.Redirector/]: Redirecting com/aizistral/enigmaticlegacy/items/RevelationTome$TomeType
[20Dec2025 16:16:16.740] [main/INFO] [com.teampotato.redirector.Redirector/]: Redirecting com/aizistral/enigmaticlegacy/api/items/IAdvancedPotionItem$PotionType
[20Dec2025 16:16:16.754] [main/INFO] [com.teampotato.redirector.Redirector/]: Redirecting net/mindoth/dreadsteel/item/armor/DreadsteelArmor$MaterialDreadsteel
[20Dec2025 16:16:16.755] [main/INFO] [com.teampotato.redirector.Redirector/]: Redirecting net/mindoth/dreadsteel/item/weapon/DreadsteelTier
[20Dec2025 16:16:16.757] [main/INFO] [com.teampotato.redirector.Redirector/]: Redirecting dev/ftb/mods/ftbquests/item/ScreenBlockItem$ScreenSize
[20Dec2025 16:16:16.765] [main/INFO] [com.teampotato.redirector.Redirector/]: Redirecting com/obscuria/obscureapi/api/common/classes/Ability$Cost$Type
[20Dec2025 16:16:16.767] [main/INFO] [com.teampotato.redirector.Redirector/]: Redirecting com/obscuria/obscureapi/api/common/classes/Ability$Style
[20Dec2025 16:16:16.769] [main/INFO] [com.teampotato.redirector.Redirector/]: Redirecting com/obscuria/obscureapi/api/common/classes/Bonus$Type
[20Dec2025 16:16:16.770] [main/INFO] [com.teampotato.redirector.Redirector/]: Redirecting com/obscuria/obscureapi/api/common/classes/Bonus$Operation
[20Dec2025 16:16:16.803] [main/INFO] [com.teampotato.redirector.Redirector/]: Redirecting net/sweenus/simplyswords/item/ModToolMaterial
[20Dec2025 16:16:16.851] [main/INFO] [com.teampotato.redirector.Redirector/]: Redirecting com/jaquadro/minecraft/storagedrawers/item/EnumUpgradeStorage
[20Dec2025 16:16:16.853] [main/INFO] [com.teampotato.redirector.Redirector/]: Redirecting com/jaquadro/minecraft/storagedrawers/item/EnumUpgradeRedstone
[20Dec2025 16:16:16.864] [main/INFO] [com.teampotato.redirector.Redirector/]: Redirecting io/redspace/ironsspellbooks/item/weapons/ExtendedWeaponTiers
[20Dec2025 16:16:16.868] [main/INFO] [com.teampotato.redirector.Redirector/]: Redirecting io/redspace/ironsspellbooks/item/armor/UpgradeTypes
[20Dec2025 16:16:16.871] [main/INFO] [com.teampotato.redirector.Redirector/]: Redirecting io/redspace/ironsspellbooks/item/armor/ExtendedArmorMaterials
[20Dec2025 16:16:16.883] [main/INFO] [com.teampotato.redirector.Redirector/]: Redirecting com/github/dragoni7/dreamland/core/registry/DreamlandArmorMaterials
[20Dec2025 16:16:16.921] [main/INFO] [com.teampotato.redirector.Redirector/]: Redirecting com/stal111/forbidden_arcanus/common/item/ModTiers
[20Dec2025 16:16:16.929] [main/INFO] [com.teampotato.redirector.Redirector/]: Redirecting com/stal111/forbidden_arcanus/common/entity/ModBoat$Type
[20Dec2025 16:16:16.930] [main/INFO] [com.teampotato.redirector.Redirector/]: Redirecting com/stal111/forbidden_arcanus/common/item/ModArmorMaterials
[20Dec2025 16:16:17.223] [main/INFO] [com.teampotato.redirector.Redirector/]: Redirecting com/blamejared/crafttweaker/impl/script/ScriptRecipeType
[20Dec2025 16:16:17.251] [main/INFO] [com.teampotato.redirector.Redirector/]: Redirecting com/legacy/blue_skies/crafting/ToolRecipe$Materials
[20Dec2025 16:16:17.254] [main/INFO] [com.teampotato.redirector.Redirector/]: Redirecting com/legacy/blue_skies/crafting/ToolRecipe$RecipeShapes
[20Dec2025 16:16:17.311] [main/INFO] [com.teampotato.redirector.Redirector/]: Redirecting com/hollingsworth/arsnouveau/api/recipe/SummonRitualRecipe$MobSource
[20Dec2025 16:16:17.336] [main/INFO] [com.teampotato.redirector.Redirector/]: Redirecting net/darkhax/bookshelf/impl/commands/CommandHand$OutputType
[20Dec2025 16:16:17.451] [main/ERROR] [net.minecraft.Util/]: Adding duplicate key 'ResourceKey[minecraft:worldgen/structure_type / bosses_of_mass_destruction:void_blossom]' to registry
[20Dec2025 16:16:17.452] [main/ERROR] [net.minecraft.Util/]: Adding duplicate value 'com.cerbon.bosses_of_mass_destruction.structure.BMDStructures$$Lambda$26882/0x00007ff9cb594628@50983559' to registry
[20Dec2025 16:16:17.568] [main/INFO] [com.teampotato.redirector.Redirector/]: Redirecting io/github/edwinmindcraft/apoli/common/action/meta/SideConfiguration$Side
[20Dec2025 16:16:17.582] [main/INFO] [com.teampotato.redirector.Redirector/]: Redirecting io/github/apace100/apoli/power/factory/condition/bientity/RelativeRotationCondition$RotationType
[20Dec2025 16:16:17.615] [main/INFO] [com.teampotato.redirector.Redirector/]: Redirecting net/minecraft/world/level/LightLayer
[20Dec2025 16:16:17.622] [main/INFO] [com.teampotato.redirector.Redirector/]: Redirecting io/github/edwinmindcraft/apoli/common/action/configuration/ReferencePoint
[20Dec2025 16:16:17.624] [main/INFO] [com.teampotato.redirector.Redirector/]: Redirecting io/github/apace100/apoli/util/Shape
[20Dec2025 16:16:17.698] [main/INFO] [com.teampotato.redirector.Redirector/]: Redirecting io/github/apace100/apoli/util/InventoryUtil$InventoryType
[20Dec2025 16:16:17.711] [main/INFO] [com.teampotato.redirector.Redirector/]: Redirecting io/github/edwinmindcraft/apoli/common/condition/configuration/EnchantmentConfiguration$Calculation
[20Dec2025 16:16:17.771] [main/INFO] [com.teampotato.redirector.Redirector/]: Redirecting io/github/edwinmindcraft/apoli/api/power/factory/ModifierOperation$Phase
[20Dec2025 16:16:17.811] [main/INFO] [com.teampotato.redirector.Redirector/]: Redirecting io/github/edwinmindcraft/apoli/common/power/InventoryPower$ContainerType
[20Dec2025 16:16:17.833] [main/INFO] [com.teampotato.redirector.Redirector/]: Redirecting io/github/edwinmindcraft/apoli/common/power/configuration/PhasingConfiguration$RenderType
[20Dec2025 16:16:17.866] [main/INFO] [com.teampotato.redirector.Redirector/]: Redirecting io/github/edwinmindcraft/apoli/common/power/configuration/OverlayConfiguration$DrawMode
[20Dec2025 16:16:17.866] [main/INFO] [com.teampotato.redirector.Redirector/]: Redirecting io/github/edwinmindcraft/apoli/common/power/configuration/OverlayConfiguration$DrawPhase
[20Dec2025 16:16:17.874] [main/INFO] [com.teampotato.redirector.Redirector/]: Redirecting io/github/edwinmindcraft/apoli/common/power/ModifyGrindstonePower$ResultType
[20Dec2025 16:16:17.954] [main/INFO] [com.teampotato.redirector.Redirector/]: Redirecting com/telepathicgrunt/repurposedstructures/world/biomemodifiers/AdditionsTemperatureModifier$TEMPERATURE_RANGE
[20Dec2025 16:16:18.174] [main/INFO] [mixin/]: Mixing MixinForgeHooks from enigmaticlegacy.mixins.json into net.minecraftforge.common.ForgeHooks
[20Dec2025 16:16:18.257] [main/INFO] [com.teampotato.redirector.Redirector/]: Redirecting com/izofar/bygonenether/entity/WarpedEnderMan$WarpedEnderManVariant
[20Dec2025 16:16:18.311] [main/INFO] [com.teampotato.redirector.Redirector/]: Redirecting net/minecraftforge/event/entity/SpawnPlacementRegisterEvent$Operation
[20Dec2025 16:16:18.343] [main/INFO] [com.tom.storagemod.StorageMod/]: Loaded Tom's Simple Storage config file toms_storage-common.toml
[20Dec2025 16:16:18.355] [main/INFO] [Puzzles Lib/]: Loading common config for mutantmonsters
[20Dec2025 16:16:18.389] [main/INFO] [com.teampotato.redirector.Redirector/]: Redirecting com/github/alexthe666/citadel/config/biome/BiomeEntryType
[20Dec2025 16:16:18.492] [main/INFO] [com.teampotato.redirector.Redirector/]: Redirecting com/github/L_Ender/lionfishapi/config/biome/BiomeEntryType
[20Dec2025 16:16:18.584] [modloading-worker-0/INFO] [com.teampotato.redirector.Redirector/]: Redirecting shadows/gateways/entity/GatewayEntity$GatewaySize
[20Dec2025 16:16:18.626] [modloading-worker-0/INFO] [com.teampotato.redirector.Redirector/]: Redirecting top/theillusivec4/curios/common/network/server/sync/SPacketSyncStack$HandlerType
[20Dec2025 16:16:18.632] [modloading-worker-0/INFO] [thetadev.constructionwand.ConstructionWand/]: ConstructionWand says hello - may the odds be ever in your favor.
[20Dec2025 16:16:18.645] [modloading-worker-0/INFO] [com.tom.storagemod.StorageMod/]: Tom's Storage Setup starting
[20Dec2025 16:16:18.648] [modloading-worker-0/INFO] [com.tom.storagemod.StorageMod/]: Initilaized Network Handler
[20Dec2025 16:16:18.664] [modloading-worker-0/INFO] [com.teampotato.redirector.Redirector/]: Redirecting mezz/jei/common/network/PacketIdServer
[20Dec2025 16:16:18.671] [modloading-worker-0/INFO] [com.teampotato.redirector.Redirector/]: Redirecting mezz/jei/common/config/GiveMode
[20Dec2025 16:16:18.677] [modloading-worker-0/INFO] [com.teampotato.redirector.Redirector/]: Redirecting com/hypherionmc/craterlib/core/networking/data/PacketSide
[20Dec2025 16:16:18.683] [modloading-worker-0/INFO] [com.teampotato.redirector.Redirector/]: Redirecting com/blamejared/crafttweaker/api/zencode/scriptrun/ScriptRunConfiguration$RunKind
[20Dec2025 16:16:18.687] [modloading-worker-0/INFO] [com.teampotato.redirector.Redirector/]: Redirecting com/blamejared/crafttweaker/api/zencode/scriptrun/ScriptDiscoveryConfiguration$SuspiciousNamesBehavior
[20Dec2025 16:16:18.692] [modloading-worker-0/INFO] [necronomicon/]: Necronomicon Initialized
[20Dec2025 16:16:18.695] [modloading-worker-0/INFO] [necronomicon/]: File exists, reading config for elocindev.necronomicon.NecronomiconConfig.
[20Dec2025 16:16:18.705] [modloading-worker-0/INFO] [CorgiLib/]: Initializing network...
[20Dec2025 16:16:18.706] [modloading-worker-0/INFO] [com.teampotato.redirector.Redirector/]: Redirecting corgitaco/corgilib/network/Packet$PacketDirection
[20Dec2025 16:16:18.707] [modloading-worker-0/INFO] [CorgiLib/]: Initialized network!
[20Dec2025 16:16:18.725] [modloading-worker-0/INFO] [necronomicon/]: Config for elocindev.necronomicon.NecronomiconConfig read successfully.
[20Dec2025 16:16:18.730] [modloading-worker-0/INFO] [com.biomemusic.BiomeMusic/]: biomemusic mod initialized
[20Dec2025 16:16:18.735] [modloading-worker-0/INFO] [com.chunksending.ChunkSending/]: chunksending mod initialized
[20Dec2025 16:16:18.741] [modloading-worker-0/INFO] [com.teampotato.redirector.Redirector/]: Redirecting com/blamejared/crafttweaker/impl/script/scriptrun/DecoratedRunKind
[20Dec2025 16:16:18.747] [modloading-worker-0/INFO] [com.recipeessentials.RecipeEssentials/]: recipeessentials mod initialized
[20Dec2025 16:16:18.788] [modloading-worker-0/INFO] [com.connectivity.Connectivity/]: Connectivity initialized
[20Dec2025 16:16:18.794] [modloading-worker-0/INFO] [com.teampotato.redirector.Redirector/]: Redirecting org/openzen/zenscript/lexer/ZSTokenType
[20Dec2025 16:16:18.802] [modloading-worker-0/INFO] [com.teampotato.redirector.Redirector/]: Redirecting shadows/apotheosis/adventure/boss/BossEvents$BossSpawnRules
[20Dec2025 16:16:18.840] [modloading-worker-0/INFO] [com.structureessentials.StructureEssentials/]: structureessentials mod initialized
[20Dec2025 16:16:18.843] [modloading-worker-0/INFO] [com.teampotato.redirector.Redirector/]: Redirecting com/aetherteam/nitrogen/api/users/User$Tier
[20Dec2025 16:16:18.861] [Forge Version Check/INFO] [net.minecraftforge.fml.VersionChecker/]: [saturn] Starting version check at https://github.com/AbdElAziz333/Saturn/raw/mc1.20.1/dev/updates.json
[20Dec2025 16:16:18.887] [modloading-worker-0/INFO] [com.teampotato.redirector.Redirector/]: Redirecting shadows/apotheosis/adventure/affix/effect/PotionAffix$Target
[20Dec2025 16:16:18.898] [modloading-worker-0/INFO] [com.teampotato.redirector.Redirector/]: Redirecting shadows/apotheosis/adventure/affix/effect/DamageReductionAffix$DamageType
[20Dec2025 16:16:18.932] [modloading-worker-0/INFO] [com.lootintegrations.LootintegrationsMod/]: lootintegrations mod initialized
[20Dec2025 16:16:18.933] [modloading-worker-0/INFO] [necronomicon/]: File exists, reading config for elocindev.item_obliterator.forge.config.ConfigEntries.
[20Dec2025 16:16:18.934] [modloading-worker-0/INFO] [necronomicon/]: Config for elocindev.item_obliterator.forge.config.ConfigEntries read successfully.
[20Dec2025 16:16:18.940] [modloading-worker-0/INFO] [elocindev.item_obliterator.forge.ItemObliterator/]: Loaded Item Obliterator Config
[20Dec2025 16:16:18.955] [modloading-worker-0/INFO] [com.teampotato.redirector.Redirector/]: Redirecting it/hurts/sskirillss/relics/network/packets/leveling/PacketRelicTweak$Operation
[20Dec2025 16:16:18.957] [modloading-worker-0/INFO] [com.teampotato.redirector.Redirector/]: Redirecting it/hurts/sskirillss/relics/network/packets/PacketSyncEntityEffects$Action
[20Dec2025 16:16:19.004] [modloading-worker-0/INFO] [com.teampotato.redirector.Redirector/]: Redirecting stdlib/Result$Discriminant
[20Dec2025 16:16:19.030] [modloading-worker-0/INFO] [com.teampotato.redirector.Redirector/]: Redirecting org/openzen/zenscript/parser/type/ParsedTypeBasic
[20Dec2025 16:16:19.103] [modloading-worker-0/INFO] [com.teampotato.redirector.Redirector/]: Redirecting org/openzen/zenscript/codemodel/CompareType
[20Dec2025 16:16:19.152] [modloading-worker-0/INFO] [com.teampotato.redirector.Redirector/]: Redirecting org/openzen/zenscript/codemodel/type/member/TypeMemberPriority
[20Dec2025 16:16:19.184] [Thread-0/INFO] [ModernFix/]: Please use /mfsrc to reload any changed mod config files
[20Dec2025 16:16:19.190] [modloading-worker-0/INFO] [com.teampotato.redirector.Redirector/]: Redirecting org/openzen/zenscript/codemodel/type/member/BuiltinID
[20Dec2025 16:16:19.204] [modloading-worker-0/INFO] [Enigmatic Legacy/INFO]: Initializing common setup phase...
[20Dec2025 16:16:19.205] [modloading-worker-0/INFO] [Enigmatic Legacy/INFO]: Registering packets...
[20Dec2025 16:16:19.212] [Forge Version Check/WARN] [net.minecraftforge.fml.VersionChecker/]: Failed to process update information
com.google.gson.JsonSyntaxException: java.lang.IllegalStateException: Expected BEGIN_OBJECT but was STRING at line 9 column 1 path $
	at com.google.gson.Gson.fromJson(Gson.java:975) ~[gson-2.8.9.jar%2370!/:?]
	at com.google.gson.Gson.fromJson(Gson.java:928) ~[gson-2.8.9.jar%2370!/:?]
	at com.google.gson.Gson.fromJson(Gson.java:877) ~[gson-2.8.9.jar%2370!/:?]
	at com.google.gson.Gson.fromJson(Gson.java:848) ~[gson-2.8.9.jar%2370!/:?]
	at net.minecraftforge.fml.VersionChecker$1.process(VersionChecker.java:183) ~[fmlcore-1.19.2-43.3.5.jar%23522!/:?]
	at java.lang.Iterable.forEach(Iterable.java:75) [?:?]
	at net.minecraftforge.fml.VersionChecker$1.run(VersionChecker.java:114) [fmlcore-1.19.2-43.3.5.jar%23522!/:?]
Caused by: java.lang.IllegalStateException: Expected BEGIN_OBJECT but was STRING at line 9 column 1 path $
	at com.google.gson.stream.JsonReader.beginObject(JsonReader.java:384) ~[gson-2.8.9.jar%2370!/:?]
	at com.google.gson.internal.bind.MapTypeAdapterFactory$Adapter.read(MapTypeAdapterFactory.java:183) ~[gson-2.8.9.jar%2370!/:?]
	at com.google.gson.internal.bind.MapTypeAdapterFactory$Adapter.read(MapTypeAdapterFactory.java:145) ~[gson-2.8.9.jar%2370!/:?]
	at com.google.gson.Gson.fromJson(Gson.java:963) ~[gson-2.8.9.jar%2370!/:?]
	... 6 more
[20Dec2025 16:16:19.213] [Forge Version Check/INFO] [net.minecraftforge.fml.VersionChecker/]: [majruszsdifficulty] Starting version check at https://raw.githubusercontent.com/Majrusz/MinecraftCommon/main/ProgressiveDifficulty/update.json
[20Dec2025 16:16:19.393] [modloading-worker-0/INFO] [com.teampotato.redirector.Redirector/]: Redirecting org/openzen/zenscript/codemodel/member/FunctionalKind
[20Dec2025 16:16:19.396] [Forge Version Check/INFO] [net.minecraftforge.fml.VersionChecker/]: [majruszsdifficulty] Found status: AHEAD Current: 1.9.9-backport.1 Target: null
[20Dec2025 16:16:19.403] [Forge Version Check/INFO] [net.minecraftforge.fml.VersionChecker/]: [maxhealthfix] Starting version check at https://updates.blamejared.com/get?n=maxhealthfix&gv=1.19.2
[20Dec2025 16:16:19.422] [modloading-worker-0/INFO] [Enigmatic Legacy/INFO]: Registering triggers...
[20Dec2025 16:16:19.444] [modloading-worker-0/INFO] [Enigmatic Legacy/INFO]: Registering stats...
[20Dec2025 16:16:19.444] [modloading-worker-0/INFO] [Enigmatic Legacy/INFO]: Common setup phase finished successfully.
[20Dec2025 16:16:19.446] [modloading-worker-0/INFO] [Dungeon Crawl/]: Common Setup
[20Dec2025 16:16:19.461] [modloading-worker-0/INFO] [com.teampotato.redirector.Redirector/]: Redirecting net/minecraft/world/entity/raid/Raid$RaiderType
[20Dec2025 16:16:19.472] [modloading-worker-0/INFO] [com.teampotato.redirector.Redirector/]: Redirecting org/openzen/zenscript/codemodel/SemanticModule$State
[20Dec2025 16:16:19.491] [modloading-worker-0/INFO] [com.teampotato.redirector.Redirector/]: Redirecting org/openzen/zenscript/validator/visitors/DefinitionMemberContext
[20Dec2025 16:16:19.495] [modloading-worker-0/INFO] [com.teampotato.redirector.Redirector/]: Redirecting org/openzen/zenscript/validator/TypeContext
[20Dec2025 16:16:19.510] [modloading-worker-0/INFO] [com.brutalbosses.BrutalBosses/]: brutalbosses mod initialized
[20Dec2025 16:16:19.541] [modloading-worker-0/INFO] [com.jaquadro.minecraft.storagedrawers.StorageDrawers/]: New compacting rule 4 clay_ball = 1 clay
[20Dec2025 16:16:19.543] [modloading-worker-0/INFO] [com.teampotato.redirector.Redirector/]: Redirecting io/redspace/ironsspellbooks/api/spells/CastSource
[20Dec2025 16:16:19.543] [modloading-worker-0/INFO] [com.jaquadro.minecraft.storagedrawers.StorageDrawers/]: New compacting rule 4 snowball = 1 snow_block
[20Dec2025 16:16:19.544] [modloading-worker-0/INFO] [com.jaquadro.minecraft.storagedrawers.StorageDrawers/]: New compacting rule 4 glowstone_dust = 1 glowstone
[20Dec2025 16:16:19.544] [modloading-worker-0/INFO] [com.jaquadro.minecraft.storagedrawers.StorageDrawers/]: New compacting rule 4 brick = 1 bricks
[20Dec2025 16:16:19.544] [modloading-worker-0/INFO] [com.jaquadro.minecraft.storagedrawers.StorageDrawers/]: New compacting rule 4 nether_brick = 1 nether_bricks
[20Dec2025 16:16:19.544] [modloading-worker-0/INFO] [com.jaquadro.minecraft.storagedrawers.StorageDrawers/]: New compacting rule 9 nether_wart = 1 nether_wart_block
[20Dec2025 16:16:19.544] [modloading-worker-0/INFO] [com.jaquadro.minecraft.storagedrawers.StorageDrawers/]: New compacting rule 4 quartz = 1 quartz_block
[20Dec2025 16:16:19.544] [modloading-worker-0/INFO] [com.jaquadro.minecraft.storagedrawers.StorageDrawers/]: New compacting rule 9 melon_slice = 1 melon
[20Dec2025 16:16:19.548] [modloading-worker-0/INFO] [com.jaquadro.minecraft.storagedrawers.StorageDrawers/]: New compacting rule 4 sand = 1 sandstone
[20Dec2025 16:16:19.548] [modloading-worker-0/INFO] [com.jaquadro.minecraft.storagedrawers.StorageDrawers/]: New compacting rule 4 red_sand = 1 red_sandstone
[20Dec2025 16:16:19.603] [modloading-worker-0/INFO] [com.jaquadro.minecraft.storagedrawers.StorageDrawers/]: New compacting rule 4 clay_ball = 1 clay
[20Dec2025 16:16:19.608] [modloading-worker-0/INFO] [com.teampotato.redirector.Redirector/]: Redirecting org/openzen/zenscript/javashared/JavaClass$Kind
[20Dec2025 16:16:19.609] [modloading-worker-0/INFO] [com.teampotato.redirector.Redirector/]: Redirecting io/redspace/ironsspellbooks/network/ClientboundCastErrorMessage$ErrorType
[20Dec2025 16:16:19.622] [modloading-worker-0/INFO] [com.teampotato.redirector.Redirector/]: Redirecting org/openzen/zencode/java/module/converters/JavaAnnotatedType$ElementType
[20Dec2025 16:16:19.628] [modloading-worker-0/INFO] [com.teampotato.redirector.Redirector/]: Redirecting org/openzen/zenscript/javashared/JavaMethod$Kind
[20Dec2025 16:16:19.737] [Forge Version Check/INFO] [net.minecraftforge.fml.VersionChecker/]: [maxhealthfix] Found status: BETA Current: 8.0.2 Target: 8.0.2
[20Dec2025 16:16:19.738] [Forge Version Check/INFO] [net.minecraftforge.fml.VersionChecker/]: [corpse] Starting version check at https://update.maxhenkel.de/forge/corpse
[20Dec2025 16:16:20.251] [main/INFO] [ModdingLegacy/StructureGel/]: [structure_gel] Registering data for structure_gel:loot_table_alias
[20Dec2025 16:16:20.261] [main/INFO] [ModdingLegacy/StructureGel/]: [structure_gel] Registering data for structure_gel:data_handler_type
[20Dec2025 16:16:20.262] [main/INFO] [ModdingLegacy/StructureGel/]: [structure_gel] Registering data for structure_gel:dynamic_spawner
[20Dec2025 16:16:20.264] [main/INFO] [ModdingLegacy/StructureGel/]: [structure_gel] Registering data for structure_gel:jigsaw_type
[20Dec2025 16:16:20.317] [main/INFO] [com.teampotato.redirector.Redirector/]: Redirecting terrablender/api/RegionType
[20Dec2025 16:16:20.320] [main/INFO] [terrablender/]: Registered region minecraft:overworld to index 0 for type OVERWORLD
[20Dec2025 16:16:20.320] [main/INFO] [terrablender/]: Registered region minecraft:nether to index 0 for type NETHER
[20Dec2025 16:16:20.320] [main/INFO] [terrablender/]: Registered region aether:the_aether to index 0 for type THE_AETHER
[20Dec2025 16:16:20.321] [main/INFO] [terrablender/]: Registered region deep_aether:deep_aether to index 1 for type THE_AETHER
[20Dec2025 16:16:20.325] [Forge Version Check/INFO] [net.minecraftforge.fml.VersionChecker/]: [corpse] Found status: AHEAD Current: 1.19.2-1.0.17 Target: null
[20Dec2025 16:16:20.325] [main/INFO] [com.teampotato.redirector.Redirector/]: Redirecting terrablender/api/SurfaceRuleManager$RuleStage
[20Dec2025 16:16:20.325] [Forge Version Check/INFO] [net.minecraftforge.fml.VersionChecker/]: [advancementplaques] Starting version check at https://mc-update-check.anthonyhilyard.com/499826
[20Dec2025 16:16:20.336] [main/INFO] [com.teampotato.redirector.Redirector/]: Redirecting com/izofar/takesapillage/world/PillageSiege$State
[20Dec2025 16:16:20.421] [main/INFO] [terrablender/]: Registered region ars_nouveau:overworld to index 1 for type OVERWORLD
[20Dec2025 16:16:20.472] [main/INFO] [com.teampotato.redirector.Redirector/]: Redirecting com/cerbon/bosses_of_mass_destruction/api/multipart_entities/client/PlayerInteractMultipartEntity$InteractionType
[20Dec2025 16:16:20.532] [main/INFO] [moonlight/]: Initialized color sets in 58ms
[20Dec2025 16:16:20.559] [Forge Version Check/INFO] [net.minecraftforge.fml.VersionChecker/]: [advancementplaques] Found status: UP_TO_DATE Current: 1.4.7 Target: null
[20Dec2025 16:16:20.559] [Forge Version Check/INFO] [net.minecraftforge.fml.VersionChecker/]: [gamestages] Starting version check at https://updates.blamejared.com/get?n=gamestages&gv=1.19.2
[20Dec2025 16:16:20.574] [main/INFO] [moonlight/]: Initialized color sets in 40ms
[20Dec2025 16:16:20.598] [main/INFO] [com.teampotato.redirector.Redirector/]: Redirecting net/minecraft/network/protocol/PacketFlow
[20Dec2025 16:16:20.608] [main/INFO] [terrablender/]: Registered region dreamland:dreamland_region to index 2 for type OVERWORLD
[20Dec2025 16:16:20.642] [modloading-worker-0/INFO] [xaero.minimap.XaeroMinimap/]: Loading Xaero's Minimap - Stage 1/2 (Server)
[20Dec2025 16:16:20.642] [modloading-worker-0/INFO] [xaero.map.server.WorldMapServer/]: Loading Xaero's World Map - Stage 1/2 (Server)
[20Dec2025 16:16:20.656] [Forge Version Check/INFO] [net.minecraftforge.fml.VersionChecker/]: [gamestages] Found status: BETA_OUTDATED Current: 11.1.4 Target: 11.1.5
[20Dec2025 16:16:20.656] [Forge Version Check/INFO] [net.minecraftforge.fml.VersionChecker/]: [cumulus_menus] Starting version check at https://github.com/The-Aether-Team/Cumulus/raw/1.19.2-develop/update.json
[20Dec2025 16:16:20.667] [main/INFO] [xaero.map.server.WorldMapServer/]: Loading Xaero's World Map - Stage 2/2 (Server)
[20Dec2025 16:16:20.667] [main/INFO] [xaero.minimap.XaeroMinimap/]: Loading Xaero's Minimap - Stage 2/2 (Server)
[20Dec2025 16:16:20.675] [Forge Version Check/INFO] [net.minecraftforge.fml.VersionChecker/]: [cumulus_menus] Found status: UP_TO_DATE Current: 1.19.2-1.0.0-forge Target: null
[20Dec2025 16:16:20.675] [Forge Version Check/INFO] [net.minecraftforge.fml.VersionChecker/]: [pluto] Starting version check at https://github.com/AbdElAziz333/Pluto/blob/mc1.19.2/dev/updates.json
[20Dec2025 16:16:20.696] [modloading-worker-0/INFO] [Enigmatic Legacy/INFO]: Sending messages to Curios API...
[20Dec2025 16:16:20.749] [modloading-worker-0/INFO] [io.redspace.ironsspellbooks.IronsSpellbooks/]: Got IMC []
[20Dec2025 16:16:20.749] [modloading-worker-0/INFO] [com.amuzil.omegasource.dragonenchants.DragonEnchants/]: Got IMC []
[20Dec2025 16:16:20.798] [modloading-worker-0/INFO] [Enigmatic Legacy/INFO]: Initializing load completion phase...
[20Dec2025 16:16:20.799] [modloading-worker-0/INFO] [Enigmatic Legacy/INFO]: Registering brewing recipes...
[20Dec2025 16:16:20.801] [modloading-worker-0/INFO] [AttributeFix/]: Loaded values for 101 compatible attributes.
[20Dec2025 16:16:20.809] [modloading-worker-0/ERROR] [AttributeFix/]: Attribute ID 'skilltree:attack_speed_per_gem_in_weapon' does not belong to a known attribute. This entry will be ignored.
[20Dec2025 16:16:20.810] [modloading-worker-0/ERROR] [AttributeFix/]: Attribute ID 'skilltree:crafted_necklaces_maximum_life' does not belong to a known attribute. This entry will be ignored.
[20Dec2025 16:16:20.811] [modloading-worker-0/ERROR] [AttributeFix/]: Attribute ID 'skilltree:crafted_quivers_capacity' does not belong to a known attribute. This entry will be ignored.
[20Dec2025 16:16:20.811] [modloading-worker-0/ERROR] [AttributeFix/]: Attribute ID 'skilltree:crit_chance_against_burning' does not belong to a known attribute. This entry will be ignored.
[20Dec2025 16:16:20.814] [modloading-worker-0/ERROR] [AttributeFix/]: Attribute ID 'skilltree:crit_chance_with_shield' does not belong to a known attribute. This entry will be ignored.
[20Dec2025 16:16:20.814] [modloading-worker-0/ERROR] [AttributeFix/]: Attribute ID 'skilltree:damage_per_potion_effect' does not belong to a known attribute. This entry will be ignored.
[20Dec2025 16:16:20.814] [modloading-worker-0/ERROR] [AttributeFix/]: Attribute ID 'skilltree:melee_damage' does not belong to a known attribute. This entry will be ignored.
[20Dec2025 16:16:20.815] [modloading-worker-0/ERROR] [AttributeFix/]: Attribute ID 'puffish_skills:player.ranged_damage' does not belong to a known attribute. This entry will be ignored.
[20Dec2025 16:16:20.815] [modloading-worker-0/ERROR] [AttributeFix/]: Attribute ID 'skilltree:brewed_beneficial_potions_strength' does not belong to a known attribute. This entry will be ignored.
[20Dec2025 16:16:20.815] [modloading-worker-0/ERROR] [AttributeFix/]: Attribute ID 'skilltree:experience_from_mobs' does not belong to a known attribute. This entry will be ignored.
[20Dec2025 16:16:20.815] [modloading-worker-0/ERROR] [AttributeFix/]: Attribute ID 'skilltree:crafted_weapon_attack_speed' does not belong to a known attribute. This entry will be ignored.
[20Dec2025 16:16:20.815] [modloading-worker-0/ERROR] [AttributeFix/]: Attribute ID 'skilltree:armor_per_evasion_bonus' does not belong to a known attribute. This entry will be ignored.
[20Dec2025 16:16:20.815] [modloading-worker-0/ERROR] [AttributeFix/]: Attribute ID 'skilltree:damage_if_wounded' does not belong to a known attribute. This entry will be ignored.
[20Dec2025 16:16:20.815] [modloading-worker-0/ERROR] [AttributeFix/]: Attribute ID 'skilltree:crit_chance_with_enchanted_weapon' does not belong to a known attribute. This entry will be ignored.
[20Dec2025 16:16:20.815] [modloading-worker-0/ERROR] [AttributeFix/]: Attribute ID 'skilltree:cooked_food_saturation' does not belong to a known attribute. This entry will be ignored.
[20Dec2025 16:16:20.815] [modloading-worker-0/ERROR] [AttributeFix/]: Attribute ID 'skilltree:crit_chance_if_not_hungry' does not belong to a known attribute. This entry will be ignored.
[20Dec2025 16:16:20.816] [modloading-worker-0/ERROR] [AttributeFix/]: Attribute ID 'skilltree:experience_per_hour' does not belong to a known attribute. This entry will be ignored.
[20Dec2025 16:16:20.816] [modloading-worker-0/ERROR] [AttributeFix/]: Attribute ID 'puffish_skills:player.fortune' does not belong to a known attribute. This entry will be ignored.
[20Dec2025 16:16:20.816] [modloading-worker-0/ERROR] [AttributeFix/]: Attribute ID 'skilltree:damage_under_potion_effect' does not belong to a known attribute. This entry will be ignored.
[20Dec2025 16:16:20.817] [modloading-worker-0/ERROR] [AttributeFix/]: Attribute ID 'skilltree:life_regeneration_with_shield' does not belong to a known attribute. This entry will be ignored.
[20Dec2025 16:16:20.817] [modloading-worker-0/ERROR] [AttributeFix/]: Attribute ID 'skilltree:free_enchantment_chance' does not belong to a known attribute. This entry will be ignored.
[20Dec2025 16:16:20.817] [modloading-worker-0/ERROR] [AttributeFix/]: Attribute ID 'skilltree:crit_chance_per_enchantment' does not belong to a known attribute. This entry will be ignored.
[20Dec2025 16:16:20.818] [modloading-worker-0/ERROR] [AttributeFix/]: Attribute ID 'skilltree:crit_damage_per_gem_in_weapon' does not belong to a known attribute. This entry will be ignored.
[20Dec2025 16:16:20.818] [modloading-worker-0/ERROR] [AttributeFix/]: Attribute ID 'skilltree:attack_speed_if_wounded' does not belong to a known attribute. This entry will be ignored.
[20Dec2025 16:16:20.818] [modloading-worker-0/ERROR] [AttributeFix/]: Attribute ID 'skilltree:incoming_healing' does not belong to a known attribute. This entry will be ignored.
[20Dec2025 16:16:20.818] [modloading-worker-0/ERROR] [AttributeFix/]: Attribute ID 'skilltree:projectile_crit_chance' does not belong to a known attribute. This entry will be ignored.
[20Dec2025 16:16:20.818] [modloading-worker-0/ERROR] [AttributeFix/]: Attribute ID 'skilltree:attack_speed_with_enchanted_weapon' does not belong to a known attribute. This entry will be ignored.
[20Dec2025 16:16:20.818] [modloading-worker-0/ERROR] [AttributeFix/]: Attribute ID 'skilltree:equipment_repair_efficiency' does not belong to a known attribute. This entry will be ignored.
[20Dec2025 16:16:20.820] [modloading-worker-0/ERROR] [AttributeFix/]: Attribute ID 'skilltree:maximum_life_per_arrow_in_quiver' does not belong to a known attribute. This entry will be ignored.
[20Dec2025 16:16:20.821] [modloading-worker-0/ERROR] [AttributeFix/]: Attribute ID 'skilltree:crafted_axes_crit_chance' does not belong to a known attribute. This entry will be ignored.
[20Dec2025 16:16:20.821] [modloading-worker-0/ERROR] [AttributeFix/]: Attribute ID 'skilltree:brewed_harmful_potions_strength' does not belong to a known attribute. This entry will be ignored.
[20Dec2025 16:16:20.822] [modloading-worker-0/ERROR] [AttributeFix/]: Attribute ID 'skilltree:evasion_chance_when_wounded' does not belong to a known attribute. This entry will be ignored.
[20Dec2025 16:16:20.822] [modloading-worker-0/ERROR] [AttributeFix/]: Attribute ID 'skilltree:chance_to_apply_better_enchantment' does not belong to a known attribute. This entry will be ignored.
[20Dec2025 16:16:20.823] [modloading-worker-0/ERROR] [AttributeFix/]: Attribute ID 'skilltree:damage_per_satisfied_hunger' does not belong to a known attribute. This entry will be ignored.
[20Dec2025 16:16:20.823] [modloading-worker-0/ERROR] [AttributeFix/]: Attribute ID 'environmental:stealth' does not belong to a known attribute. This entry will be ignored.
[20Dec2025 16:16:20.824] [modloading-worker-0/ERROR] [AttributeFix/]: Attribute ID 'skilltree:life_on_block' does not belong to a known attribute. This entry will be ignored.
[20Dec2025 16:16:20.826] [modloading-worker-0/ERROR] [AttributeFix/]: Attribute ID 'skilltree:cooked_food_healing_per_saturation' does not belong to a known attribute. This entry will be ignored.
[20Dec2025 16:16:20.826] [modloading-worker-0/ERROR] [AttributeFix/]: Attribute ID 'skilltree:crafted_shields_block_chance' does not belong to a known attribute. This entry will be ignored.
[20Dec2025 16:16:20.826] [modloading-worker-0/ERROR] [AttributeFix/]: Attribute ID 'skilltree:crafted_quivers_damage_against_burning' does not belong to a known attribute. This entry will be ignored.
[20Dec2025 16:16:20.826] [modloading-worker-0/ERROR] [AttributeFix/]: Attribute ID 'skilltree:crafted_shields_armor_bonus' does not belong to a known attribute. This entry will be ignored.
[20Dec2025 16:16:20.827] [modloading-worker-0/ERROR] [AttributeFix/]: Attribute ID 'skilltree:crafted_quivers_chance_to_retrieve_arrows' does not belong to a known attribute. This entry will be ignored.
[20Dec2025 16:16:20.827] [modloading-worker-0/ERROR] [AttributeFix/]: Attribute ID 'skilltree:attack_speed_with_gem_in_weapon' does not belong to a known attribute. This entry will be ignored.
[20Dec2025 16:16:20.827] [modloading-worker-0/ERROR] [AttributeFix/]: Attribute ID 'skilltree:luck_while_fishing' does not belong to a known attribute. This entry will be ignored.
[20Dec2025 16:16:20.827] [modloading-worker-0/ERROR] [AttributeFix/]: Attribute ID 'skilltree:chance_to_find_gemstone' does not belong to a known attribute. This entry will be ignored.
[20Dec2025 16:16:20.827] [modloading-worker-0/ERROR] [AttributeFix/]: Attribute ID 'skilltree:crafted_helmets_sockets' does not belong to a known attribute. This entry will be ignored.
[20Dec2025 16:16:20.827] [modloading-worker-0/ERROR] [AttributeFix/]: Attribute ID 'skilltree:chance_to_ignite' does not belong to a known attribute. This entry will be ignored.
[20Dec2025 16:16:20.828] [modloading-worker-0/ERROR] [AttributeFix/]: Attribute ID 'skilltree:jump_height' does not belong to a known attribute. This entry will be ignored.
[20Dec2025 16:16:20.828] [modloading-worker-0/ERROR] [AttributeFix/]: Attribute ID 'cataclysm_spellbooks:abyssal_magic_resist' does not belong to a known attribute. This entry will be ignored.
[20Dec2025 16:16:20.829] [modloading-worker-0/ERROR] [AttributeFix/]: Attribute ID 'skilltree:chance_to_apply_better_weapon_enchantment' does not belong to a known attribute. This entry will be ignored.
[20Dec2025 16:16:20.829] [modloading-worker-0/ERROR] [AttributeFix/]: Attribute ID 'skilltree:brewed_potions_duration' does not belong to a known attribute. This entry will be ignored.
[20Dec2025 16:16:20.829] [modloading-worker-0/ERROR] [AttributeFix/]: Attribute ID 'skilltree:crit_chance' does not belong to a known attribute. This entry will be ignored.
[20Dec2025 16:16:20.829] [modloading-worker-0/ERROR] [AttributeFix/]: Attribute ID 'skilltree:armor_with_shield' does not belong to a known attribute. This entry will be ignored.
[20Dec2025 16:16:20.831] [modloading-worker-0/ERROR] [AttributeFix/]: Attribute ID 'skilltree:gem_power_in_jewelry' does not belong to a known attribute. This entry will be ignored.
[20Dec2025 16:16:20.831] [modloading-worker-0/ERROR] [AttributeFix/]: Attribute ID 'skilltree:brewed_potions_strength' does not belong to a known attribute. This entry will be ignored.
[20Dec2025 16:16:20.831] [modloading-worker-0/ERROR] [AttributeFix/]: Attribute ID 'skilltree:crafted_boots_sockets' does not belong to a known attribute. This entry will be ignored.
[20Dec2025 16:16:20.832] [modloading-worker-0/ERROR] [AttributeFix/]: Attribute ID 'skilltree:crafted_melee_weapon_damage_bonus' does not belong to a known attribute. This entry will be ignored.
[20Dec2025 16:16:20.832] [modloading-worker-0/ERROR] [AttributeFix/]: Attribute ID 'skilltree:life_regeneration_per_gem_in_helmet' does not belong to a known attribute. This entry will be ignored.
[20Dec2025 16:16:20.832] [modloading-worker-0/ERROR] [AttributeFix/]: Attribute ID 'irons_spellbooks:poison_spell_power' does not belong to a known attribute. This entry will be ignored.
[20Dec2025 16:16:20.832] [modloading-worker-0/ERROR] [AttributeFix/]: Attribute ID 'skilltree:attack_speed_under_potion_effect' does not belong to a known attribute. This entry will be ignored.
[20Dec2025 16:16:20.832] [modloading-worker-0/ERROR] [AttributeFix/]: Attribute ID 'skilltree:armor_with_enchanted_shield' does not belong to a known attribute. This entry will be ignored.
[20Dec2025 16:16:20.832] [modloading-worker-0/ERROR] [AttributeFix/]: Attribute ID 'puffish_skills:player.mining_speed' does not belong to a known attribute. This entry will be ignored.
[20Dec2025 16:16:20.832] [modloading-worker-0/ERROR] [AttributeFix/]: Attribute ID 'skilltree:life_per_hit' does not belong to a known attribute. This entry will be ignored.
[20Dec2025 16:16:20.832] [modloading-worker-0/ERROR] [AttributeFix/]: Attribute ID 'skilltree:gem_power_in_armor' does not belong to a known attribute. This entry will be ignored.
[20Dec2025 16:16:20.832] [modloading-worker-0/ERROR] [AttributeFix/]: Attribute ID 'skilltree:damage_if_not_hungry' does not belong to a known attribute. This entry will be ignored.
[20Dec2025 16:16:20.832] [modloading-worker-0/ERROR] [AttributeFix/]: Attribute ID 'skilltree:evasion_chance' does not belong to a known attribute. This entry will be ignored.
[20Dec2025 16:16:20.832] [modloading-worker-0/ERROR] [AttributeFix/]: Attribute ID 'skilltree:damage_per_distance_to_spawn' does not belong to a known attribute. This entry will be ignored.
[20Dec2025 16:16:20.832] [modloading-worker-0/ERROR] [AttributeFix/]: Attribute ID 'skilltree:crafted_boots_movement_speed' does not belong to a known attribute. This entry will be ignored.
[20Dec2025 16:16:20.832] [modloading-worker-0/ERROR] [AttributeFix/]: Attribute ID 'skilltree:cooked_food_life_regeneration' does not belong to a known attribute. This entry will be ignored.
[20Dec2025 16:16:20.833] [modloading-worker-0/ERROR] [AttributeFix/]: Attribute ID 'skilltree:triple_loot_chance' does not belong to a known attribute. This entry will be ignored.
[20Dec2025 16:16:20.833] [modloading-worker-0/ERROR] [AttributeFix/]: Attribute ID 'skilltree:crafted_shields_maximum_life' does not belong to a known attribute. This entry will be ignored.
[20Dec2025 16:16:20.833] [modloading-worker-0/ERROR] [AttributeFix/]: Attribute ID 'skilltree:crit_chance_per_gem_in_weapon' does not belong to a known attribute. This entry will be ignored.
[20Dec2025 16:16:20.833] [modloading-worker-0/ERROR] [AttributeFix/]: Attribute ID 'skilltree:chance_to_retrieve_arrows' does not belong to a known attribute. This entry will be ignored.
[20Dec2025 16:16:20.833] [modloading-worker-0/ERROR] [AttributeFix/]: Attribute ID 'skilltree:damage_if_damaged' does not belong to a known attribute. This entry will be ignored.
[20Dec2025 16:16:20.833] [modloading-worker-0/ERROR] [AttributeFix/]: Attribute ID 'skilltree:block_chance_if_not_hungry' does not belong to a known attribute. This entry will be ignored.
[20Dec2025 16:16:20.833] [modloading-worker-0/ERROR] [AttributeFix/]: Attribute ID 'skilltree:maximum_life_under_potion_effect' does not belong to a known attribute. This entry will be ignored.
[20Dec2025 16:16:20.839] [modloading-worker-0/ERROR] [AttributeFix/]: Attribute ID 'skilltree:armor_per_chestplate_enchantment' does not belong to a known attribute. This entry will be ignored.
[20Dec2025 16:16:20.839] [modloading-worker-0/ERROR] [AttributeFix/]: Attribute ID 'skilltree:double_fishing_loot_chance' does not belong to a known attribute. This entry will be ignored.
[20Dec2025 16:16:20.839] [modloading-worker-0/ERROR] [AttributeFix/]: Attribute ID 'skilltree:life_regeneration_bonus' does not belong to a known attribute. This entry will be ignored.
[20Dec2025 16:16:20.839] [modloading-worker-0/ERROR] [AttributeFix/]: Attribute ID 'skilltree:damage_against_poisoned' does not belong to a known attribute. This entry will be ignored.
[20Dec2025 16:16:20.839] [modloading-worker-0/ERROR] [AttributeFix/]: Attribute ID 'skilltree:maximum_life_with_enchanted_item' does not belong to a known attribute. This entry will be ignored.
[20Dec2025 16:16:20.840] [modloading-worker-0/ERROR] [AttributeFix/]: Attribute ID 'skilltree:attack_speed_with_ranged_weapon' does not belong to a known attribute. This entry will be ignored.
[20Dec2025 16:16:20.840] [modloading-worker-0/ERROR] [AttributeFix/]: Attribute ID 'skilltree:maximum_life_per_boots_armor_bonus' does not belong to a known attribute. This entry will be ignored.
[20Dec2025 16:16:20.840] [modloading-worker-0/ERROR] [AttributeFix/]: Attribute ID 'skilltree:can_poison_weapons' does not belong to a known attribute. This entry will be ignored.
[20Dec2025 16:16:20.840] [modloading-worker-0/ERROR] [AttributeFix/]: Attribute ID 'skilltree:maximum_chestplate_sockets' does not belong to a known attribute. This entry will be ignored.
[20Dec2025 16:16:20.840] [modloading-worker-0/ERROR] [AttributeFix/]: Attribute ID 'skilltree:projectile_damage' does not belong to a known attribute. This entry will be ignored.
[20Dec2025 16:16:20.840] [modloading-worker-0/ERROR] [AttributeFix/]: Attribute ID 'skilltree:can_mix_potions' does not belong to a known attribute. This entry will be ignored.
[20Dec2025 16:16:20.840] [modloading-worker-0/ERROR] [AttributeFix/]: Attribute ID 'skilltree:damage_with_enchanted_weapon' does not belong to a known attribute. This entry will be ignored.
[20Dec2025 16:16:20.840] [modloading-worker-0/ERROR] [AttributeFix/]: Attribute ID 'skilltree:damage_per_enchantment' does not belong to a known attribute. This entry will be ignored.
[20Dec2025 16:16:20.840] [modloading-worker-0/ERROR] [AttributeFix/]: Attribute ID 'skilltree:crafted_weapon_double_loot_chance' does not belong to a known attribute. This entry will be ignored.
[20Dec2025 16:16:20.841] [modloading-worker-0/ERROR] [AttributeFix/]: Attribute ID 'skilltree:crit_damage_per_weapon_enchantment' does not belong to a known attribute. This entry will be ignored.
[20Dec2025 16:16:20.841] [modloading-worker-0/ERROR] [AttributeFix/]: Attribute ID 'skilltree:maximum_ring_sockets' does not belong to a known attribute. This entry will be ignored.
[20Dec2025 16:16:20.843] [modloading-worker-0/ERROR] [AttributeFix/]: Attribute ID 'cataclysm_spellbooks:abyssal_spell_power' does not belong to a known attribute. This entry will be ignored.
[20Dec2025 16:16:20.843] [modloading-worker-0/ERROR] [AttributeFix/]: Attribute ID 'skilltree:brewed_beneficial_potions_duration' does not belong to a known attribute. This entry will be ignored.
[20Dec2025 16:16:20.843] [modloading-worker-0/ERROR] [AttributeFix/]: Attribute ID 'puffish_skills:player.jump' does not belong to a known attribute. This entry will be ignored.
[20Dec2025 16:16:20.843] [modloading-worker-0/ERROR] [AttributeFix/]: Attribute ID 'skilltree:life_per_hit_if_wounded' does not belong to a known attribute. This entry will be ignored.
[20Dec2025 16:16:20.844] [modloading-worker-0/ERROR] [AttributeFix/]: Attribute ID 'skilltree:block_chance_with_enchanted_shield' does not belong to a known attribute. This entry will be ignored.
[20Dec2025 16:16:20.844] [modloading-worker-0/ERROR] [AttributeFix/]: Attribute ID 'skilltree:maximum_life_per_satisfied_hunger' does not belong to a known attribute. This entry will be ignored.
[20Dec2025 16:16:20.844] [modloading-worker-0/ERROR] [AttributeFix/]: Attribute ID 'feathers:feathers.feather_regen' does not belong to a known attribute. This entry will be ignored.
[20Dec2025 16:16:20.844] [modloading-worker-0/ERROR] [AttributeFix/]: Attribute ID 'puffish_skills:player.resistance' does not belong to a known attribute. This entry will be ignored.
[20Dec2025 16:16:20.844] [modloading-worker-0/ERROR] [AttributeFix/]: Attribute ID 'skilltree:life_on_block_if_not_hungry' does not belong to a known attribute. This entry will be ignored.
[20Dec2025 16:16:20.846] [modloading-worker-0/ERROR] [AttributeFix/]: Attribute ID 'skilltree:gem_power' does not belong to a known attribute. This entry will be ignored.
[20Dec2025 16:16:20.846] [modloading-worker-0/ERROR] [AttributeFix/]: Attribute ID 'skilltree:crafted_ranged_weapon_sockets' does not belong to a known attribute. This entry will be ignored.
[20Dec2025 16:16:20.846] [modloading-worker-0/ERROR] [AttributeFix/]: Attribute ID 'skilltree:crafted_melee_weapon_attack_speed' does not belong to a known attribute. This entry will be ignored.
[20Dec2025 16:16:20.846] [modloading-worker-0/ERROR] [AttributeFix/]: Attribute ID 'skilltree:melee_crit_damage' does not belong to a known attribute. This entry will be ignored.
[20Dec2025 16:16:20.846] [modloading-worker-0/ERROR] [AttributeFix/]: Attribute ID 'skilltree:maximum_life_per_armor_enchantment' does not belong to a known attribute. This entry will be ignored.
[20Dec2025 16:16:20.847] [modloading-worker-0/ERROR] [AttributeFix/]: Attribute ID 'skilltree:brewed_poisons_strength' does not belong to a known attribute. This entry will be ignored.
[20Dec2025 16:16:20.847] [modloading-worker-0/ERROR] [AttributeFix/]: Attribute ID 'skilltree:gem_power_in_weapon' does not belong to a known attribute. This entry will be ignored.
[20Dec2025 16:16:20.847] [modloading-worker-0/ERROR] [AttributeFix/]: Attribute ID 'skilltree:damage_against_burning' does not belong to a known attribute. This entry will be ignored.
[20Dec2025 16:16:20.847] [modloading-worker-0/ERROR] [AttributeFix/]: Attribute ID 'skilltree:brewed_healing_potions_strength' does not belong to a known attribute. This entry will be ignored.
[20Dec2025 16:16:20.847] [modloading-worker-0/ERROR] [AttributeFix/]: Attribute ID 'skilltree:crafted_rings_critical_damage' does not belong to a known attribute. This entry will be ignored.
[20Dec2025 16:16:20.847] [modloading-worker-0/ERROR] [AttributeFix/]: Attribute ID 'skilltree:maximum_life_per_equipped_jewelry' does not belong to a known attribute. This entry will be ignored.
[20Dec2025 16:16:20.847] [modloading-worker-0/ERROR] [AttributeFix/]: Attribute ID 'skilltree:crafted_armor_stealth' does not belong to a known attribute. This entry will be ignored.
[20Dec2025 16:16:20.847] [modloading-worker-0/ERROR] [AttributeFix/]: Attribute ID 'skilltree:crafted_melee_weapon_crit_chance' does not belong to a known attribute. This entry will be ignored.
[20Dec2025 16:16:20.848] [modloading-worker-0/ERROR] [AttributeFix/]: Attribute ID 'skilltree:mining_speed' does not belong to a known attribute. This entry will be ignored.
[20Dec2025 16:16:20.849] [modloading-worker-0/ERROR] [AttributeFix/]: Attribute ID 'puffish_skills:player.stamina' does not belong to a known attribute. This entry will be ignored.
[20Dec2025 16:16:20.849] [modloading-worker-0/ERROR] [AttributeFix/]: Attribute ID 'feathers:feathers.max_feathers' does not belong to a known attribute. This entry will be ignored.
[20Dec2025 16:16:20.849] [modloading-worker-0/ERROR] [AttributeFix/]: Attribute ID 'skilltree:projectile_crit_damage' does not belong to a known attribute. This entry will be ignored.
[20Dec2025 16:16:20.849] [modloading-worker-0/ERROR] [AttributeFix/]: Attribute ID 'skilltree:crit_damage_against_poisoned' does not belong to a known attribute. This entry will be ignored.
[20Dec2025 16:16:20.849] [modloading-worker-0/ERROR] [AttributeFix/]: Attribute ID 'puffish_skills:player.healing' does not belong to a known attribute. This entry will be ignored.
[20Dec2025 16:16:20.849] [modloading-worker-0/ERROR] [AttributeFix/]: Attribute ID 'skilltree:crafted_weapon_damage_against_burning' does not belong to a known attribute. This entry will be ignored.
[20Dec2025 16:16:20.850] [modloading-worker-0/ERROR] [AttributeFix/]: Attribute ID 'skilltree:damage_per_distance_to_enemy' does not belong to a known attribute. This entry will be ignored.
[20Dec2025 16:16:20.850] [modloading-worker-0/ERROR] [AttributeFix/]: Attribute ID 'skilltree:crafted_armor_maximum_life' does not belong to a known attribute. This entry will be ignored.
[20Dec2025 16:16:20.850] [modloading-worker-0/ERROR] [AttributeFix/]: Attribute ID 'skilltree:crafted_quivers_chance_to_ignite' does not belong to a known attribute. This entry will be ignored.
[20Dec2025 16:16:20.852] [modloading-worker-0/ERROR] [AttributeFix/]: Attribute ID 'skilltree:crit_damage' does not belong to a known attribute. This entry will be ignored.
[20Dec2025 16:16:20.852] [modloading-worker-0/ERROR] [AttributeFix/]: Attribute ID 'skilltree:maximum_life_if_not_hungry' does not belong to a known attribute. This entry will be ignored.
[20Dec2025 16:16:20.852] [modloading-worker-0/ERROR] [AttributeFix/]: Attribute ID 'skilltree:cooked_food_crit_damage_per_saturation' does not belong to a known attribute. This entry will be ignored.
[20Dec2025 16:16:20.852] [modloading-worker-0/ERROR] [AttributeFix/]: Attribute ID 'skilltree:evasion_per_potion_effect' does not belong to a known attribute. This entry will be ignored.
[20Dec2025 16:16:20.854] [modloading-worker-0/ERROR] [AttributeFix/]: Attribute ID 'skilltree:maximum_life_per_enchantment' does not belong to a known attribute. This entry will be ignored.
[20Dec2025 16:16:20.854] [modloading-worker-0/ERROR] [AttributeFix/]: Attribute ID 'skilltree:experience_from_ore' does not belong to a known attribute. This entry will be ignored.
[20Dec2025 16:16:20.854] [modloading-worker-0/ERROR] [AttributeFix/]: Attribute ID 'skilltree:maximum_life_per_gem_in_armor' does not belong to a known attribute. This entry will be ignored.
[20Dec2025 16:16:20.854] [modloading-worker-0/ERROR] [AttributeFix/]: Attribute ID 'skilltree:experience_from_fishing' does not belong to a known attribute. This entry will be ignored.
[20Dec2025 16:16:20.854] [modloading-worker-0/ERROR] [AttributeFix/]: Attribute ID 'skilltree:brewed_harmful_potions_duration' does not belong to a known attribute. This entry will be ignored.
[20Dec2025 16:16:20.855] [modloading-worker-0/ERROR] [AttributeFix/]: Attribute ID 'minecolonies:mc_mob_damage' does not belong to a known attribute. This entry will be ignored.
[20Dec2025 16:16:20.855] [modloading-worker-0/ERROR] [AttributeFix/]: Attribute ID 'skilltree:crafted_quivers_maximum_life' does not belong to a known attribute. This entry will be ignored.
[20Dec2025 16:16:20.855] [modloading-worker-0/ERROR] [AttributeFix/]: Attribute ID 'skilltree:crafted_equipment_durability' does not belong to a known attribute. This entry will be ignored.
[20Dec2025 16:16:20.855] [modloading-worker-0/ERROR] [AttributeFix/]: Attribute ID 'puffish_skills:player.melee_damage' does not belong to a known attribute. This entry will be ignored.
[20Dec2025 16:16:20.855] [modloading-worker-0/ERROR] [AttributeFix/]: Attribute ID 'skilltree:enchantment_level_requirement' does not belong to a known attribute. This entry will be ignored.
[20Dec2025 16:16:20.855] [modloading-worker-0/ERROR] [AttributeFix/]: Attribute ID 'galosphere:illager_resistance' does not belong to a known attribute. This entry will be ignored.
[20Dec2025 16:16:20.855] [modloading-worker-0/ERROR] [AttributeFix/]: Attribute ID 'skilltree:damage_with_shield' does not belong to a known attribute. This entry will be ignored.
[20Dec2025 16:16:20.855] [modloading-worker-0/ERROR] [AttributeFix/]: Attribute ID 'skilltree:crit_damage_with_shield' does not belong to a known attribute. This entry will be ignored.
[20Dec2025 16:16:20.855] [modloading-worker-0/ERROR] [AttributeFix/]: Attribute ID 'skilltree:block_chance_per_shield_enchantment' does not belong to a known attribute. This entry will be ignored.
[20Dec2025 16:16:20.856] [modloading-worker-0/ERROR] [AttributeFix/]: Attribute ID 'skilltree:attack_speed_if_not_hungry' does not belong to a known attribute. This entry will be ignored.
[20Dec2025 16:16:20.856] [modloading-worker-0/ERROR] [AttributeFix/]: Attribute ID 'skilltree:cooked_food_damage_per_saturation' does not belong to a known attribute. This entry will be ignored.
[20Dec2025 16:16:20.856] [modloading-worker-0/ERROR] [AttributeFix/]: Attribute ID 'skilltree:maximum_equipment_sockets' does not belong to a known attribute. This entry will be ignored.
[20Dec2025 16:16:20.856] [modloading-worker-0/ERROR] [AttributeFix/]: Attribute ID 'skilltree:damage_per_weapon_enchantment_level' does not belong to a known attribute. This entry will be ignored.
[20Dec2025 16:16:20.856] [modloading-worker-0/ERROR] [AttributeFix/]: Attribute ID 'skilltree:chance_to_craft_tougher_armor' does not belong to a known attribute. This entry will be ignored.
[20Dec2025 16:16:20.857] [modloading-worker-0/ERROR] [AttributeFix/]: Attribute ID 'skilltree:crit_chance_against_poisoned' does not belong to a known attribute. This entry will be ignored.
[20Dec2025 16:16:20.857] [modloading-worker-0/ERROR] [AttributeFix/]: Attribute ID 'skilltree:armor_per_gem_in_helmet' does not belong to a known attribute. This entry will be ignored.
[20Dec2025 16:16:20.858] [modloading-worker-0/ERROR] [AttributeFix/]: Attribute ID 'skilltree:crit_chance_if_wounded' does not belong to a known attribute. This entry will be ignored.
[20Dec2025 16:16:20.858] [modloading-worker-0/ERROR] [AttributeFix/]: Attribute ID 'skilltree:crafted_weapon_life_per_hit' does not belong to a known attribute. This entry will be ignored.
[20Dec2025 16:16:20.859] [modloading-worker-0/ERROR] [AttributeFix/]: Attribute ID 'skilltree:chestplate_armor' does not belong to a known attribute. This entry will be ignored.
[20Dec2025 16:16:20.860] [modloading-worker-0/ERROR] [AttributeFix/]: Attribute ID 'skilltree:crafted_armor_evasion' does not belong to a known attribute. This entry will be ignored.
[20Dec2025 16:16:20.860] [modloading-worker-0/ERROR] [AttributeFix/]: Attribute ID 'skilltree:life_on_block_per_shield_enchantment' does not belong to a known attribute. This entry will be ignored.
[20Dec2025 16:16:20.861] [modloading-worker-0/ERROR] [AttributeFix/]: Attribute ID 'skilltree:double_loot_chance' does not belong to a known attribute. This entry will be ignored.
[20Dec2025 16:16:20.863] [modloading-worker-0/ERROR] [AttributeFix/]: Attribute ID 'skilltree:life_per_hit_under_potion_effect' does not belong to a known attribute. This entry will be ignored.
[20Dec2025 16:16:20.863] [modloading-worker-0/ERROR] [AttributeFix/]: Attribute ID 'skilltree:crafted_weapon_chance_to_ignite' does not belong to a known attribute. This entry will be ignored.
[20Dec2025 16:16:20.863] [modloading-worker-0/ERROR] [AttributeFix/]: Attribute ID 'skilltree:attack_damage_per_armor' does not belong to a known attribute. This entry will be ignored.
[20Dec2025 16:16:20.863] [modloading-worker-0/ERROR] [AttributeFix/]: Attribute ID 'skilltree:crit_damage_per_satisfied_hunger' does not belong to a known attribute. This entry will be ignored.
[20Dec2025 16:16:20.863] [modloading-worker-0/ERROR] [AttributeFix/]: Attribute ID 'skilltree:crafted_ranged_weapon_attack_speed' does not belong to a known attribute. This entry will be ignored.
[20Dec2025 16:16:20.864] [modloading-worker-0/ERROR] [AttributeFix/]: Attribute ID 'skilltree:damage_with_gem_in_weapon' does not belong to a known attribute. This entry will be ignored.
[20Dec2025 16:16:20.864] [modloading-worker-0/ERROR] [AttributeFix/]: Attribute ID 'skilltree:armor_per_gem_in_chestplate' does not belong to a known attribute. This entry will be ignored.
[20Dec2025 16:16:20.864] [modloading-worker-0/ERROR] [AttributeFix/]: Attribute ID 'skilltree:chance_to_apply_better_armor_enchantment' does not belong to a known attribute. This entry will be ignored.
[20Dec2025 16:16:20.864] [modloading-worker-0/ERROR] [AttributeFix/]: Attribute ID 'skilltree:evasion_under_potion_effect' does not belong to a known attribute. This entry will be ignored.
[20Dec2025 16:16:20.864] [modloading-worker-0/ERROR] [AttributeFix/]: Attribute ID 'skilltree:experience_per_minute' does not belong to a known attribute. This entry will be ignored.
[20Dec2025 16:16:20.864] [modloading-worker-0/ERROR] [AttributeFix/]: Attribute ID 'skilltree:maximum_life_per_evasion' does not belong to a known attribute. This entry will be ignored.
[20Dec2025 16:16:20.864] [modloading-worker-0/ERROR] [AttributeFix/]: Attribute ID 'skilltree:block_chance_per_satisfied_hunger' does not belong to a known attribute. This entry will be ignored.
[20Dec2025 16:16:20.864] [modloading-worker-0/ERROR] [AttributeFix/]: Attribute ID 'skilltree:maximum_weapon_sockets' does not belong to a known attribute. This entry will be ignored.
[20Dec2025 16:16:20.864] [modloading-worker-0/ERROR] [AttributeFix/]: Attribute ID 'skilltree:damage_per_gem_in_weapon' does not belong to a known attribute. This entry will be ignored.
[20Dec2025 16:16:20.864] [modloading-worker-0/ERROR] [AttributeFix/]: Attribute ID 'skilltree:crafted_armor_defence' does not belong to a known attribute. This entry will be ignored.
[20Dec2025 16:16:20.864] [modloading-worker-0/ERROR] [AttributeFix/]: Attribute ID 'skilltree:attack_speed_with_shield' does not belong to a known attribute. This entry will be ignored.
[20Dec2025 16:16:20.864] [modloading-worker-0/ERROR] [AttributeFix/]: Attribute ID 'skilltree:chance_to_explode_enemy' does not belong to a known attribute. This entry will be ignored.
[20Dec2025 16:16:20.865] [modloading-worker-0/ERROR] [AttributeFix/]: Attribute ID 'skilltree:crafted_boots_stealth' does not belong to a known attribute. This entry will be ignored.
[20Dec2025 16:16:20.865] [modloading-worker-0/ERROR] [AttributeFix/]: Attribute ID 'skilltree:maximum_life_per_gem_in_helmet' does not belong to a known attribute. This entry will be ignored.
[20Dec2025 16:16:20.865] [modloading-worker-0/ERROR] [AttributeFix/]: Attribute ID 'skilltree:maximum_life_per_armor_bonus' does not belong to a known attribute. This entry will be ignored.
[20Dec2025 16:16:20.865] [modloading-worker-0/ERROR] [AttributeFix/]: Attribute ID 'skilltree:life_per_arrow_hit' does not belong to a known attribute. This entry will be ignored.
[20Dec2025 16:16:20.865] [modloading-worker-0/ERROR] [AttributeFix/]: Attribute ID 'skilltree:block_chance' does not belong to a known attribute. This entry will be ignored.
[20Dec2025 16:16:20.865] [modloading-worker-0/INFO] [AttributeFix/]: Loaded 277 values from config.
[20Dec2025 16:16:20.917] [modloading-worker-0/INFO] [AttributeFix/]: Saving config file. 277 entries.
[20Dec2025 16:16:20.920] [modloading-worker-0/INFO] [AttributeFix/]: Applying changes for 277 attributes.
[20Dec2025 16:16:20.922] [modloading-worker-0/INFO] [com.teampotato.redirector.Redirector/]: Redirecting dev/latvian/mods/kubejs/recipe/component/ComponentRole
[20Dec2025 16:16:20.952] [modloading-worker-0/INFO] [Jade/]: Start loading plugin at shadows.gateways.compat.GatewayJadePlugin
[20Dec2025 16:16:20.956] [modloading-worker-0/INFO] [Jade/]: Start loading plugin at shadows.apotheosis.spawn.compat.SpawnerHwylaPlugin
[20Dec2025 16:16:20.957] [modloading-worker-0/INFO] [Jade/]: Start loading plugin at shadows.apotheosis.ench.compat.EnchHwylaPlugin
[20Dec2025 16:16:20.958] [modloading-worker-0/INFO] [Jade/]: Start loading plugin at shadows.apotheosis.adventure.compat.AdventureHwylaPlugin
[20Dec2025 16:16:20.959] [modloading-worker-0/INFO] [Jade/]: Start loading plugin at daripher.autoleveling.integration.jade.AutoLevelingWailaPlugin
[20Dec2025 16:16:20.959] [modloading-worker-0/INFO] [Jade/]: Start loading plugin at de.maxhenkel.corpse.integration.waila.PluginCorpse
[20Dec2025 16:16:20.960] [modloading-worker-0/INFO] [Jade/]: Start loading plugin at com.aetherteam.aether.integration.jade.AetherJadePlugin
[20Dec2025 16:16:20.961] [modloading-worker-0/INFO] [Jade/]: Start loading plugin at twilightforest.compat.jade.JadeCompat
[20Dec2025 16:16:20.962] [modloading-worker-0/INFO] [Jade/]: Start loading plugin at com.hollingsworth.arsnouveau.client.waila.WailaArsNouveauPlugin
[20Dec2025 16:16:20.963] [modloading-worker-0/INFO] [Jade/]: Start loading plugin at net.brnbrd.delightful.compat.jade.JadePlugin
[20Dec2025 16:16:20.963] [modloading-worker-0/INFO] [Jade/]: Start loading plugin at net.blay09.mods.waystones.compat.ForgeJadeWaystonesPlugin
[20Dec2025 16:16:20.963] [modloading-worker-0/INFO] [Jade/]: Start loading plugin at snownee.jade.addon.vanilla.VanillaPlugin
[20Dec2025 16:16:20.965] [modloading-worker-0/INFO] [com.teampotato.redirector.Redirector/]: Redirecting snownee/jade/addon/vanilla/BrewingStandProvider
[20Dec2025 16:16:20.967] [modloading-worker-0/INFO] [com.teampotato.redirector.Redirector/]: Redirecting snownee/jade/addon/vanilla/BeehiveProvider
[20Dec2025 16:16:20.968] [modloading-worker-0/INFO] [com.teampotato.redirector.Redirector/]: Redirecting snownee/jade/addon/vanilla/CommandBlockProvider
[20Dec2025 16:16:20.969] [modloading-worker-0/INFO] [com.teampotato.redirector.Redirector/]: Redirecting snownee/jade/addon/vanilla/JukeboxProvider
[20Dec2025 16:16:20.971] [modloading-worker-0/INFO] [com.teampotato.redirector.Redirector/]: Redirecting snownee/jade/addon/vanilla/LecternProvider
[20Dec2025 16:16:20.972] [modloading-worker-0/INFO] [com.teampotato.redirector.Redirector/]: Redirecting snownee/jade/addon/vanilla/RedstoneProvider
[20Dec2025 16:16:20.975] [modloading-worker-0/INFO] [com.teampotato.redirector.Redirector/]: Redirecting snownee/jade/addon/vanilla/FurnaceProvider
[20Dec2025 16:16:20.976] [modloading-worker-0/INFO] [com.teampotato.redirector.Redirector/]: Redirecting snownee/jade/addon/vanilla/AnimalOwnerProvider
[20Dec2025 16:16:20.977] [modloading-worker-0/INFO] [Enigmatic Legacy/INFO]: Successfully fetched the list of devoted believers from Enigmatic Legacy's repository.
[20Dec2025 16:16:20.976] [Forge Version Check/WARN] [net.minecraftforge.fml.VersionChecker/]: Failed to process update information
com.google.gson.JsonSyntaxException: java.lang.IllegalStateException: Expected BEGIN_OBJECT but was STRING at line 7 column 1 path $
	at com.google.gson.Gson.fromJson(Gson.java:975) ~[gson-2.8.9.jar%2370!/:?]
	at com.google.gson.Gson.fromJson(Gson.java:928) ~[gson-2.8.9.jar%2370!/:?]
	at com.google.gson.Gson.fromJson(Gson.java:877) ~[gson-2.8.9.jar%2370!/:?]
	at com.google.gson.Gson.fromJson(Gson.java:848) ~[gson-2.8.9.jar%2370!/:?]
	at net.minecraftforge.fml.VersionChecker$1.process(VersionChecker.java:183) ~[fmlcore-1.19.2-43.3.5.jar%23522!/:?]
	at java.lang.Iterable.forEach(Iterable.java:75) [?:?]
	at net.minecraftforge.fml.VersionChecker$1.run(VersionChecker.java:114) [fmlcore-1.19.2-43.3.5.jar%23522!/:?]
Caused by: java.lang.IllegalStateException: Expected BEGIN_OBJECT but was STRING at line 7 column 1 path $
	at com.google.gson.stream.JsonReader.beginObject(JsonReader.java:384) ~[gson-2.8.9.jar%2370!/:?]
	at com.google.gson.internal.bind.MapTypeAdapterFactory$Adapter.read(MapTypeAdapterFactory.java:183) ~[gson-2.8.9.jar%2370!/:?]
	at com.google.gson.internal.bind.MapTypeAdapterFactory$Adapter.read(MapTypeAdapterFactory.java:145) ~[gson-2.8.9.jar%2370!/:?]
	at com.google.gson.Gson.fromJson(Gson.java:963) ~[gson-2.8.9.jar%2370!/:?]
	... 6 more
[20Dec2025 16:16:20.978] [Forge Version Check/INFO] [net.minecraftforge.fml.VersionChecker/]: [toms_storage] Starting version check at https://raw.githubusercontent.com/tom5454/Toms-Storage/master/version-check.json
[20Dec2025 16:16:20.978] [modloading-worker-0/INFO] [Enigmatic Legacy/INFO]: Successfully backed up the list of devoted believers.
[20Dec2025 16:16:20.979] [modloading-worker-0/INFO] [Enigmatic Legacy/]: Believer: ObsidianFlight, UUID: 0cf25168-1b5a-4ac9-90eb-45bb20b0afab
[20Dec2025 16:16:20.979] [modloading-worker-0/INFO] [Enigmatic Legacy/]: Believer: Alexsist, UUID: b77d12d4-627f-47d3-965a-74e4f41854cc
[20Dec2025 16:16:20.979] [modloading-worker-0/INFO] [Enigmatic Legacy/]: Believer: Volsarex, UUID: e9907457-0251-42de-86b7-32289c19a6c4
[20Dec2025 16:16:20.979] [modloading-worker-0/INFO] [Enigmatic Legacy/]: Believer: Tar, UUID: 64d64b70-fde8-467e-ad70-271d5ddf26f6
[20Dec2025 16:16:20.979] [modloading-worker-0/INFO] [Enigmatic Legacy/]: Believer: Strgnv, UUID: 93f46b5e-3f96-4bde-9de9-96e7210441f9
[20Dec2025 16:16:20.980] [modloading-worker-0/INFO] [Enigmatic Legacy/]: Believer: SoulRacer65, UUID: a9ca1491-c6b2-4502-a585-94336fb07e75
[20Dec2025 16:16:20.980] [modloading-worker-0/INFO] [Enigmatic Legacy/]: Believer: legitch, UUID: 64906813-adac-4aa9-8ac9-f25dbb677102
[20Dec2025 16:16:20.980] [modloading-worker-0/INFO] [Enigmatic Legacy/]: Believer: TheOutlander, UUID: 9c22cd32-4dff-42b9-946c-69548781f894
[20Dec2025 16:16:20.981] [modloading-worker-0/INFO] [Enigmatic Legacy/]: Believer: Crobee, UUID: ed207d6d-0bec-4e0b-9674-d8455f017441
[20Dec2025 16:16:20.981] [modloading-worker-0/INFO] [Enigmatic Legacy/]: Believer: Exlor, UUID: d45f7a78-513c-43ed-b2f7-6447a92ddaf2
[20Dec2025 16:16:20.981] [modloading-worker-0/INFO] [Enigmatic Legacy/]: Believer: IaruEmbyr, UUID: 97b38aa9-8c8b-4b50-8b69-f71db9a5c2d3
[20Dec2025 16:16:20.981] [modloading-worker-0/INFO] [Enigmatic Legacy/]: Believer: HunterPhantom, UUID: b818e7a3-997e-4456-a7f0-dc7c97c42892
[20Dec2025 16:16:20.981] [modloading-worker-0/INFO] [Enigmatic Legacy/]: Believer: Azure, UUID: 4aeb4bcc-e4b3-4851-9c1f-13d41ad7f37c
[20Dec2025 16:16:20.981] [modloading-worker-0/INFO] [Enigmatic Legacy/]: Believer: PixelVoxel, UUID: f9e9d0d6-eb43-46db-ae6e-b0950668c06d
[20Dec2025 16:16:20.982] [modloading-worker-0/INFO] [Enigmatic Legacy/]: Believer: Izures, UUID: 4c2145c9-be1a-4ae4-bb9f-0003bd221a98
[20Dec2025 16:16:20.980] [modloading-worker-0/INFO] [com.teampotato.redirector.Redirector/]: Redirecting snownee/jade/addon/vanilla/PotionEffectsProvider
[20Dec2025 16:16:20.982] [modloading-worker-0/INFO] [Enigmatic Legacy/]: Believer: 0thLaw, UUID: a4ef9810-6c0b-45a6-9895-6bbebc70e001
[20Dec2025 16:16:20.983] [modloading-worker-0/INFO] [Enigmatic Legacy/]: Believer: Nexus, UUID: 08e81c68-0a2f-4625-882b-ddcf3c86e351
[20Dec2025 16:16:20.983] [modloading-worker-0/INFO] [Enigmatic Legacy/]: Believer: Fetrex, UUID: d7d73994-0fa5-4690-a8dd-4dc850563f4e
[20Dec2025 16:16:20.983] [modloading-worker-0/INFO] [Enigmatic Legacy/]: Believer: MasterGentar, UUID: 86a110be-dc85-4d2c-82d3-3669cb61db8f
[20Dec2025 16:16:20.983] [modloading-worker-0/INFO] [Enigmatic Legacy/]: Believer: Dimagic, UUID: 34128f78-ad16-4ef3-a647-bb13f0aea775
[20Dec2025 16:16:20.983] [modloading-worker-0/INFO] [Enigmatic Legacy/]: Believer: probablyastar, UUID: 8f0f3658-5644-4f21-b5ea-324153338d87
[20Dec2025 16:16:20.983] [modloading-worker-0/INFO] [Enigmatic Legacy/]: Believer: Toastr125, UUID: 5cd5f647-d3bb-412e-b60c-0aaae21bcddd
[20Dec2025 16:16:20.983] [modloading-worker-0/INFO] [com.teampotato.redirector.Redirector/]: Redirecting snownee/jade/addon/vanilla/MobGrowthProvider
[20Dec2025 16:16:20.983] [modloading-worker-0/INFO] [Enigmatic Legacy/]: Believer: YesPyro, UUID: 82a617a0-56fe-4ead-82d4-9d968ca7c777
[20Dec2025 16:16:20.984] [modloading-worker-0/INFO] [Enigmatic Legacy/]: Believer: Amadhe, UUID: 8bdb26a8-7687-49e5-829b-f298cfc10508
[20Dec2025 16:16:20.984] [modloading-worker-0/INFO] [Enigmatic Legacy/]: Believer: BAN30x, UUID: 4822d847-93c1-4efd-bd9f-b2d56ba1608d
[20Dec2025 16:16:20.984] [modloading-worker-0/INFO] [com.teampotato.redirector.Redirector/]: Redirecting snownee/jade/addon/vanilla/MobBreedingProvider
[20Dec2025 16:16:20.984] [modloading-worker-0/INFO] [Enigmatic Legacy/]: Believer: Hyperion, UUID: 143e257c-b945-4700-85d2-ebcf63c1811f
[20Dec2025 16:16:20.985] [modloading-worker-0/INFO] [Enigmatic Legacy/]: Believer: prism182, UUID: f9048245-89cb-456c-aa2b-cc8e9d8b8c76
[20Dec2025 16:16:20.985] [modloading-worker-0/INFO] [Enigmatic Legacy/]: Believer: Celeste-ialGamer, UUID: 4822d847-93c1-4efd-bd9f-b2d56ba1608d
[20Dec2025 16:16:20.985] [modloading-worker-0/INFO] [Enigmatic Legacy/]: Believer: Snow_guy864335, UUID: a4fa93e5-c243-4b7b-b69a-6943152a5d2d
[20Dec2025 16:16:20.985] [modloading-worker-0/INFO] [Enigmatic Legacy/]: Believer: Dvyant, UUID: f75e74cb-d289-459f-8d28-ea3668541e32
[20Dec2025 16:16:20.985] [modloading-worker-0/INFO] [Enigmatic Legacy/]: Believer: Naoro, UUID: 7a195143-a6cd-4efb-8e57-deac4b7636d7
[20Dec2025 16:16:20.985] [modloading-worker-0/INFO] [Enigmatic Legacy/]: Believer: millie, UUID: f4fac73a-0ada-4e50-bbed-61b06f1a4d18
[20Dec2025 16:16:20.985] [modloading-worker-0/INFO] [Enigmatic Legacy/]: Believer: NinjaFox, UUID: 834a2387-6dec-4d57-8bd3-72be2a54ed54
[20Dec2025 16:16:20.985] [modloading-worker-0/INFO] [Enigmatic Legacy/]: Believer: ProstoChel, UUID: 1fd0b74a-536b-4a65-a849-5c607c950396
[20Dec2025 16:16:20.985] [modloading-worker-0/INFO] [Enigmatic Legacy/]: Believer: (Ne)TyMVS, UUID: ac159e63-a757-4f7d-8c2c-73469a715ff3
[20Dec2025 16:16:20.985] [modloading-worker-0/INFO] [Enigmatic Legacy/]: Believer: TheMuffinMan, UUID: 20f48143-1e09-4c89-9c85-085b70c76953
[20Dec2025 16:16:20.986] [modloading-worker-0/INFO] [Enigmatic Legacy/]: Believer: solmortis, UUID: f6dbd5e9-701c-4c76-8a48-0ba4b687c76d
[20Dec2025 16:16:20.986] [modloading-worker-0/INFO] [Enigmatic Legacy/]: Believer: Eternal_Banisher, UUID: 387aa6d4-f388-400f-b9c5-1514f238ceae
[20Dec2025 16:16:20.986] [modloading-worker-0/INFO] [Enigmatic Legacy/]: Believer: AbsorbingSafe11, UUID: 343ad979-87b7-4dfa-88b8-3f3fdc2e00ab
[20Dec2025 16:16:20.986] [modloading-worker-0/INFO] [Enigmatic Legacy/]: Believer: Stygian, UUID: f6c7001f-4ce8-43f7-b4a1-a9d9d5fadb93
[20Dec2025 16:16:20.986] [modloading-worker-0/INFO] [Enigmatic Legacy/]: Believer: PikachuGabe0, UUID: ca7b21a6-76a5-4ea6-af48-b90f66e4f2b1
[20Dec2025 16:16:20.986] [modloading-worker-0/INFO] [Enigmatic Legacy/]: Believer: Purifier, UUID: 58c97c29-2c25-4320-a1d2-8e5651de506b
[20Dec2025 16:16:20.986] [modloading-worker-0/INFO] [Enigmatic Legacy/]: Believer: Sam/Barker, UUID: 0179c9aa-12c8-423c-bf96-d53c9ed479dd
[20Dec2025 16:16:20.986] [modloading-worker-0/INFO] [Enigmatic Legacy/]: Believer: Ciege, UUID: 48b866bf-a574-4a10-b7bd-2d83d056452d
[20Dec2025 16:16:20.986] [modloading-worker-0/INFO] [Enigmatic Legacy/]: Believer: Solbaify, UUID: 5679a7e1-29f4-4bdc-bd60-5f642d95ad68
[20Dec2025 16:16:20.986] [modloading-worker-0/INFO] [Enigmatic Legacy/]: Believer: Samola345, UUID: b657c54f-3174-4434-bed8-14d7be8634b3
[20Dec2025 16:16:20.986] [modloading-worker-0/INFO] [Enigmatic Legacy/]: Believer: Ozzi, UUID: 7d52df8b-963d-45c2-9c8a-aa7f20ae0659
[20Dec2025 16:16:20.986] [modloading-worker-0/INFO] [Enigmatic Legacy/]: Believer: Arix, UUID: c13feccd-e582-4ae1-aee7-35e8acf7e9e1
[20Dec2025 16:16:20.986] [modloading-worker-0/INFO] [Enigmatic Legacy/]: Believer: Nechronom, UUID: 84b933b8-9688-4021-a039-eed55c985548
[20Dec2025 16:16:20.986] [modloading-worker-0/INFO] [Enigmatic Legacy/]: Believer: Thauma, UUID: facc8bc4-a623-47dc-af89-ba979ac159b5
[20Dec2025 16:16:20.986] [modloading-worker-0/INFO] [Enigmatic Legacy/]: Believer: GrekvarZikurah, UUID: f251c109-8214-4882-b0b4-332441843a50
[20Dec2025 16:16:20.986] [modloading-worker-0/INFO] [Enigmatic Legacy/]: Believer: Sebaty5, UUID: c6dd33f1-e851-40b4-840d-6af5ebe4ea3b
[20Dec2025 16:16:20.986] [modloading-worker-0/INFO] [Enigmatic Legacy/]: Believer: MarceDev, UUID: 24b26788-1ce6-44a6-a4df-45202850a9ef
[20Dec2025 16:16:20.986] [modloading-worker-0/INFO] [Enigmatic Legacy/]: Believer: Xathanon, UUID: 806dc0b8-7d90-4776-b870-37fda466a13f
[20Dec2025 16:16:20.986] [modloading-worker-0/INFO] [Enigmatic Legacy/]: Believer: Jusey1, UUID: 5f311b1c-8557-42cc-9c33-3605ea8f524f
[20Dec2025 16:16:20.987] [modloading-worker-0/INFO] [Enigmatic Legacy/]: Believer: swagfredbear27, UUID: c98b3962-3ea9-47f8-820d-134ce2691af0
[20Dec2025 16:16:20.987] [modloading-worker-0/INFO] [Enigmatic Legacy/]: Believer: CrazyHamburger, UUID: 57282a53-522e-4f8c-9f44-19d2068668d7
[20Dec2025 16:16:20.987] [modloading-worker-0/INFO] [Enigmatic Legacy/]: Believer: UwUent, UUID: 43124493-b135-4467-8460-f04e7e845b63
[20Dec2025 16:16:20.987] [modloading-worker-0/INFO] [Enigmatic Legacy/]: Believer: angelman, UUID: 85efda35-7bc1-48c5-a392-f3c23047212f
[20Dec2025 16:16:20.987] [modloading-worker-0/INFO] [Enigmatic Legacy/]: Believer: Madis0, UUID: 581a3f25-db2c-4e52-9823-62e9e4730daa
[20Dec2025 16:16:20.987] [modloading-worker-0/INFO] [Enigmatic Legacy/]: Believer: Destiny, UUID: 38edb8bc-816f-47b7-95d9-f67af6017f2f
[20Dec2025 16:16:20.987] [modloading-worker-0/INFO] [Enigmatic Legacy/INFO]: Load completion phase finished successfully
[20Dec2025 16:16:20.987] [modloading-worker-0/INFO] [com.teampotato.redirector.Redirector/]: Redirecting snownee/jade/addon/vanilla/ChickenEggProvider
[20Dec2025 16:16:20.988] [modloading-worker-0/INFO] [Jade/]: Start loading plugin at snownee.jade.addon.universal.UniversalPlugin
[20Dec2025 16:16:20.989] [modloading-worker-0/INFO] [com.teampotato.redirector.Redirector/]: Redirecting snownee/jade/addon/universal/ItemStorageProvider
[20Dec2025 16:16:20.993] [modloading-worker-0/INFO] [com.teampotato.redirector.Redirector/]: Redirecting snownee/jade/addon/universal/EntityItemStorageProvider
[20Dec2025 16:16:20.993] [modloading-worker-0/INFO] [com.teampotato.redirector.Redirector/]: Redirecting snownee/jade/addon/universal/FluidStorageProvider
[20Dec2025 16:16:20.995] [modloading-worker-0/INFO] [com.teampotato.redirector.Redirector/]: Redirecting snownee/jade/addon/universal/EntityFluidStorageProvider
[20Dec2025 16:16:20.997] [modloading-worker-0/INFO] [com.teampotato.redirector.Redirector/]: Redirecting snownee/jade/addon/universal/EnergyStorageProvider
[20Dec2025 16:16:20.998] [modloading-worker-0/INFO] [com.teampotato.redirector.Redirector/]: Redirecting snownee/jade/addon/universal/EntityEnergyStorageProvider
[20Dec2025 16:16:21.000] [Forge Version Check/INFO] [net.minecraftforge.fml.VersionChecker/]: [toms_storage] Found status: BETA Current: 1.5.11 Target: 1.5.11
[20Dec2025 16:16:21.000] [modloading-worker-0/INFO] [com.teampotato.redirector.Redirector/]: Redirecting snownee/jade/addon/universal/ProgressProvider
[20Dec2025 16:16:21.000] [Forge Version Check/INFO] [net.minecraftforge.fml.VersionChecker/]: [majruszlibrary] Starting version check at https://raw.githubusercontent.com/Majrusz/MinecraftCommon/main/Library/update.json
[20Dec2025 16:16:21.001] [modloading-worker-0/INFO] [com.teampotato.redirector.Redirector/]: Redirecting snownee/jade/addon/universal/EntityProgressProvider
[20Dec2025 16:16:21.001] [modloading-worker-0/INFO] [Jade/]: Start loading plugin at snownee.jade.addon.core.CorePlugin
[20Dec2025 16:16:21.003] [modloading-worker-0/INFO] [com.teampotato.redirector.Redirector/]: Redirecting snownee/jade/addon/core/RegistryNameProvider$Mode
[20Dec2025 16:16:21.005] [modloading-worker-0/INFO] [com.teampotato.redirector.Redirector/]: Redirecting snownee/jade/addon/core/ObjectNameProvider
[20Dec2025 16:16:21.006] [modloading-worker-0/INFO] [Jade/]: Start loading plugin at de.maxhenkel.easyvillagers.integration.waila.PluginEasyVillagers
[20Dec2025 16:16:21.006] [modloading-worker-0/INFO] [Jade/]: Start loading plugin at com.jaquadro.minecraft.storagedrawers.integration.Waila
[20Dec2025 16:16:21.017] [Forge Version Check/INFO] [net.minecraftforge.fml.VersionChecker/]: [majruszlibrary] Found status: AHEAD Current: 7.0.5-backport.1 Target: null
[20Dec2025 16:16:21.018] [Forge Version Check/INFO] [net.minecraftforge.fml.VersionChecker/]: [mutantmonsters] Starting version check at https://raw.githubusercontent.com/Fuzss/modresources/main/update/mutantmonsters.json
[20Dec2025 16:16:21.029] [Forge Version Check/INFO] [net.minecraftforge.fml.VersionChecker/]: [mutantmonsters] Found status: UP_TO_DATE Current: 4.0.6 Target: null
[20Dec2025 16:16:21.029] [Forge Version Check/INFO] [net.minecraftforge.fml.VersionChecker/]: [attributefix] Starting version check at https://updates.blamejared.com/get?n=attributefix&gv=1.19.2
[20Dec2025 16:16:21.127] [Forge Version Check/INFO] [net.minecraftforge.fml.VersionChecker/]: [attributefix] Found status: BETA Current: 17.2.8 Target: 17.2.8
[20Dec2025 16:16:21.128] [Forge Version Check/INFO] [net.minecraftforge.fml.VersionChecker/]: [crafttweaker] Starting version check at https://updates.blamejared.com/get?n=crafttweaker&gv=1.19.2
[20Dec2025 16:16:21.221] [main/INFO] [com.teampotato.redirector.Redirector/]: Redirecting org/embeddedt/modernfix/util/BakeReason
[20Dec2025 16:16:21.225] [Forge Version Check/INFO] [net.minecraftforge.fml.VersionChecker/]: [crafttweaker] Found status: BETA Current: 10.1.56 Target: 10.1.56
[20Dec2025 16:16:21.225] [Forge Version Check/INFO] [net.minecraftforge.fml.VersionChecker/]: [forge] Starting version check at https://files.minecraftforge.net/net/minecraftforge/forge/promotions_slim.json
[20Dec2025 16:16:21.311] [Forge Version Check/INFO] [net.minecraftforge.fml.VersionChecker/]: [forge] Found status: OUTDATED Current: 43.3.5 Target: 43.5.0
[20Dec2025 16:16:21.311] [Forge Version Check/INFO] [net.minecraftforge.fml.VersionChecker/]: [commonality] Starting version check at https://api.modrinth.com/updates/apexcore/forge_updates.json
[20Dec2025 16:16:21.349] [main/INFO] [com.mojang.authlib.yggdrasil.YggdrasilAuthenticationService/]: Environment: authHost='https://authserver.mojang.com', accountsHost='https://api.mojang.com', sessionHost='https://sessionserver.mojang.com', servicesHost='https://api.minecraftservices.com', name='PROD'
[20Dec2025 16:16:21.396] [Forge Version Check/INFO] [net.minecraftforge.fml.VersionChecker/]: [commonality] Found status: OUTDATED Current: 4.2.1 Target: 7.3.1
[20Dec2025 16:16:21.396] [Forge Version Check/INFO] [net.minecraftforge.fml.VersionChecker/]: [canary] Starting version check at https://github.com/AbdElAziz333/Canary/raw/mc1.19.2/dev/updates.json
[20Dec2025 16:16:21.415] [Forge Version Check/INFO] [net.minecraftforge.fml.VersionChecker/]: [canary] Found status: UP_TO_DATE Current: 0.3.3 Target: null
[20Dec2025 16:16:21.415] [Forge Version Check/INFO] [net.minecraftforge.fml.VersionChecker/]: [puzzleslib] Starting version check at https://raw.githubusercontent.com/Fuzss/modresources/main/update/puzzleslib.json
[20Dec2025 16:16:21.425] [Forge Version Check/INFO] [net.minecraftforge.fml.VersionChecker/]: [puzzleslib] Found status: UP_TO_DATE Current: 4.4.3 Target: null
[20Dec2025 16:16:21.425] [Forge Version Check/INFO] [net.minecraftforge.fml.VersionChecker/]: [blue_skies] Starting version check at http://changelogs.moddinglegacy.com/blue-skies.json
[20Dec2025 16:16:21.596] [Forge Version Check/INFO] [net.minecraftforge.fml.VersionChecker/]: [blue_skies] Found status: UP_TO_DATE Current: 1.3.20 Target: null
[20Dec2025 16:16:21.596] [Forge Version Check/INFO] [net.minecraftforge.fml.VersionChecker/]: [aether] Starting version check at https://github.com/The-Aether-Team/The-Aether/raw/1.19.2-develop/update.json
[20Dec2025 16:16:21.622] [Forge Version Check/INFO] [net.minecraftforge.fml.VersionChecker/]: [aether] Found status: OUTDATED Current: 1.19.2-1.4.2-forge Target: 1.19.2-1.5.1-forge
[20Dec2025 16:16:21.623] [Forge Version Check/INFO] [net.minecraftforge.fml.VersionChecker/]: [prism] Starting version check at https://mc-update-check.anthonyhilyard.com/638111
[20Dec2025 16:16:21.644] [Forge Version Check/INFO] [net.minecraftforge.fml.VersionChecker/]: [prism] Found status: UP_TO_DATE Current: 1.0.2 Target: null
[20Dec2025 16:16:21.644] [Forge Version Check/INFO] [net.minecraftforge.fml.VersionChecker/]: [bookshelf] Starting version check at https://updates.blamejared.com/get?n=bookshelf&gv=1.19.2
[20Dec2025 16:16:21.741] [Forge Version Check/INFO] [net.minecraftforge.fml.VersionChecker/]: [bookshelf] Found status: BETA Current: 16.3.20 Target: 16.3.20
[20Dec2025 16:16:21.741] [Forge Version Check/INFO] [net.minecraftforge.fml.VersionChecker/]: [twilightforest] Starting version check at https://gh.tamaized.com/TeamTwilight/twilightforest/update.json
[20Dec2025 16:16:21.848] [Forge Version Check/INFO] [net.minecraftforge.fml.VersionChecker/]: [twilightforest] Found status: BETA Current: 4.2.1518 Target: null
[20Dec2025 16:16:21.848] [Forge Version Check/INFO] [net.minecraftforge.fml.VersionChecker/]: [delightful] Starting version check at https://raw.githubusercontent.com/brnbrd/Delightful/1.19/update/update.json
[20Dec2025 16:16:21.857] [Forge Version Check/INFO] [net.minecraftforge.fml.VersionChecker/]: [delightful] Found status: BETA Current: 3.4.1 Target: null
[20Dec2025 16:16:21.857] [Forge Version Check/INFO] [net.minecraftforge.fml.VersionChecker/]: [nightconfigfixes] Starting version check at https://raw.githubusercontent.com/Fuzss/modresources/main/update/nightconfigfixes.json
[20Dec2025 16:16:21.865] [Forge Version Check/INFO] [net.minecraftforge.fml.VersionChecker/]: [nightconfigfixes] Found status: UP_TO_DATE Current: 4.0.7 Target: null
[20Dec2025 16:16:21.868] [Forge Version Check/INFO] [net.minecraftforge.fml.VersionChecker/]: [smallships] Starting version check at https://raw.githubusercontent.com/talhanation/smallships/main/update.json
[20Dec2025 16:16:21.871] [main/INFO] [com.teampotato.redirector.Redirector/]: Redirecting net/minecraft/nbt/StreamTagVisitor$ValueResult
[20Dec2025 16:16:21.872] [main/INFO] [com.teampotato.redirector.Redirector/]: Redirecting net/minecraft/nbt/StreamTagVisitor$EntryResult
[20Dec2025 16:16:21.881] [Forge Version Check/INFO] [net.minecraftforge.fml.VersionChecker/]: [smallships] Found status: AHEAD Current: 2.0.0-b1.3.1 Target: null
[20Dec2025 16:16:21.882] [Forge Version Check/INFO] [net.minecraftforge.fml.VersionChecker/]: [majruszsaccessories] Starting version check at https://raw.githubusercontent.com/Majrusz/MinecraftCommon/main/Accessories/update.json
[20Dec2025 16:16:21.895] [Forge Version Check/INFO] [net.minecraftforge.fml.VersionChecker/]: [majruszsaccessories] Found status: AHEAD Current: 1.5.2-backport.2 Target: null
[20Dec2025 16:16:21.895] [Forge Version Check/INFO] [net.minecraftforge.fml.VersionChecker/]: [obscure_api] Starting version check at https://raw.githubusercontent.com/ObscuriaLithium/Home/main/obscure_api/versions.json
[20Dec2025 16:16:21.910] [Forge Version Check/WARN] [net.minecraftforge.fml.VersionChecker/]: Failed to process update information
com.google.gson.JsonSyntaxException: java.lang.IllegalStateException: Expected BEGIN_OBJECT but was NUMBER at line 1 column 4 path $
	at com.google.gson.Gson.fromJson(Gson.java:975) ~[gson-2.8.9.jar%2370!/:?]
	at com.google.gson.Gson.fromJson(Gson.java:928) ~[gson-2.8.9.jar%2370!/:?]
	at com.google.gson.Gson.fromJson(Gson.java:877) ~[gson-2.8.9.jar%2370!/:?]
	at com.google.gson.Gson.fromJson(Gson.java:848) ~[gson-2.8.9.jar%2370!/:?]
	at net.minecraftforge.fml.VersionChecker$1.process(VersionChecker.java:183) ~[fmlcore-1.19.2-43.3.5.jar%23522!/:?]
	at java.lang.Iterable.forEach(Iterable.java:75) [?:?]
	at net.minecraftforge.fml.VersionChecker$1.run(VersionChecker.java:114) [fmlcore-1.19.2-43.3.5.jar%23522!/:?]
Caused by: java.lang.IllegalStateException: Expected BEGIN_OBJECT but was NUMBER at line 1 column 4 path $
	at com.google.gson.stream.JsonReader.beginObject(JsonReader.java:384) ~[gson-2.8.9.jar%2370!/:?]
	at com.google.gson.internal.bind.MapTypeAdapterFactory$Adapter.read(MapTypeAdapterFactory.java:183) ~[gson-2.8.9.jar%2370!/:?]
	at com.google.gson.internal.bind.MapTypeAdapterFactory$Adapter.read(MapTypeAdapterFactory.java:145) ~[gson-2.8.9.jar%2370!/:?]
	at com.google.gson.Gson.fromJson(Gson.java:963) ~[gson-2.8.9.jar%2370!/:?]
	... 6 more
[20Dec2025 16:16:21.911] [Forge Version Check/INFO] [net.minecraftforge.fml.VersionChecker/]: [aquamirae] Starting version check at https://raw.githubusercontent.com/ObscuriaLithium/Home/main/aquamirae/versions.json
[20Dec2025 16:16:21.926] [Forge Version Check/WARN] [net.minecraftforge.fml.VersionChecker/]: Failed to process update information
com.google.gson.JsonSyntaxException: java.lang.IllegalStateException: Expected BEGIN_OBJECT but was NUMBER at line 1 column 4 path $
	at com.google.gson.Gson.fromJson(Gson.java:975) ~[gson-2.8.9.jar%2370!/:?]
	at com.google.gson.Gson.fromJson(Gson.java:928) ~[gson-2.8.9.jar%2370!/:?]
	at com.google.gson.Gson.fromJson(Gson.java:877) ~[gson-2.8.9.jar%2370!/:?]
	at com.google.gson.Gson.fromJson(Gson.java:848) ~[gson-2.8.9.jar%2370!/:?]
	at net.minecraftforge.fml.VersionChecker$1.process(VersionChecker.java:183) ~[fmlcore-1.19.2-43.3.5.jar%23522!/:?]
	at java.lang.Iterable.forEach(Iterable.java:75) [?:?]
	at net.minecraftforge.fml.VersionChecker$1.run(VersionChecker.java:114) [fmlcore-1.19.2-43.3.5.jar%23522!/:?]
Caused by: java.lang.IllegalStateException: Expected BEGIN_OBJECT but was NUMBER at line 1 column 4 path $
	at com.google.gson.stream.JsonReader.beginObject(JsonReader.java:384) ~[gson-2.8.9.jar%2370!/:?]
	at com.google.gson.internal.bind.MapTypeAdapterFactory$Adapter.read(MapTypeAdapterFactory.java:183) ~[gson-2.8.9.jar%2370!/:?]
	at com.google.gson.internal.bind.MapTypeAdapterFactory$Adapter.read(MapTypeAdapterFactory.java:145) ~[gson-2.8.9.jar%2370!/:?]
	at com.google.gson.Gson.fromJson(Gson.java:963) ~[gson-2.8.9.jar%2370!/:?]
	... 6 more
[20Dec2025 16:16:21.927] [Forge Version Check/INFO] [net.minecraftforge.fml.VersionChecker/]: [clumps] Starting version check at https://updates.blamejared.com/get?n=clumps&gv=1.19.2
[20Dec2025 16:16:21.933] [main/INFO] [com.teampotato.redirector.Redirector/]: Redirecting net/minecraft/util/datafix/DataFixTypes
[20Dec2025 16:16:21.959] [main/WARN] [net.minecraft.server.packs.VanillaPackResources/]: Assets URL 'union:/workspaces/testing23/servidor_minecraft/libraries/net/minecraft/server/1.19.2-20220805.130853/server-1.19.2-20220805.130853-srg.jar%23521!/assets/.mcassetsroot' uses unexpected schema
[20Dec2025 16:16:21.959] [main/WARN] [net.minecraft.server.packs.VanillaPackResources/]: Assets URL 'union:/workspaces/testing23/servidor_minecraft/libraries/net/minecraft/server/1.19.2-20220805.130853/server-1.19.2-20220805.130853-srg.jar%23521!/data/.mcassetsroot' uses unexpected schema
[20Dec2025 16:16:22.042] [Forge Version Check/INFO] [net.minecraftforge.fml.VersionChecker/]: [clumps] Found status: BETA Current: 9.0.0+14 Target: 9.0.0+14
[20Dec2025 16:16:22.042] [Forge Version Check/INFO] [net.minecraftforge.fml.VersionChecker/]: [badmobs] Starting version check at https://updates.blamejared.com/get?n=badmobs&gv=1.19.2
[20Dec2025 16:16:22.073] [main/INFO] [com.teampotato.redirector.Redirector/]: Redirecting net/minecraft/server/packs/repository/Pack$Position
[20Dec2025 16:16:22.079] [main/INFO] [com.teampotato.redirector.Redirector/]: Redirecting de/cristelknight999/t_and_t/utils/RepositorySourceMaker$FilePackType
[20Dec2025 16:16:22.139] [Forge Version Check/INFO] [net.minecraftforge.fml.VersionChecker/]: [badmobs] Found status: BETA Current: 16.1.3 Target: 16.1.3
[20Dec2025 16:16:22.139] [Forge Version Check/INFO] [net.minecraftforge.fml.VersionChecker/]: [dungeons_andtaverns_mr] Starting version check at https://api.modrinth.comauth/init?url=https://modrinth.com/datapack/dungeons-and-taverns/version/2.0.2/updates/tpehi7ww/forge_updates.json
[20Dec2025 16:16:22.154] [main/INFO] [com.teampotato.redirector.Redirector/]: Redirecting net/minecraft/server/packs/repository/PackCompatibility
[20Dec2025 16:16:22.158] [main/INFO] [com.teampotato.redirector.Redirector/]: Redirecting net/minecraft/Util$OS
[20Dec2025 16:16:22.450] [Forge Version Check/WARN] [net.minecraftforge.fml.VersionChecker/]: Failed to process update information
java.net.ConnectException: null
	at jdk.internal.net.http.HttpClientImpl.send(HttpClientImpl.java:900) ~[java.net.http:?]
	at jdk.internal.net.http.HttpClientFacade.send(HttpClientFacade.java:133) ~[java.net.http:?]
	at net.minecraftforge.fml.VersionChecker$1.openUrlString(VersionChecker.java:139) ~[fmlcore-1.19.2-43.3.5.jar%23522!/:?]
	at net.minecraftforge.fml.VersionChecker$1.process(VersionChecker.java:177) ~[fmlcore-1.19.2-43.3.5.jar%23522!/:?]
	at java.lang.Iterable.forEach(Iterable.java:75) [?:?]
	at net.minecraftforge.fml.VersionChecker$1.run(VersionChecker.java:114) [fmlcore-1.19.2-43.3.5.jar%23522!/:?]
Caused by: java.net.ConnectException
	at jdk.internal.net.http.common.Utils.toConnectException(Utils.java:1107) ~[java.net.http:?]
	at jdk.internal.net.http.PlainHttpConnection.connectAsync(PlainHttpConnection.java:203) ~[java.net.http:?]
	at jdk.internal.net.http.AsyncSSLConnection.connectAsync(AsyncSSLConnection.java:56) ~[java.net.http:?]
	at jdk.internal.net.http.Http2Connection.createAsync(Http2Connection.java:450) ~[java.net.http:?]
	at jdk.internal.net.http.Http2ClientImpl.getConnectionFor(Http2ClientImpl.java:133) ~[java.net.http:?]
	at jdk.internal.net.http.ExchangeImpl.get(ExchangeImpl.java:98) ~[java.net.http:?]
	at jdk.internal.net.http.Exchange.establishExchange(Exchange.java:374) ~[java.net.http:?]
	at jdk.internal.net.http.Exchange.responseAsyncImpl0(Exchange.java:567) ~[java.net.http:?]
	at jdk.internal.net.http.Exchange.responseAsyncImpl(Exchange.java:411) ~[java.net.http:?]
	at jdk.internal.net.http.Exchange.responseAsync(Exchange.java:403) ~[java.net.http:?]
	at jdk.internal.net.http.MultiExchange.responseAsyncImpl(MultiExchange.java:430) ~[java.net.http:?]
	at jdk.internal.net.http.MultiExchange.lambda$responseAsyncImpl$7(MultiExchange.java:471) ~[java.net.http:?]
	at java.util.concurrent.CompletableFuture.uniHandle(CompletableFuture.java:934) ~[?:?]
	at java.util.concurrent.CompletableFuture.uniHandleStage(CompletableFuture.java:950) ~[?:?]
	at java.util.concurrent.CompletableFuture.handle(CompletableFuture.java:2340) ~[?:?]
	at jdk.internal.net.http.MultiExchange.responseAsyncImpl(MultiExchange.java:461) ~[java.net.http:?]
	at jdk.internal.net.http.MultiExchange.lambda$responseAsync0$2(MultiExchange.java:350) ~[java.net.http:?]
	at java.util.concurrent.CompletableFuture$UniCompose.tryFire(CompletableFuture.java:1150) ~[?:?]
	at java.util.concurrent.CompletableFuture.postComplete(CompletableFuture.java:510) ~[?:?]
	at java.util.concurrent.CompletableFuture$AsyncSupply.run(CompletableFuture.java:1773) ~[?:?]
	at jdk.internal.net.http.HttpClientImpl$DelegatingExecutor.execute(HttpClientImpl.java:174) ~[java.net.http:?]
	at java.util.concurrent.CompletableFuture.completeAsync(CompletableFuture.java:2673) ~[?:?]
	at jdk.internal.net.http.MultiExchange.responseAsync(MultiExchange.java:303) ~[java.net.http:?]
	at jdk.internal.net.http.HttpClientImpl.sendAsync(HttpClientImpl.java:991) ~[java.net.http:?]
	at jdk.internal.net.http.HttpClientImpl.send(HttpClientImpl.java:878) ~[java.net.http:?]
	... 5 more
Caused by: java.nio.channels.UnresolvedAddressException
	at sun.nio.ch.Net.checkAddress(Net.java:149) ~[?:?]
	at sun.nio.ch.Net.checkAddress(Net.java:157) ~[?:?]
	at sun.nio.ch.SocketChannelImpl.checkRemote(SocketChannelImpl.java:816) ~[?:?]
	at sun.nio.ch.SocketChannelImpl.connect(SocketChannelImpl.java:839) ~[?:?]
	at jdk.internal.net.http.PlainHttpConnection.lambda$connectAsync$0(PlainHttpConnection.java:187) ~[java.net.http:?]
	at java.security.AccessController.doPrivileged(AccessController.java:569) ~[?:?]
	at jdk.internal.net.http.PlainHttpConnection.connectAsync(PlainHttpConnection.java:189) ~[java.net.http:?]
	at jdk.internal.net.http.AsyncSSLConnection.connectAsync(AsyncSSLConnection.java:56) ~[java.net.http:?]
	at jdk.internal.net.http.Http2Connection.createAsync(Http2Connection.java:450) ~[java.net.http:?]
	at jdk.internal.net.http.Http2ClientImpl.getConnectionFor(Http2ClientImpl.java:133) ~[java.net.http:?]
	at jdk.internal.net.http.ExchangeImpl.get(ExchangeImpl.java:98) ~[java.net.http:?]
	at jdk.internal.net.http.Exchange.establishExchange(Exchange.java:374) ~[java.net.http:?]
	at jdk.internal.net.http.Exchange.responseAsyncImpl0(Exchange.java:567) ~[java.net.http:?]
	at jdk.internal.net.http.Exchange.responseAsyncImpl(Exchange.java:411) ~[java.net.http:?]
	at jdk.internal.net.http.Exchange.responseAsync(Exchange.java:403) ~[java.net.http:?]
	at jdk.internal.net.http.MultiExchange.responseAsyncImpl(MultiExchange.java:430) ~[java.net.http:?]
	at jdk.internal.net.http.MultiExchange.lambda$responseAsyncImpl$7(MultiExchange.java:471) ~[java.net.http:?]
	at java.util.concurrent.CompletableFuture.uniHandle(CompletableFuture.java:934) ~[?:?]
	at java.util.concurrent.CompletableFuture.uniHandleStage(CompletableFuture.java:950) ~[?:?]
	at java.util.concurrent.CompletableFuture.handle(CompletableFuture.java:2340) ~[?:?]
	at jdk.internal.net.http.MultiExchange.responseAsyncImpl(MultiExchange.java:461) ~[java.net.http:?]
	at jdk.internal.net.http.MultiExchange.lambda$responseAsync0$2(MultiExchange.java:350) ~[java.net.http:?]
	at java.util.concurrent.CompletableFuture$UniCompose.tryFire(CompletableFuture.java:1150) ~[?:?]
	at java.util.concurrent.CompletableFuture.postComplete(CompletableFuture.java:510) ~[?:?]
	at java.util.concurrent.CompletableFuture$AsyncSupply.run(CompletableFuture.java:1773) ~[?:?]
	at jdk.internal.net.http.HttpClientImpl$DelegatingExecutor.execute(HttpClientImpl.java:174) ~[java.net.http:?]
	at java.util.concurrent.CompletableFuture.completeAsync(CompletableFuture.java:2673) ~[?:?]
	at jdk.internal.net.http.MultiExchange.responseAsync(MultiExchange.java:303) ~[java.net.http:?]
	at jdk.internal.net.http.HttpClientImpl.sendAsync(HttpClientImpl.java:991) ~[java.net.http:?]
	at jdk.internal.net.http.HttpClientImpl.send(HttpClientImpl.java:878) ~[java.net.http:?]
	... 5 more
[20Dec2025 16:16:22.451] [Forge Version Check/INFO] [net.minecraftforge.fml.VersionChecker/]: [moonlight] Starting version check at https://raw.githubusercontent.com/MehVahdJukaar/Moonlight/multi-loader/forge/update.json
[20Dec2025 16:16:22.462] [Forge Version Check/INFO] [net.minecraftforge.fml.VersionChecker/]: [moonlight] Found status: UP_TO_DATE Current: 1.19.2-2.3.7 Target: null
[20Dec2025 16:16:22.462] [Forge Version Check/INFO] [net.minecraftforge.fml.VersionChecker/]: [eccentrictome] Starting version check at https://api.modrinth.com/updates/eccentric-tome/forge_updates.json
[20Dec2025 16:16:22.496] [Forge Version Check/INFO] [net.minecraftforge.fml.VersionChecker/]: [eccentrictome] Found status: UP_TO_DATE Current: 1.19.2-1.10.2 Target: null
[20Dec2025 16:16:22.496] [Forge Version Check/INFO] [net.minecraftforge.fml.VersionChecker/]: [smoothboot] Starting version check at https://github.com/AbdElAziz333/SmoothBoot-Reloaded/raw/mc1.20.1/dev/updates.json
[20Dec2025 16:16:22.520] [Forge Version Check/INFO] [net.minecraftforge.fml.VersionChecker/]: [smoothboot] Found status: UP_TO_DATE Current: 0.0.4 Target: null
[20Dec2025 16:16:22.520] [Forge Version Check/INFO] [net.minecraftforge.fml.VersionChecker/]: [easy_villagers] Starting version check at https://update.maxhenkel.de/forge/easy_villagers
[20Dec2025 16:16:22.619] [Forge Version Check/INFO] [net.minecraftforge.fml.VersionChecker/]: [easy_villagers] Found status: AHEAD Current: 1.19.2-1.1.23 Target: null
[20Dec2025 16:16:22.619] [Forge Version Check/INFO] [net.minecraftforge.fml.VersionChecker/]: [iceberg] Starting version check at https://mc-update-check.anthonyhilyard.com/520110
[20Dec2025 16:16:22.640] [Forge Version Check/INFO] [net.minecraftforge.fml.VersionChecker/]: [iceberg] Found status: UP_TO_DATE Current: 1.1.4 Target: null
[20Dec2025 16:16:22.640] [Forge Version Check/INFO] [net.minecraftforge.fml.VersionChecker/]: [apexcore] Starting version check at https://api.modrinth.com/updates/apexcore/forge_updates.json
[20Dec2025 16:16:22.683] [Forge Version Check/INFO] [net.minecraftforge.fml.VersionChecker/]: [apexcore] Found status: UP_TO_DATE Current: 7.3.1 Target: null
[20Dec2025 16:16:22.683] [Forge Version Check/INFO] [net.minecraftforge.fml.VersionChecker/]: [fantasyfurniture] Starting version check at https://api.modrinth.com/updates/fantasy-furniture/forge_updates.json
[20Dec2025 16:16:22.728] [Forge Version Check/INFO] [net.minecraftforge.fml.VersionChecker/]: [fantasyfurniture] Found status: UP_TO_DATE Current: 6.7.0 Target: null
[20Dec2025 16:16:22.729] [Forge Version Check/INFO] [net.minecraftforge.fml.VersionChecker/]: [majruszsenchantments] Starting version check at https://raw.githubusercontent.com/Majrusz/MinecraftCommon/main/Enchantments/update.json
[20Dec2025 16:16:22.747] [Forge Version Check/INFO] [net.minecraftforge.fml.VersionChecker/]: [majruszsenchantments] Found status: AHEAD Current: 1.10.7-backport.1 Target: null
[20Dec2025 16:16:23.184] [main/ERROR] [net.minecraftforge.fml.loading.RuntimeDistCleaner/DISTXFORM]: Attempted to load class com/mojang/blaze3d/vertex/PoseStack for invalid dist DEDICATED_SERVER
[20Dec2025 16:16:23.192] [main/INFO] [KubeJS Server/]: example.js#5: Hello, World! (Loaded server scripts)
[20Dec2025 16:16:23.193] [main/INFO] [KubeJS Server/]: Loaded script server_scripts:example.js in 0.001 s
[20Dec2025 16:16:23.193] [main/INFO] [KubeJS Server/]: Loaded 1/1 KubeJS server scripts in 0.013 s
[20Dec2025 16:16:23.193] [main/INFO] [KubeJS Server/]: Scripts loaded
[20Dec2025 16:16:24.268] [main/INFO] [com.teampotato.redirector.Redirector/]: Redirecting com/telepathicgrunt/repurposedstructures/world/structures/GenericJigsawStructure$BURYING_TYPE
[20Dec2025 16:16:24.565] [main/INFO] [com.teampotato.redirector.Redirector/]: Redirecting com/telepathicgrunt/repurposedstructures/world/structures/GenericNetherJigsawStructure$LAND_SEARCH_DIRECTION
[20Dec2025 16:16:24.614] [main/INFO] [com.teampotato.redirector.Redirector/]: Redirecting com/yungnickyoung/minecraft/betterdungeons/world/DungeonType
[20Dec2025 16:16:24.822] [main/INFO] [com.teampotato.redirector.Redirector/]: Redirecting com/telepathicgrunt/repurposedstructures/world/predicates/MatterPhaseRuleTest$MATTER_PHASE
[20Dec2025 16:16:24.922] [main/INFO] [com.teampotato.redirector.Redirector/]: Redirecting com/yungnickyoung/minecraft/bettermineshafts/world/config/BetterMineshaftConfiguration$LegVariant
[20Dec2025 16:16:27.882] [main/INFO] [com.teampotato.redirector.Redirector/]: Redirecting twilightforest/world/components/layer/GenLayerTFBiomes
[20Dec2025 16:16:27.888] [main/INFO] [com.teampotato.redirector.Redirector/]: Redirecting twilightforest/world/components/layer/GenLayerTFKeyBiomes
[20Dec2025 16:16:27.889] [main/INFO] [com.teampotato.redirector.Redirector/]: Redirecting twilightforest/world/components/layer/GenLayerTFCompanionBiomes
[20Dec2025 16:16:27.890] [main/INFO] [com.teampotato.redirector.Redirector/]: Redirecting twilightforest/world/components/layer/vanillalegacy/ZoomLayer
[20Dec2025 16:16:27.891] [main/INFO] [com.teampotato.redirector.Redirector/]: Redirecting twilightforest/world/components/layer/GenLayerTFBiomeStabilize
[20Dec2025 16:16:27.891] [main/INFO] [com.teampotato.redirector.Redirector/]: Redirecting twilightforest/world/components/layer/GenLayerTFThornBorder
[20Dec2025 16:16:27.892] [main/INFO] [com.teampotato.redirector.Redirector/]: Redirecting twilightforest/world/components/layer/GenLayerTFStream
[20Dec2025 16:16:27.893] [main/INFO] [com.teampotato.redirector.Redirector/]: Redirecting twilightforest/world/components/layer/vanillalegacy/SmoothLayer
[20Dec2025 16:16:27.893] [main/INFO] [com.teampotato.redirector.Redirector/]: Redirecting twilightforest/world/components/layer/GenLayerTFRiverMix
[20Dec2025 16:16:27.901] [main/INFO] [com.teampotato.redirector.Redirector/]: Redirecting com/legacy/blue_skies/world/biome_provider/biomes/BiomeIds$Temperature
[20Dec2025 16:16:27.902] [main/INFO] [com.teampotato.redirector.Redirector/]: Redirecting net/minecraft/world/level/levelgen/WorldgenRandom$Algorithm
[20Dec2025 16:16:28.111] [main/INFO] [com.teampotato.redirector.Redirector/]: Redirecting net/minecraft/commands/CommandBuildContext$MissingTagAccessPolicy
[20Dec2025 16:16:28.114] [main/INFO] [mixin/]: Mixing AccessorAdvancementCommands from enigmaticlegacy.mixins.json into net.minecraft.server.commands.AdvancementCommands
[20Dec2025 16:16:28.114] [main/INFO] [mixin/]: Renaming @Accessor method getAdvancementSuggestions()Lcom/mojang/brigadier/suggestion/SuggestionProvider; to getAdvancementSuggestions_$md$eae48a$0 in enigmaticlegacy.mixins.json:AccessorAdvancementCommands
[20Dec2025 16:16:28.180] [main/INFO] [net.minecraftforge.coremod.CoreMod.apotheosis/COREMODLOG]: Replaced 2 calls to Enchantment#getMaxLevel() in net/minecraft/server/commands/EnchantCommand
[20Dec2025 16:16:28.469] [main/INFO] [com.teampotato.redirector.Redirector/]: Redirecting it/hurts/sskirillss/relics/commands/RelicsCommand$CommandAction
[20Dec2025 16:16:28.506] [main/INFO] [com.teampotato.redirector.Redirector/]: Redirecting io/github/edwinmindcraft/apoli/common/data/PowerLoader
[20Dec2025 16:16:28.510] [main/INFO] [com.teampotato.redirector.Redirector/]: Redirecting io/github/edwinmindcraft/origins/common/data/OriginLoader
[20Dec2025 16:16:28.511] [main/INFO] [com.teampotato.redirector.Redirector/]: Redirecting io/github/edwinmindcraft/origins/api/data/PartialOrigin$Serializer
[20Dec2025 16:16:28.512] [main/INFO] [com.teampotato.redirector.Redirector/]: Redirecting io/github/edwinmindcraft/origins/common/data/LayerLoader
[20Dec2025 16:16:28.514] [main/INFO] [com.teampotato.redirector.Redirector/]: Redirecting io/github/edwinmindcraft/origins/api/data/PartialLayer$Serializer
[20Dec2025 16:16:28.515] [main/INFO] [com.teampotato.redirector.Redirector/]: Redirecting io/github/edwinmindcraft/origins/api/data/PartialGuiTitle$Serializer
[20Dec2025 16:16:28.516] [main/INFO] [com.teampotato.redirector.Redirector/]: Redirecting io/github/edwinmindcraft/origins/api/origin/ConditionedOrigin$Serializer
[20Dec2025 16:16:28.517] [main/INFO] [Calio/]: CDRM Initialized with 15 registries
[20Dec2025 16:16:28.520] [main/INFO] [com.github.alexthe666.alexsmobs.AlexsMobs/]: Adding datapack listener capsid_recipes
[20Dec2025 16:16:28.526] [main/INFO] [com.teampotato.redirector.Redirector/]: Redirecting com/stal111/forbidden_arcanus/common/inventory/InputType
[20Dec2025 16:16:28.586] [Worker-Main1/WARN] [mixin/]: Static binding violation: PRIVATE @Overwrite method m_215924_ in modernfix-forge.mixins.json:perf.tag_id_caching.TagEntryMixin cannot reduce visibiliy of PUBLIC target method, visibility will be upgraded.
[20Dec2025 16:16:29.082] [Worker-Main6/ERROR] [net.minecraft.tags.TagLoader/]: Couldn't load tag [#forge:is_end (from enemyexpansion-2.4.0-forge-1.19.2.jar), #forge:is_end (from EE Modded 1.18.zip)] as it is missing following references: #forge:is_end (from enemyexpansion-2.4.0-forge-1.19.2.jar), 
	#forge:is_end (from EE Modded 1.18.zip)
[20Dec2025 16:16:29.105] [Worker-Main2/INFO] [com.cupboard.Cupboard/]: Loaded config for: connectivity.json
[20Dec2025 16:16:29.111] [Worker-Main2/ERROR] [net.minecraft.tags.TagLoader/]: Not a valid resource location: farmersdelight:festive_delight:salmon_verrines Non [a-z0-9/._-] character in path of location: farmersdelight:festive_delight:salmon_verrines
[20Dec2025 16:16:29.111] [Worker-Main2/ERROR] [net.minecraft.tags.TagLoader/]: Couldn't read tag list oef:seafood from oef:tags/items/seafood.json in data pack Origins_Expanded_Foods_v2.3+1.19.2.zip
java.lang.RuntimeException: Not a valid resource location: farmersdelight:festive_delight:salmon_verrines Non [a-z0-9/._-] character in path of location: farmersdelight:festive_delight:salmon_verrines
	at com.mojang.serialization.DataResult.lambda$getOrThrow$4(DataResult.java:100) ~[datafixerupper-5.0.28.jar%2375!/:?]
	at com.mojang.datafixers.util.Either$Right.map(Either.java:99) ~[datafixerupper-5.0.28.jar%2375!/:?]
	at com.mojang.serialization.DataResult.getOrThrow(DataResult.java:93) ~[datafixerupper-5.0.28.jar%2375!/:?]
	at net.minecraft.tags.TagLoader.m_144495_(TagLoader.java:62) ~[server-1.19.2-20220805.130853-srg.jar%23521!/:?]
	at net.minecraft.tags.TagLoader.m_203900_(TagLoader.java:177) ~[server-1.19.2-20220805.130853-srg.jar%23521!/:?]
	at net.minecraft.tags.TagManager.m_203920_(TagManager.java:54) ~[server-1.19.2-20220805.130853-srg.jar%23521!/:?]
	at java.util.concurrent.CompletableFuture$AsyncSupply.run(CompletableFuture.java:1768) [?:?]
	at java.util.concurrent.CompletableFuture$AsyncSupply.exec(CompletableFuture.java:1760) [?:?]
	at java.util.concurrent.ForkJoinTask.doExec(ForkJoinTask.java:373) [?:?]
	at java.util.concurrent.ForkJoinPool$WorkQueue.topLevelExec(ForkJoinPool.java:1182) [?:?]
	at java.util.concurrent.ForkJoinPool.scan(ForkJoinPool.java:1655) [?:?]
	at java.util.concurrent.ForkJoinPool.runWorker(ForkJoinPool.java:1622) [?:?]
	at java.util.concurrent.ForkJoinWorkerThread.run(ForkJoinWorkerThread.java:165) [?:?]
[20Dec2025 16:16:29.216] [Worker-Main2/ERROR] [net.minecraft.tags.TagLoader/]: Couldn't load tag [simplyswords:mythicmetals_compat/banglum/banglum_claymore (from simplyswords-forge-1.47.0-1.19.2.jar), simplyswords:mythicmetals_compat/banglum/banglum_cutlass (from simplyswords-forge-1.47.0-1.19.2.jar), simplyswords:mythicmetals_compat/banglum/banglum_glaive (from simplyswords-forge-1.47.0-1.19.2.jar), simplyswords:mythicmetals_compat/banglum/banglum_katana (from simplyswords-forge-1.47.0-1.19.2.jar), simplyswords:mythicmetals_compat/banglum/banglum_longsword (from simplyswords-forge-1.47.0-1.19.2.jar), simplyswords:mythicmetals_compat/banglum/banglum_rapier (from simplyswords-forge-1.47.0-1.19.2.jar), simplyswords:mythicmetals_compat/banglum/banglum_sai (from simplyswords-forge-1.47.0-1.19.2.jar), simplyswords:mythicmetals_compat/banglum/banglum_spear (from simplyswords-forge-1.47.0-1.19.2.jar), simplyswords:mythicmetals_compat/banglum/banglum_twinblade (from simplyswords-forge-1.47.0-1.19.2.jar), simplyswords:mythicmetals_compat/banglum/banglum_warglaive (from simplyswords-forge-1.47.0-1.19.2.jar), simplyswords:mythicmetals_compat/banglum/banglum_greathammer (from simplyswords-forge-1.47.0-1.19.2.jar), simplyswords:mythicmetals_compat/banglum/banglum_greataxe (from simplyswords-forge-1.47.0-1.19.2.jar), simplyswords:mythicmetals_compat/banglum/banglum_chakram (from simplyswords-forge-1.47.0-1.19.2.jar), simplyswords:mythicmetals_compat/banglum/banglum_scythe (from simplyswords-forge-1.47.0-1.19.2.jar), simplyswords:mythicmetals_compat/banglum/halberd_scythe (from simplyswords-forge-1.47.0-1.19.2.jar)] as it is missing following references: simplyswords:mythicmetals_compat/banglum/banglum_claymore (from simplyswords-forge-1.47.0-1.19.2.jar), 
	simplyswords:mythicmetals_compat/banglum/banglum_cutlass (from simplyswords-forge-1.47.0-1.19.2.jar), 
	simplyswords:mythicmetals_compat/banglum/banglum_glaive (from simplyswords-forge-1.47.0-1.19.2.jar), 
	simplyswords:mythicmetals_compat/banglum/banglum_katana (from simplyswords-forge-1.47.0-1.19.2.jar), 
	simplyswords:mythicmetals_compat/banglum/banglum_longsword (from simplyswords-forge-1.47.0-1.19.2.jar), 
	simplyswords:mythicmetals_compat/banglum/banglum_rapier (from simplyswords-forge-1.47.0-1.19.2.jar), 
	simplyswords:mythicmetals_compat/banglum/banglum_sai (from simplyswords-forge-1.47.0-1.19.2.jar), 
	simplyswords:mythicmetals_compat/banglum/banglum_spear (from simplyswords-forge-1.47.0-1.19.2.jar), 
	simplyswords:mythicmetals_compat/banglum/banglum_twinblade (from simplyswords-forge-1.47.0-1.19.2.jar), 
	simplyswords:mythicmetals_compat/banglum/banglum_warglaive (from simplyswords-forge-1.47.0-1.19.2.jar), 
	simplyswords:mythicmetals_compat/banglum/banglum_greathammer (from simplyswords-forge-1.47.0-1.19.2.jar), 
	simplyswords:mythicmetals_compat/banglum/banglum_greataxe (from simplyswords-forge-1.47.0-1.19.2.jar), 
	simplyswords:mythicmetals_compat/banglum/banglum_chakram (from simplyswords-forge-1.47.0-1.19.2.jar), 
	simplyswords:mythicmetals_compat/banglum/banglum_scythe (from simplyswords-forge-1.47.0-1.19.2.jar), 
	simplyswords:mythicmetals_compat/banglum/halberd_scythe (from simplyswords-forge-1.47.0-1.19.2.jar)
[20Dec2025 16:16:29.218] [Worker-Main2/ERROR] [net.minecraft.tags.TagLoader/]: Couldn't load tag [simplyswords:mythicmetals_compat/osmium/osmium_claymore (from simplyswords-forge-1.47.0-1.19.2.jar), simplyswords:mythicmetals_compat/osmium/osmium_cutlass (from simplyswords-forge-1.47.0-1.19.2.jar), simplyswords:mythicmetals_compat/osmium/osmium_glaive (from simplyswords-forge-1.47.0-1.19.2.jar), simplyswords:mythicmetals_compat/osmium/osmium_katana (from simplyswords-forge-1.47.0-1.19.2.jar), simplyswords:mythicmetals_compat/osmium/osmium_longsword (from simplyswords-forge-1.47.0-1.19.2.jar), simplyswords:mythicmetals_compat/osmium/osmium_rapier (from simplyswords-forge-1.47.0-1.19.2.jar), simplyswords:mythicmetals_compat/osmium/osmium_sai (from simplyswords-forge-1.47.0-1.19.2.jar), simplyswords:mythicmetals_compat/osmium/osmium_spear (from simplyswords-forge-1.47.0-1.19.2.jar), simplyswords:mythicmetals_compat/osmium/osmium_twinblade (from simplyswords-forge-1.47.0-1.19.2.jar), simplyswords:mythicmetals_compat/osmium/osmium_warglaive (from simplyswords-forge-1.47.0-1.19.2.jar), simplyswords:mythicmetals_compat/osmium/osmium_greathammer (from simplyswords-forge-1.47.0-1.19.2.jar), simplyswords:mythicmetals_compat/osmium/osmium_greataxe (from simplyswords-forge-1.47.0-1.19.2.jar), simplyswords:mythicmetals_compat/osmium/osmium_chakram (from simplyswords-forge-1.47.0-1.19.2.jar), simplyswords:mythicmetals_compat/osmium/osmium_scythe (from simplyswords-forge-1.47.0-1.19.2.jar), simplyswords:mythicmetals_compat/osmium/osmium_halberd (from simplyswords-forge-1.47.0-1.19.2.jar)] as it is missing following references: simplyswords:mythicmetals_compat/osmium/osmium_claymore (from simplyswords-forge-1.47.0-1.19.2.jar), 
	simplyswords:mythicmetals_compat/osmium/osmium_cutlass (from simplyswords-forge-1.47.0-1.19.2.jar), 
	simplyswords:mythicmetals_compat/osmium/osmium_glaive (from simplyswords-forge-1.47.0-1.19.2.jar), 
	simplyswords:mythicmetals_compat/osmium/osmium_katana (from simplyswords-forge-1.47.0-1.19.2.jar), 
	simplyswords:mythicmetals_compat/osmium/osmium_longsword (from simplyswords-forge-1.47.0-1.19.2.jar), 
	simplyswords:mythicmetals_compat/osmium/osmium_rapier (from simplyswords-forge-1.47.0-1.19.2.jar), 
	simplyswords:mythicmetals_compat/osmium/osmium_sai (from simplyswords-forge-1.47.0-1.19.2.jar), 
	simplyswords:mythicmetals_compat/osmium/osmium_spear (from simplyswords-forge-1.47.0-1.19.2.jar), 
	simplyswords:mythicmetals_compat/osmium/osmium_twinblade (from simplyswords-forge-1.47.0-1.19.2.jar), 
	simplyswords:mythicmetals_compat/osmium/osmium_warglaive (from simplyswords-forge-1.47.0-1.19.2.jar), 
	simplyswords:mythicmetals_compat/osmium/osmium_greathammer (from simplyswords-forge-1.47.0-1.19.2.jar), 
	simplyswords:mythicmetals_compat/osmium/osmium_greataxe (from simplyswords-forge-1.47.0-1.19.2.jar), 
	simplyswords:mythicmetals_compat/osmium/osmium_chakram (from simplyswords-forge-1.47.0-1.19.2.jar), 
	simplyswords:mythicmetals_compat/osmium/osmium_scythe (from simplyswords-forge-1.47.0-1.19.2.jar), 
	simplyswords:mythicmetals_compat/osmium/osmium_halberd (from simplyswords-forge-1.47.0-1.19.2.jar)
[20Dec2025 16:16:29.219] [Worker-Main2/ERROR] [net.minecraft.tags.TagLoader/]: Couldn't load tag [simplyswords:mythicmetals_compat/steel/steel_claymore (from simplyswords-forge-1.47.0-1.19.2.jar), simplyswords:mythicmetals_compat/steel/steel_cutlass (from simplyswords-forge-1.47.0-1.19.2.jar), simplyswords:mythicmetals_compat/steel/steel_glaive (from simplyswords-forge-1.47.0-1.19.2.jar), simplyswords:mythicmetals_compat/steel/steel_katana (from simplyswords-forge-1.47.0-1.19.2.jar), simplyswords:mythicmetals_compat/steel/steel_longsword (from simplyswords-forge-1.47.0-1.19.2.jar), simplyswords:mythicmetals_compat/steel/steel_rapier (from simplyswords-forge-1.47.0-1.19.2.jar), simplyswords:mythicmetals_compat/steel/steel_sai (from simplyswords-forge-1.47.0-1.19.2.jar), simplyswords:mythicmetals_compat/steel/steel_spear (from simplyswords-forge-1.47.0-1.19.2.jar), simplyswords:mythicmetals_compat/steel/steel_twinblade (from simplyswords-forge-1.47.0-1.19.2.jar), simplyswords:mythicmetals_compat/steel/steel_warglaive (from simplyswords-forge-1.47.0-1.19.2.jar), simplyswords:mythicmetals_compat/steel/steel_greathammer (from simplyswords-forge-1.47.0-1.19.2.jar), simplyswords:mythicmetals_compat/steel/steel_greataxe (from simplyswords-forge-1.47.0-1.19.2.jar), simplyswords:mythicmetals_compat/steel/steel_chakram (from simplyswords-forge-1.47.0-1.19.2.jar), simplyswords:mythicmetals_compat/steel/steel_scythe (from simplyswords-forge-1.47.0-1.19.2.jar), simplyswords:mythicmetals_compat/steel/steel_halberd (from simplyswords-forge-1.47.0-1.19.2.jar)] as it is missing following references: simplyswords:mythicmetals_compat/steel/steel_claymore (from simplyswords-forge-1.47.0-1.19.2.jar), 
	simplyswords:mythicmetals_compat/steel/steel_cutlass (from simplyswords-forge-1.47.0-1.19.2.jar), 
	simplyswords:mythicmetals_compat/steel/steel_glaive (from simplyswords-forge-1.47.0-1.19.2.jar), 
	simplyswords:mythicmetals_compat/steel/steel_katana (from simplyswords-forge-1.47.0-1.19.2.jar), 
	simplyswords:mythicmetals_compat/steel/steel_longsword (from simplyswords-forge-1.47.0-1.19.2.jar), 
	simplyswords:mythicmetals_compat/steel/steel_rapier (from simplyswords-forge-1.47.0-1.19.2.jar), 
	simplyswords:mythicmetals_compat/steel/steel_sai (from simplyswords-forge-1.47.0-1.19.2.jar), 
	simplyswords:mythicmetals_compat/steel/steel_spear (from simplyswords-forge-1.47.0-1.19.2.jar), 
	simplyswords:mythicmetals_compat/steel/steel_twinblade (from simplyswords-forge-1.47.0-1.19.2.jar), 
	simplyswords:mythicmetals_compat/steel/steel_warglaive (from simplyswords-forge-1.47.0-1.19.2.jar), 
	simplyswords:mythicmetals_compat/steel/steel_greathammer (from simplyswords-forge-1.47.0-1.19.2.jar), 
	simplyswords:mythicmetals_compat/steel/steel_greataxe (from simplyswords-forge-1.47.0-1.19.2.jar), 
	simplyswords:mythicmetals_compat/steel/steel_chakram (from simplyswords-forge-1.47.0-1.19.2.jar), 
	simplyswords:mythicmetals_compat/steel/steel_scythe (from simplyswords-forge-1.47.0-1.19.2.jar), 
	simplyswords:mythicmetals_compat/steel/steel_halberd (from simplyswords-forge-1.47.0-1.19.2.jar)
[20Dec2025 16:16:29.223] [Worker-Main2/ERROR] [net.minecraft.tags.TagLoader/]: Couldn't load tag [simplyswords:mythicmetals_compat/runite/runite_claymore (from simplyswords-forge-1.47.0-1.19.2.jar), simplyswords:mythicmetals_compat/runite/runite_cutlass (from simplyswords-forge-1.47.0-1.19.2.jar), simplyswords:mythicmetals_compat/runite/runite_glaive (from simplyswords-forge-1.47.0-1.19.2.jar), simplyswords:mythicmetals_compat/runite/runite_katana (from simplyswords-forge-1.47.0-1.19.2.jar), simplyswords:mythicmetals_compat/runite/runite_longsword (from simplyswords-forge-1.47.0-1.19.2.jar), simplyswords:mythicmetals_compat/runite/runite_rapier (from simplyswords-forge-1.47.0-1.19.2.jar), simplyswords:mythicmetals_compat/runite/runite_sai (from simplyswords-forge-1.47.0-1.19.2.jar), simplyswords:mythicmetals_compat/runite/runite_spear (from simplyswords-forge-1.47.0-1.19.2.jar), simplyswords:mythicmetals_compat/runite/runite_twinblade (from simplyswords-forge-1.47.0-1.19.2.jar), simplyswords:mythicmetals_compat/runite/runite_warglaive (from simplyswords-forge-1.47.0-1.19.2.jar), simplyswords:mythicmetals_compat/runite/runite_greathammer (from simplyswords-forge-1.47.0-1.19.2.jar), simplyswords:mythicmetals_compat/runite/runite_greataxe (from simplyswords-forge-1.47.0-1.19.2.jar), simplyswords:mythicmetals_compat/runite/runite_chakram (from simplyswords-forge-1.47.0-1.19.2.jar), simplyswords:mythicmetals_compat/runite/runite_scythe (from simplyswords-forge-1.47.0-1.19.2.jar), simplyswords:mythicmetals_compat/runite/runite_halberd (from simplyswords-forge-1.47.0-1.19.2.jar)] as it is missing following references: simplyswords:mythicmetals_compat/runite/runite_claymore (from simplyswords-forge-1.47.0-1.19.2.jar), 
	simplyswords:mythicmetals_compat/runite/runite_cutlass (from simplyswords-forge-1.47.0-1.19.2.jar), 
	simplyswords:mythicmetals_compat/runite/runite_glaive (from simplyswords-forge-1.47.0-1.19.2.jar), 
	simplyswords:mythicmetals_compat/runite/runite_katana (from simplyswords-forge-1.47.0-1.19.2.jar), 
	simplyswords:mythicmetals_compat/runite/runite_longsword (from simplyswords-forge-1.47.0-1.19.2.jar), 
	simplyswords:mythicmetals_compat/runite/runite_rapier (from simplyswords-forge-1.47.0-1.19.2.jar), 
	simplyswords:mythicmetals_compat/runite/runite_sai (from simplyswords-forge-1.47.0-1.19.2.jar), 
	simplyswords:mythicmetals_compat/runite/runite_spear (from simplyswords-forge-1.47.0-1.19.2.jar), 
	simplyswords:mythicmetals_compat/runite/runite_twinblade (from simplyswords-forge-1.47.0-1.19.2.jar), 
	simplyswords:mythicmetals_compat/runite/runite_warglaive (from simplyswords-forge-1.47.0-1.19.2.jar), 
	simplyswords:mythicmetals_compat/runite/runite_greathammer (from simplyswords-forge-1.47.0-1.19.2.jar), 
	simplyswords:mythicmetals_compat/runite/runite_greataxe (from simplyswords-forge-1.47.0-1.19.2.jar), 
	simplyswords:mythicmetals_compat/runite/runite_chakram (from simplyswords-forge-1.47.0-1.19.2.jar), 
	simplyswords:mythicmetals_compat/runite/runite_scythe (from simplyswords-forge-1.47.0-1.19.2.jar), 
	simplyswords:mythicmetals_compat/runite/runite_halberd (from simplyswords-forge-1.47.0-1.19.2.jar)
[20Dec2025 16:16:29.225] [Worker-Main2/ERROR] [net.minecraft.tags.TagLoader/]: Couldn't load tag [simplyswords:mythicmetals_compat/palladium/palladium_claymore (from simplyswords-forge-1.47.0-1.19.2.jar), simplyswords:mythicmetals_compat/palladium/palladium_cutlass (from simplyswords-forge-1.47.0-1.19.2.jar), simplyswords:mythicmetals_compat/palladium/palladium_glaive (from simplyswords-forge-1.47.0-1.19.2.jar), simplyswords:mythicmetals_compat/palladium/palladium_katana (from simplyswords-forge-1.47.0-1.19.2.jar), simplyswords:mythicmetals_compat/palladium/palladium_longsword (from simplyswords-forge-1.47.0-1.19.2.jar), simplyswords:mythicmetals_compat/palladium/palladium_rapier (from simplyswords-forge-1.47.0-1.19.2.jar), simplyswords:mythicmetals_compat/palladium/palladium_sai (from simplyswords-forge-1.47.0-1.19.2.jar), simplyswords:mythicmetals_compat/palladium/palladium_spear (from simplyswords-forge-1.47.0-1.19.2.jar), simplyswords:mythicmetals_compat/palladium/palladium_twinblade (from simplyswords-forge-1.47.0-1.19.2.jar), simplyswords:mythicmetals_compat/palladium/palladium_warglaive (from simplyswords-forge-1.47.0-1.19.2.jar), simplyswords:mythicmetals_compat/palladium/palladium_greathammer (from simplyswords-forge-1.47.0-1.19.2.jar), simplyswords:mythicmetals_compat/palladium/palladium_greataxe (from simplyswords-forge-1.47.0-1.19.2.jar), simplyswords:mythicmetals_compat/palladium/palladium_chakram (from simplyswords-forge-1.47.0-1.19.2.jar), simplyswords:mythicmetals_compat/palladium/palladium_scythe (from simplyswords-forge-1.47.0-1.19.2.jar), simplyswords:mythicmetals_compat/palladium/palladium_halberd (from simplyswords-forge-1.47.0-1.19.2.jar)] as it is missing following references: simplyswords:mythicmetals_compat/palladium/palladium_claymore (from simplyswords-forge-1.47.0-1.19.2.jar), 
	simplyswords:mythicmetals_compat/palladium/palladium_cutlass (from simplyswords-forge-1.47.0-1.19.2.jar), 
	simplyswords:mythicmetals_compat/palladium/palladium_glaive (from simplyswords-forge-1.47.0-1.19.2.jar), 
	simplyswords:mythicmetals_compat/palladium/palladium_katana (from simplyswords-forge-1.47.0-1.19.2.jar), 
	simplyswords:mythicmetals_compat/palladium/palladium_longsword (from simplyswords-forge-1.47.0-1.19.2.jar), 
	simplyswords:mythicmetals_compat/palladium/palladium_rapier (from simplyswords-forge-1.47.0-1.19.2.jar), 
	simplyswords:mythicmetals_compat/palladium/palladium_sai (from simplyswords-forge-1.47.0-1.19.2.jar), 
	simplyswords:mythicmetals_compat/palladium/palladium_spear (from simplyswords-forge-1.47.0-1.19.2.jar), 
	simplyswords:mythicmetals_compat/palladium/palladium_twinblade (from simplyswords-forge-1.47.0-1.19.2.jar), 
	simplyswords:mythicmetals_compat/palladium/palladium_warglaive (from simplyswords-forge-1.47.0-1.19.2.jar), 
	simplyswords:mythicmetals_compat/palladium/palladium_greathammer (from simplyswords-forge-1.47.0-1.19.2.jar), 
	simplyswords:mythicmetals_compat/palladium/palladium_greataxe (from simplyswords-forge-1.47.0-1.19.2.jar), 
	simplyswords:mythicmetals_compat/palladium/palladium_chakram (from simplyswords-forge-1.47.0-1.19.2.jar), 
	simplyswords:mythicmetals_compat/palladium/palladium_scythe (from simplyswords-forge-1.47.0-1.19.2.jar), 
	simplyswords:mythicmetals_compat/palladium/palladium_halberd (from simplyswords-forge-1.47.0-1.19.2.jar)
[20Dec2025 16:16:29.233] [Worker-Main2/ERROR] [net.minecraft.tags.TagLoader/]: Couldn't load tag [simplyswords:mythicmetals_compat/durasteel/durasteel_greathammer (from simplyswords-forge-1.47.0-1.19.2.jar)] as it is missing following references: simplyswords:mythicmetals_compat/durasteel/durasteel_greathammer (from simplyswords-forge-1.47.0-1.19.2.jar)
[20Dec2025 16:16:29.237] [Worker-Main2/ERROR] [net.minecraft.tags.TagLoader/]: Couldn't load tag [simplyswords:mythicmetals_compat/copper/copper_longsword (from simplyswords-forge-1.47.0-1.19.2.jar)] as it is missing following references: simplyswords:mythicmetals_compat/copper/copper_longsword (from simplyswords-forge-1.47.0-1.19.2.jar)
[20Dec2025 16:16:29.238] [Worker-Main2/ERROR] [net.minecraft.tags.TagLoader/]: Couldn't load tag [simplyswords:mythicmetals_compat/prometheum/prometheum_claymore (from simplyswords-forge-1.47.0-1.19.2.jar), simplyswords:mythicmetals_compat/prometheum/prometheum_cutlass (from simplyswords-forge-1.47.0-1.19.2.jar), simplyswords:mythicmetals_compat/prometheum/prometheum_glaive (from simplyswords-forge-1.47.0-1.19.2.jar), simplyswords:mythicmetals_compat/prometheum/prometheum_katana (from simplyswords-forge-1.47.0-1.19.2.jar), simplyswords:mythicmetals_compat/prometheum/prometheum_longsword (from simplyswords-forge-1.47.0-1.19.2.jar), simplyswords:mythicmetals_compat/prometheum/prometheum_rapier (from simplyswords-forge-1.47.0-1.19.2.jar), simplyswords:mythicmetals_compat/prometheum/prometheum_sai (from simplyswords-forge-1.47.0-1.19.2.jar), simplyswords:mythicmetals_compat/prometheum/prometheum_spear (from simplyswords-forge-1.47.0-1.19.2.jar), simplyswords:mythicmetals_compat/prometheum/prometheum_twinblade (from simplyswords-forge-1.47.0-1.19.2.jar), simplyswords:mythicmetals_compat/prometheum/prometheum_warglaive (from simplyswords-forge-1.47.0-1.19.2.jar), simplyswords:mythicmetals_compat/prometheum/prometheum_greathammer (from simplyswords-forge-1.47.0-1.19.2.jar), simplyswords:mythicmetals_compat/prometheum/prometheum_greataxe (from simplyswords-forge-1.47.0-1.19.2.jar), simplyswords:mythicmetals_compat/prometheum/prometheum_chakram (from simplyswords-forge-1.47.0-1.19.2.jar), simplyswords:mythicmetals_compat/prometheum/prometheum_scythe (from simplyswords-forge-1.47.0-1.19.2.jar), simplyswords:mythicmetals_compat/prometheum/prometheum_halberd (from simplyswords-forge-1.47.0-1.19.2.jar)] as it is missing following references: simplyswords:mythicmetals_compat/prometheum/prometheum_claymore (from simplyswords-forge-1.47.0-1.19.2.jar), 
	simplyswords:mythicmetals_compat/prometheum/prometheum_cutlass (from simplyswords-forge-1.47.0-1.19.2.jar), 
	simplyswords:mythicmetals_compat/prometheum/prometheum_glaive (from simplyswords-forge-1.47.0-1.19.2.jar), 
	simplyswords:mythicmetals_compat/prometheum/prometheum_katana (from simplyswords-forge-1.47.0-1.19.2.jar), 
	simplyswords:mythicmetals_compat/prometheum/prometheum_longsword (from simplyswords-forge-1.47.0-1.19.2.jar), 
	simplyswords:mythicmetals_compat/prometheum/prometheum_rapier (from simplyswords-forge-1.47.0-1.19.2.jar), 
	simplyswords:mythicmetals_compat/prometheum/prometheum_sai (from simplyswords-forge-1.47.0-1.19.2.jar), 
	simplyswords:mythicmetals_compat/prometheum/prometheum_spear (from simplyswords-forge-1.47.0-1.19.2.jar), 
	simplyswords:mythicmetals_compat/prometheum/prometheum_twinblade (from simplyswords-forge-1.47.0-1.19.2.jar), 
	simplyswords:mythicmetals_compat/prometheum/prometheum_warglaive (from simplyswords-forge-1.47.0-1.19.2.jar), 
	simplyswords:mythicmetals_compat/prometheum/prometheum_greathammer (from simplyswords-forge-1.47.0-1.19.2.jar), 
	simplyswords:mythicmetals_compat/prometheum/prometheum_greataxe (from simplyswords-forge-1.47.0-1.19.2.jar), 
	simplyswords:mythicmetals_compat/prometheum/prometheum_chakram (from simplyswords-forge-1.47.0-1.19.2.jar), 
	simplyswords:mythicmetals_compat/prometheum/prometheum_scythe (from simplyswords-forge-1.47.0-1.19.2.jar), 
	simplyswords:mythicmetals_compat/prometheum/prometheum_halberd (from simplyswords-forge-1.47.0-1.19.2.jar)
[20Dec2025 16:16:29.240] [Worker-Main2/ERROR] [net.minecraft.tags.TagLoader/]: Couldn't load tag [simplyswords:mythicmetals_compat/star_platinum/star_platinum_claymore (from simplyswords-forge-1.47.0-1.19.2.jar), simplyswords:mythicmetals_compat/star_platinum/star_platinum_cutlass (from simplyswords-forge-1.47.0-1.19.2.jar), simplyswords:mythicmetals_compat/star_platinum/star_platinum_glaive (from simplyswords-forge-1.47.0-1.19.2.jar), simplyswords:mythicmetals_compat/star_platinum/star_platinum_katana (from simplyswords-forge-1.47.0-1.19.2.jar), simplyswords:mythicmetals_compat/star_platinum/star_platinum_longsword (from simplyswords-forge-1.47.0-1.19.2.jar), simplyswords:mythicmetals_compat/star_platinum/star_platinum_rapier (from simplyswords-forge-1.47.0-1.19.2.jar), simplyswords:mythicmetals_compat/star_platinum/star_platinum_sai (from simplyswords-forge-1.47.0-1.19.2.jar), simplyswords:mythicmetals_compat/star_platinum/star_platinum_spear (from simplyswords-forge-1.47.0-1.19.2.jar), simplyswords:mythicmetals_compat/star_platinum/star_platinum_twinblade (from simplyswords-forge-1.47.0-1.19.2.jar), simplyswords:mythicmetals_compat/star_platinum/star_platinum_warglaive (from simplyswords-forge-1.47.0-1.19.2.jar), simplyswords:mythicmetals_compat/star_platinum/star_platinum_greathammer (from simplyswords-forge-1.47.0-1.19.2.jar), simplyswords:mythicmetals_compat/star_platinum/star_platinum_greataxe (from simplyswords-forge-1.47.0-1.19.2.jar), simplyswords:mythicmetals_compat/star_platinum/star_platinum_chakram (from simplyswords-forge-1.47.0-1.19.2.jar), simplyswords:mythicmetals_compat/star_platinum/star_platinum_scythe (from simplyswords-forge-1.47.0-1.19.2.jar), simplyswords:mythicmetals_compat/star_platinum/star_platinum_halberd (from simplyswords-forge-1.47.0-1.19.2.jar)] as it is missing following references: simplyswords:mythicmetals_compat/star_platinum/star_platinum_claymore (from simplyswords-forge-1.47.0-1.19.2.jar), 
	simplyswords:mythicmetals_compat/star_platinum/star_platinum_cutlass (from simplyswords-forge-1.47.0-1.19.2.jar), 
	simplyswords:mythicmetals_compat/star_platinum/star_platinum_glaive (from simplyswords-forge-1.47.0-1.19.2.jar), 
	simplyswords:mythicmetals_compat/star_platinum/star_platinum_katana (from simplyswords-forge-1.47.0-1.19.2.jar), 
	simplyswords:mythicmetals_compat/star_platinum/star_platinum_longsword (from simplyswords-forge-1.47.0-1.19.2.jar), 
	simplyswords:mythicmetals_compat/star_platinum/star_platinum_rapier (from simplyswords-forge-1.47.0-1.19.2.jar), 
	simplyswords:mythicmetals_compat/star_platinum/star_platinum_sai (from simplyswords-forge-1.47.0-1.19.2.jar), 
	simplyswords:mythicmetals_compat/star_platinum/star_platinum_spear (from simplyswords-forge-1.47.0-1.19.2.jar), 
	simplyswords:mythicmetals_compat/star_platinum/star_platinum_twinblade (from simplyswords-forge-1.47.0-1.19.2.jar), 
	simplyswords:mythicmetals_compat/star_platinum/star_platinum_warglaive (from simplyswords-forge-1.47.0-1.19.2.jar), 
	simplyswords:mythicmetals_compat/star_platinum/star_platinum_greathammer (from simplyswords-forge-1.47.0-1.19.2.jar), 
	simplyswords:mythicmetals_compat/star_platinum/star_platinum_greataxe (from simplyswords-forge-1.47.0-1.19.2.jar), 
	simplyswords:mythicmetals_compat/star_platinum/star_platinum_chakram (from simplyswords-forge-1.47.0-1.19.2.jar), 
	simplyswords:mythicmetals_compat/star_platinum/star_platinum_scythe (from simplyswords-forge-1.47.0-1.19.2.jar), 
	simplyswords:mythicmetals_compat/star_platinum/star_platinum_halberd (from simplyswords-forge-1.47.0-1.19.2.jar)
[20Dec2025 16:16:29.243] [Worker-Main2/ERROR] [net.minecraft.tags.TagLoader/]: Couldn't load tag [simplyswords:mythicmetals_compat/stormyx/stormyx_claymore (from simplyswords-forge-1.47.0-1.19.2.jar), simplyswords:mythicmetals_compat/stormyx/stormyx_cutlass (from simplyswords-forge-1.47.0-1.19.2.jar), simplyswords:mythicmetals_compat/stormyx/stormyx_glaive (from simplyswords-forge-1.47.0-1.19.2.jar), simplyswords:mythicmetals_compat/stormyx/stormyx_katana (from simplyswords-forge-1.47.0-1.19.2.jar), simplyswords:mythicmetals_compat/stormyx/stormyx_longsword (from simplyswords-forge-1.47.0-1.19.2.jar), simplyswords:mythicmetals_compat/stormyx/stormyx_rapier (from simplyswords-forge-1.47.0-1.19.2.jar), simplyswords:mythicmetals_compat/stormyx/stormyx_sai (from simplyswords-forge-1.47.0-1.19.2.jar), simplyswords:mythicmetals_compat/stormyx/stormyx_spear (from simplyswords-forge-1.47.0-1.19.2.jar), simplyswords:mythicmetals_compat/stormyx/stormyx_twinblade (from simplyswords-forge-1.47.0-1.19.2.jar), simplyswords:mythicmetals_compat/stormyx/stormyx_warglaive (from simplyswords-forge-1.47.0-1.19.2.jar), simplyswords:mythicmetals_compat/stormyx/stormyx_greathammer (from simplyswords-forge-1.47.0-1.19.2.jar), simplyswords:mythicmetals_compat/stormyx/stormyx_greataxe (from simplyswords-forge-1.47.0-1.19.2.jar), simplyswords:mythicmetals_compat/stormyx/stormyx_chakram (from simplyswords-forge-1.47.0-1.19.2.jar), simplyswords:mythicmetals_compat/stormyx/stormyx_scythe (from simplyswords-forge-1.47.0-1.19.2.jar), simplyswords:mythicmetals_compat/stormyx/stormyx_halberd (from simplyswords-forge-1.47.0-1.19.2.jar)] as it is missing following references: simplyswords:mythicmetals_compat/stormyx/stormyx_claymore (from simplyswords-forge-1.47.0-1.19.2.jar), 
	simplyswords:mythicmetals_compat/stormyx/stormyx_cutlass (from simplyswords-forge-1.47.0-1.19.2.jar), 
	simplyswords:mythicmetals_compat/stormyx/stormyx_glaive (from simplyswords-forge-1.47.0-1.19.2.jar), 
	simplyswords:mythicmetals_compat/stormyx/stormyx_katana (from simplyswords-forge-1.47.0-1.19.2.jar), 
	simplyswords:mythicmetals_compat/stormyx/stormyx_longsword (from simplyswords-forge-1.47.0-1.19.2.jar), 
	simplyswords:mythicmetals_compat/stormyx/stormyx_rapier (from simplyswords-forge-1.47.0-1.19.2.jar), 
	simplyswords:mythicmetals_compat/stormyx/stormyx_sai (from simplyswords-forge-1.47.0-1.19.2.jar), 
	simplyswords:mythicmetals_compat/stormyx/stormyx_spear (from simplyswords-forge-1.47.0-1.19.2.jar), 
	simplyswords:mythicmetals_compat/stormyx/stormyx_twinblade (from simplyswords-forge-1.47.0-1.19.2.jar), 
	simplyswords:mythicmetals_compat/stormyx/stormyx_warglaive (from simplyswords-forge-1.47.0-1.19.2.jar), 
	simplyswords:mythicmetals_compat/stormyx/stormyx_greathammer (from simplyswords-forge-1.47.0-1.19.2.jar), 
	simplyswords:mythicmetals_compat/stormyx/stormyx_greataxe (from simplyswords-forge-1.47.0-1.19.2.jar), 
	simplyswords:mythicmetals_compat/stormyx/stormyx_chakram (from simplyswords-forge-1.47.0-1.19.2.jar), 
	simplyswords:mythicmetals_compat/stormyx/stormyx_scythe (from simplyswords-forge-1.47.0-1.19.2.jar), 
	simplyswords:mythicmetals_compat/stormyx/stormyx_halberd (from simplyswords-forge-1.47.0-1.19.2.jar)
[20Dec2025 16:16:29.244] [Worker-Main2/ERROR] [net.minecraft.tags.TagLoader/]: Couldn't load tag [simplyswords:mythicmetals_compat/kyber/kyber_claymore (from simplyswords-forge-1.47.0-1.19.2.jar), simplyswords:mythicmetals_compat/kyber/kyber_cutlass (from simplyswords-forge-1.47.0-1.19.2.jar), simplyswords:mythicmetals_compat/kyber/kyber_glaive (from simplyswords-forge-1.47.0-1.19.2.jar), simplyswords:mythicmetals_compat/kyber/kyber_katana (from simplyswords-forge-1.47.0-1.19.2.jar), simplyswords:mythicmetals_compat/kyber/kyber_longsword (from simplyswords-forge-1.47.0-1.19.2.jar), simplyswords:mythicmetals_compat/kyber/kyber_rapier (from simplyswords-forge-1.47.0-1.19.2.jar), simplyswords:mythicmetals_compat/kyber/kyber_sai (from simplyswords-forge-1.47.0-1.19.2.jar), simplyswords:mythicmetals_compat/kyber/kyber_spear (from simplyswords-forge-1.47.0-1.19.2.jar), simplyswords:mythicmetals_compat/kyber/kyber_twinblade (from simplyswords-forge-1.47.0-1.19.2.jar), simplyswords:mythicmetals_compat/kyber/kyber_warglaive (from simplyswords-forge-1.47.0-1.19.2.jar), simplyswords:mythicmetals_compat/kyber/kyber_greathammer (from simplyswords-forge-1.47.0-1.19.2.jar), simplyswords:mythicmetals_compat/kyber/kyber_greataxe (from simplyswords-forge-1.47.0-1.19.2.jar), simplyswords:mythicmetals_compat/kyber/kyber_chakram (from simplyswords-forge-1.47.0-1.19.2.jar), simplyswords:mythicmetals_compat/kyber/kyber_scythe (from simplyswords-forge-1.47.0-1.19.2.jar), simplyswords:mythicmetals_compat/kyber/kyber_halberd (from simplyswords-forge-1.47.0-1.19.2.jar)] as it is missing following references: simplyswords:mythicmetals_compat/kyber/kyber_claymore (from simplyswords-forge-1.47.0-1.19.2.jar), 
	simplyswords:mythicmetals_compat/kyber/kyber_cutlass (from simplyswords-forge-1.47.0-1.19.2.jar), 
	simplyswords:mythicmetals_compat/kyber/kyber_glaive (from simplyswords-forge-1.47.0-1.19.2.jar), 
	simplyswords:mythicmetals_compat/kyber/kyber_katana (from simplyswords-forge-1.47.0-1.19.2.jar), 
	simplyswords:mythicmetals_compat/kyber/kyber_longsword (from simplyswords-forge-1.47.0-1.19.2.jar), 
	simplyswords:mythicmetals_compat/kyber/kyber_rapier (from simplyswords-forge-1.47.0-1.19.2.jar), 
	simplyswords:mythicmetals_compat/kyber/kyber_sai (from simplyswords-forge-1.47.0-1.19.2.jar), 
	simplyswords:mythicmetals_compat/kyber/kyber_spear (from simplyswords-forge-1.47.0-1.19.2.jar), 
	simplyswords:mythicmetals_compat/kyber/kyber_twinblade (from simplyswords-forge-1.47.0-1.19.2.jar), 
	simplyswords:mythicmetals_compat/kyber/kyber_warglaive (from simplyswords-forge-1.47.0-1.19.2.jar), 
	simplyswords:mythicmetals_compat/kyber/kyber_greathammer (from simplyswords-forge-1.47.0-1.19.2.jar), 
	simplyswords:mythicmetals_compat/kyber/kyber_greataxe (from simplyswords-forge-1.47.0-1.19.2.jar), 
	simplyswords:mythicmetals_compat/kyber/kyber_chakram (from simplyswords-forge-1.47.0-1.19.2.jar), 
	simplyswords:mythicmetals_compat/kyber/kyber_scythe (from simplyswords-forge-1.47.0-1.19.2.jar), 
	simplyswords:mythicmetals_compat/kyber/kyber_halberd (from simplyswords-forge-1.47.0-1.19.2.jar)
[20Dec2025 16:16:29.249] [Worker-Main2/ERROR] [net.minecraft.tags.TagLoader/]: Couldn't load tag [simplyswords:mythicmetals_compat/prometheum/prometheum_claymore (from simplyswords-forge-1.47.0-1.19.2.jar), simplyswords:mythicmetals_compat/prometheum/prometheum_cutlass (from simplyswords-forge-1.47.0-1.19.2.jar), simplyswords:mythicmetals_compat/prometheum/prometheum_glaive (from simplyswords-forge-1.47.0-1.19.2.jar), simplyswords:mythicmetals_compat/prometheum/prometheum_katana (from simplyswords-forge-1.47.0-1.19.2.jar), simplyswords:mythicmetals_compat/prometheum/prometheum_longsword (from simplyswords-forge-1.47.0-1.19.2.jar), simplyswords:mythicmetals_compat/prometheum/prometheum_rapier (from simplyswords-forge-1.47.0-1.19.2.jar), simplyswords:mythicmetals_compat/prometheum/prometheum_sai (from simplyswords-forge-1.47.0-1.19.2.jar), simplyswords:mythicmetals_compat/prometheum/prometheum_spear (from simplyswords-forge-1.47.0-1.19.2.jar), simplyswords:mythicmetals_compat/prometheum/prometheum_twinblade (from simplyswords-forge-1.47.0-1.19.2.jar), simplyswords:mythicmetals_compat/prometheum/prometheum_warglaive (from simplyswords-forge-1.47.0-1.19.2.jar), simplyswords:mythicmetals_compat/prometheum/prometheum_greathammer (from simplyswords-forge-1.47.0-1.19.2.jar), simplyswords:mythicmetals_compat/prometheum/prometheum_greataxe (from simplyswords-forge-1.47.0-1.19.2.jar), simplyswords:mythicmetals_compat/prometheum/prometheum_chakram (from simplyswords-forge-1.47.0-1.19.2.jar), simplyswords:mythicmetals_compat/prometheum/prometheum_scythe (from simplyswords-forge-1.47.0-1.19.2.jar), simplyswords:mythicmetals_compat/prometheum/prometheum_halberd (from simplyswords-forge-1.47.0-1.19.2.jar)] as it is missing following references: simplyswords:mythicmetals_compat/prometheum/prometheum_claymore (from simplyswords-forge-1.47.0-1.19.2.jar), 
	simplyswords:mythicmetals_compat/prometheum/prometheum_cutlass (from simplyswords-forge-1.47.0-1.19.2.jar), 
	simplyswords:mythicmetals_compat/prometheum/prometheum_glaive (from simplyswords-forge-1.47.0-1.19.2.jar), 
	simplyswords:mythicmetals_compat/prometheum/prometheum_katana (from simplyswords-forge-1.47.0-1.19.2.jar), 
	simplyswords:mythicmetals_compat/prometheum/prometheum_longsword (from simplyswords-forge-1.47.0-1.19.2.jar), 
	simplyswords:mythicmetals_compat/prometheum/prometheum_rapier (from simplyswords-forge-1.47.0-1.19.2.jar), 
	simplyswords:mythicmetals_compat/prometheum/prometheum_sai (from simplyswords-forge-1.47.0-1.19.2.jar), 
	simplyswords:mythicmetals_compat/prometheum/prometheum_spear (from simplyswords-forge-1.47.0-1.19.2.jar), 
	simplyswords:mythicmetals_compat/prometheum/prometheum_twinblade (from simplyswords-forge-1.47.0-1.19.2.jar), 
	simplyswords:mythicmetals_compat/prometheum/prometheum_warglaive (from simplyswords-forge-1.47.0-1.19.2.jar), 
	simplyswords:mythicmetals_compat/prometheum/prometheum_greathammer (from simplyswords-forge-1.47.0-1.19.2.jar), 
	simplyswords:mythicmetals_compat/prometheum/prometheum_greataxe (from simplyswords-forge-1.47.0-1.19.2.jar), 
	simplyswords:mythicmetals_compat/prometheum/prometheum_chakram (from simplyswords-forge-1.47.0-1.19.2.jar), 
	simplyswords:mythicmetals_compat/prometheum/prometheum_scythe (from simplyswords-forge-1.47.0-1.19.2.jar), 
	simplyswords:mythicmetals_compat/prometheum/prometheum_halberd (from simplyswords-forge-1.47.0-1.19.2.jar)
[20Dec2025 16:16:29.250] [Worker-Main2/ERROR] [net.minecraft.tags.TagLoader/]: Couldn't load tag [minecraft:sinister_sword (from collection-of-singiro-1.19.x-1.1.4.jar), dungeons_gear:rapier (from collection-of-singiro-1.19.x-1.1.4.jar), dungeons_gear:gold_sword (from collection-of-singiro-1.19.x-1.1.4.jar)] as it is missing following references: minecraft:sinister_sword (from collection-of-singiro-1.19.x-1.1.4.jar), 
	dungeons_gear:rapier (from collection-of-singiro-1.19.x-1.1.4.jar), 
	dungeons_gear:gold_sword (from collection-of-singiro-1.19.x-1.1.4.jar)
[20Dec2025 16:16:29.251] [Worker-Main2/ERROR] [net.minecraft.tags.TagLoader/]: Couldn't load tag [simplyswords:mythicmetals_compat/metallurgium/metallurgium_claymore (from simplyswords-forge-1.47.0-1.19.2.jar), simplyswords:mythicmetals_compat/metallurgium/metallurgium_cutlass (from simplyswords-forge-1.47.0-1.19.2.jar), simplyswords:mythicmetals_compat/metallurgium/metallurgium_glaive (from simplyswords-forge-1.47.0-1.19.2.jar), simplyswords:mythicmetals_compat/metallurgium/metallurgium_katana (from simplyswords-forge-1.47.0-1.19.2.jar), simplyswords:mythicmetals_compat/metallurgium/metallurgium_longsword (from simplyswords-forge-1.47.0-1.19.2.jar), simplyswords:mythicmetals_compat/metallurgium/metallurgium_rapier (from simplyswords-forge-1.47.0-1.19.2.jar), simplyswords:mythicmetals_compat/metallurgium/metallurgium_sai (from simplyswords-forge-1.47.0-1.19.2.jar), simplyswords:mythicmetals_compat/metallurgium/metallurgium_spear (from simplyswords-forge-1.47.0-1.19.2.jar), simplyswords:mythicmetals_compat/metallurgium/metallurgium_twinblade (from simplyswords-forge-1.47.0-1.19.2.jar), simplyswords:mythicmetals_compat/metallurgium/metallurgium_warglaive (from simplyswords-forge-1.47.0-1.19.2.jar), simplyswords:mythicmetals_compat/metallurgium/metallurgium_greathammer (from simplyswords-forge-1.47.0-1.19.2.jar), simplyswords:mythicmetals_compat/metallurgium/metallurgium_greataxe (from simplyswords-forge-1.47.0-1.19.2.jar), simplyswords:mythicmetals_compat/metallurgium/metallurgium_chakram (from simplyswords-forge-1.47.0-1.19.2.jar), simplyswords:mythicmetals_compat/metallurgium/metallurgium_scythe (from simplyswords-forge-1.47.0-1.19.2.jar), simplyswords:mythicmetals_compat/metallurgium/metallurgium_halberd (from simplyswords-forge-1.47.0-1.19.2.jar)] as it is missing following references: simplyswords:mythicmetals_compat/metallurgium/metallurgium_claymore (from simplyswords-forge-1.47.0-1.19.2.jar), 
	simplyswords:mythicmetals_compat/metallurgium/metallurgium_cutlass (from simplyswords-forge-1.47.0-1.19.2.jar), 
	simplyswords:mythicmetals_compat/metallurgium/metallurgium_glaive (from simplyswords-forge-1.47.0-1.19.2.jar), 
	simplyswords:mythicmetals_compat/metallurgium/metallurgium_katana (from simplyswords-forge-1.47.0-1.19.2.jar), 
	simplyswords:mythicmetals_compat/metallurgium/metallurgium_longsword (from simplyswords-forge-1.47.0-1.19.2.jar), 
	simplyswords:mythicmetals_compat/metallurgium/metallurgium_rapier (from simplyswords-forge-1.47.0-1.19.2.jar), 
	simplyswords:mythicmetals_compat/metallurgium/metallurgium_sai (from simplyswords-forge-1.47.0-1.19.2.jar), 
	simplyswords:mythicmetals_compat/metallurgium/metallurgium_spear (from simplyswords-forge-1.47.0-1.19.2.jar), 
	simplyswords:mythicmetals_compat/metallurgium/metallurgium_twinblade (from simplyswords-forge-1.47.0-1.19.2.jar), 
	simplyswords:mythicmetals_compat/metallurgium/metallurgium_warglaive (from simplyswords-forge-1.47.0-1.19.2.jar), 
	simplyswords:mythicmetals_compat/metallurgium/metallurgium_greathammer (from simplyswords-forge-1.47.0-1.19.2.jar), 
	simplyswords:mythicmetals_compat/metallurgium/metallurgium_greataxe (from simplyswords-forge-1.47.0-1.19.2.jar), 
	simplyswords:mythicmetals_compat/metallurgium/metallurgium_chakram (from simplyswords-forge-1.47.0-1.19.2.jar), 
	simplyswords:mythicmetals_compat/metallurgium/metallurgium_scythe (from simplyswords-forge-1.47.0-1.19.2.jar), 
	simplyswords:mythicmetals_compat/metallurgium/metallurgium_halberd (from simplyswords-forge-1.47.0-1.19.2.jar)
[20Dec2025 16:16:29.253] [Worker-Main2/ERROR] [net.minecraft.tags.TagLoader/]: Couldn't load tag [simplyswords:mythicmetals_compat/bronze/bronze_claymore (from simplyswords-forge-1.47.0-1.19.2.jar), simplyswords:mythicmetals_compat/bronze/bronze_cutlass (from simplyswords-forge-1.47.0-1.19.2.jar), simplyswords:mythicmetals_compat/bronze/bronze_glaive (from simplyswords-forge-1.47.0-1.19.2.jar), simplyswords:mythicmetals_compat/bronze/bronze_katana (from simplyswords-forge-1.47.0-1.19.2.jar), simplyswords:mythicmetals_compat/bronze/bronze_longsword (from simplyswords-forge-1.47.0-1.19.2.jar), simplyswords:mythicmetals_compat/bronze/bronze_rapier (from simplyswords-forge-1.47.0-1.19.2.jar), simplyswords:mythicmetals_compat/bronze/bronze_sai (from simplyswords-forge-1.47.0-1.19.2.jar), simplyswords:mythicmetals_compat/bronze/bronze_spear (from simplyswords-forge-1.47.0-1.19.2.jar), simplyswords:mythicmetals_compat/bronze/bronze_twinblade (from simplyswords-forge-1.47.0-1.19.2.jar), simplyswords:mythicmetals_compat/bronze/bronze_warglaive (from simplyswords-forge-1.47.0-1.19.2.jar), simplyswords:mythicmetals_compat/bronze/bronze_greathammer (from simplyswords-forge-1.47.0-1.19.2.jar), simplyswords:mythicmetals_compat/bronze/bronze_greataxe (from simplyswords-forge-1.47.0-1.19.2.jar), simplyswords:mythicmetals_compat/bronze/bronze_chakram (from simplyswords-forge-1.47.0-1.19.2.jar), simplyswords:mythicmetals_compat/bronze/bronze_scythe (from simplyswords-forge-1.47.0-1.19.2.jar), simplyswords:mythicmetals_compat/bronze/bronze_halberd (from simplyswords-forge-1.47.0-1.19.2.jar)] as it is missing following references: simplyswords:mythicmetals_compat/bronze/bronze_claymore (from simplyswords-forge-1.47.0-1.19.2.jar), 
	simplyswords:mythicmetals_compat/bronze/bronze_cutlass (from simplyswords-forge-1.47.0-1.19.2.jar), 
	simplyswords:mythicmetals_compat/bronze/bronze_glaive (from simplyswords-forge-1.47.0-1.19.2.jar), 
	simplyswords:mythicmetals_compat/bronze/bronze_katana (from simplyswords-forge-1.47.0-1.19.2.jar), 
	simplyswords:mythicmetals_compat/bronze/bronze_longsword (from simplyswords-forge-1.47.0-1.19.2.jar), 
	simplyswords:mythicmetals_compat/bronze/bronze_rapier (from simplyswords-forge-1.47.0-1.19.2.jar), 
	simplyswords:mythicmetals_compat/bronze/bronze_sai (from simplyswords-forge-1.47.0-1.19.2.jar), 
	simplyswords:mythicmetals_compat/bronze/bronze_spear (from simplyswords-forge-1.47.0-1.19.2.jar), 
	simplyswords:mythicmetals_compat/bronze/bronze_twinblade (from simplyswords-forge-1.47.0-1.19.2.jar), 
	simplyswords:mythicmetals_compat/bronze/bronze_warglaive (from simplyswords-forge-1.47.0-1.19.2.jar), 
	simplyswords:mythicmetals_compat/bronze/bronze_greathammer (from simplyswords-forge-1.47.0-1.19.2.jar), 
	simplyswords:mythicmetals_compat/bronze/bronze_greataxe (from simplyswords-forge-1.47.0-1.19.2.jar), 
	simplyswords:mythicmetals_compat/bronze/bronze_chakram (from simplyswords-forge-1.47.0-1.19.2.jar), 
	simplyswords:mythicmetals_compat/bronze/bronze_scythe (from simplyswords-forge-1.47.0-1.19.2.jar), 
	simplyswords:mythicmetals_compat/bronze/bronze_halberd (from simplyswords-forge-1.47.0-1.19.2.jar)
[20Dec2025 16:16:29.258] [Worker-Main2/ERROR] [net.minecraft.tags.TagLoader/]: Couldn't load tag [simplyswords:mythicmetals_compat/orichalcum/orichalcum_claymore (from simplyswords-forge-1.47.0-1.19.2.jar), simplyswords:mythicmetals_compat/orichalcum/orichalcum_cutlass (from simplyswords-forge-1.47.0-1.19.2.jar), simplyswords:mythicmetals_compat/orichalcum/orichalcum_glaive (from simplyswords-forge-1.47.0-1.19.2.jar), simplyswords:mythicmetals_compat/orichalcum/orichalcum_katana (from simplyswords-forge-1.47.0-1.19.2.jar), simplyswords:mythicmetals_compat/orichalcum/orichalcum_longsword (from simplyswords-forge-1.47.0-1.19.2.jar), simplyswords:mythicmetals_compat/orichalcum/orichalcum_rapier (from simplyswords-forge-1.47.0-1.19.2.jar), simplyswords:mythicmetals_compat/orichalcum/orichalcum_sai (from simplyswords-forge-1.47.0-1.19.2.jar), simplyswords:mythicmetals_compat/orichalcum/orichalcum_spear (from simplyswords-forge-1.47.0-1.19.2.jar), simplyswords:mythicmetals_compat/orichalcum/orichalcum_twinblade (from simplyswords-forge-1.47.0-1.19.2.jar), simplyswords:mythicmetals_compat/orichalcum/orichalcum_warglaive (from simplyswords-forge-1.47.0-1.19.2.jar), simplyswords:mythicmetals_compat/orichalcum/orichalcum_greathammer (from simplyswords-forge-1.47.0-1.19.2.jar), simplyswords:mythicmetals_compat/orichalcum/orichalcum_greataxe (from simplyswords-forge-1.47.0-1.19.2.jar), simplyswords:mythicmetals_compat/orichalcum/orichalcum_chakram (from simplyswords-forge-1.47.0-1.19.2.jar), simplyswords:mythicmetals_compat/orichalcum/orichalcum_scythe (from simplyswords-forge-1.47.0-1.19.2.jar), simplyswords:mythicmetals_compat/orichalcum/orichalcum_halberd (from simplyswords-forge-1.47.0-1.19.2.jar)] as it is missing following references: simplyswords:mythicmetals_compat/orichalcum/orichalcum_claymore (from simplyswords-forge-1.47.0-1.19.2.jar), 
	simplyswords:mythicmetals_compat/orichalcum/orichalcum_cutlass (from simplyswords-forge-1.47.0-1.19.2.jar), 
	simplyswords:mythicmetals_compat/orichalcum/orichalcum_glaive (from simplyswords-forge-1.47.0-1.19.2.jar), 
	simplyswords:mythicmetals_compat/orichalcum/orichalcum_katana (from simplyswords-forge-1.47.0-1.19.2.jar), 
	simplyswords:mythicmetals_compat/orichalcum/orichalcum_longsword (from simplyswords-forge-1.47.0-1.19.2.jar), 
	simplyswords:mythicmetals_compat/orichalcum/orichalcum_rapier (from simplyswords-forge-1.47.0-1.19.2.jar), 
	simplyswords:mythicmetals_compat/orichalcum/orichalcum_sai (from simplyswords-forge-1.47.0-1.19.2.jar), 
	simplyswords:mythicmetals_compat/orichalcum/orichalcum_spear (from simplyswords-forge-1.47.0-1.19.2.jar), 
	simplyswords:mythicmetals_compat/orichalcum/orichalcum_twinblade (from simplyswords-forge-1.47.0-1.19.2.jar), 
	simplyswords:mythicmetals_compat/orichalcum/orichalcum_warglaive (from simplyswords-forge-1.47.0-1.19.2.jar), 
	simplyswords:mythicmetals_compat/orichalcum/orichalcum_greathammer (from simplyswords-forge-1.47.0-1.19.2.jar), 
	simplyswords:mythicmetals_compat/orichalcum/orichalcum_greataxe (from simplyswords-forge-1.47.0-1.19.2.jar), 
	simplyswords:mythicmetals_compat/orichalcum/orichalcum_chakram (from simplyswords-forge-1.47.0-1.19.2.jar), 
	simplyswords:mythicmetals_compat/orichalcum/orichalcum_scythe (from simplyswords-forge-1.47.0-1.19.2.jar), 
	simplyswords:mythicmetals_compat/orichalcum/orichalcum_halberd (from simplyswords-forge-1.47.0-1.19.2.jar)
[20Dec2025 16:16:29.262] [Worker-Main2/ERROR] [net.minecraft.tags.TagLoader/]: Couldn't load tag [simplyswords:mythicmetals_compat/quadrillum/quadrillum_claymore (from simplyswords-forge-1.47.0-1.19.2.jar), simplyswords:mythicmetals_compat/quadrillum/quadrillum_cutlass (from simplyswords-forge-1.47.0-1.19.2.jar), simplyswords:mythicmetals_compat/quadrillum/quadrillum_glaive (from simplyswords-forge-1.47.0-1.19.2.jar), simplyswords:mythicmetals_compat/quadrillum/quadrillum_katana (from simplyswords-forge-1.47.0-1.19.2.jar), simplyswords:mythicmetals_compat/quadrillum/quadrillum_longsword (from simplyswords-forge-1.47.0-1.19.2.jar), simplyswords:mythicmetals_compat/quadrillum/quadrillum_rapier (from simplyswords-forge-1.47.0-1.19.2.jar), simplyswords:mythicmetals_compat/quadrillum/quadrillum_sai (from simplyswords-forge-1.47.0-1.19.2.jar), simplyswords:mythicmetals_compat/quadrillum/quadrillum_spear (from simplyswords-forge-1.47.0-1.19.2.jar), simplyswords:mythicmetals_compat/quadrillum/quadrillum_twinblade (from simplyswords-forge-1.47.0-1.19.2.jar), simplyswords:mythicmetals_compat/quadrillum/quadrillum_warglaive (from simplyswords-forge-1.47.0-1.19.2.jar), simplyswords:mythicmetals_compat/quadrillum/quadrillum_greathammer (from simplyswords-forge-1.47.0-1.19.2.jar), simplyswords:mythicmetals_compat/quadrillum/quadrillum_greataxe (from simplyswords-forge-1.47.0-1.19.2.jar), simplyswords:mythicmetals_compat/quadrillum/quadrillum_chakram (from simplyswords-forge-1.47.0-1.19.2.jar), simplyswords:mythicmetals_compat/quadrillum/quadrillum_scythe (from simplyswords-forge-1.47.0-1.19.2.jar), simplyswords:mythicmetals_compat/quadrillum/quadrillum_halberd (from simplyswords-forge-1.47.0-1.19.2.jar)] as it is missing following references: simplyswords:mythicmetals_compat/quadrillum/quadrillum_claymore (from simplyswords-forge-1.47.0-1.19.2.jar), 
	simplyswords:mythicmetals_compat/quadrillum/quadrillum_cutlass (from simplyswords-forge-1.47.0-1.19.2.jar), 
	simplyswords:mythicmetals_compat/quadrillum/quadrillum_glaive (from simplyswords-forge-1.47.0-1.19.2.jar), 
	simplyswords:mythicmetals_compat/quadrillum/quadrillum_katana (from simplyswords-forge-1.47.0-1.19.2.jar), 
	simplyswords:mythicmetals_compat/quadrillum/quadrillum_longsword (from simplyswords-forge-1.47.0-1.19.2.jar), 
	simplyswords:mythicmetals_compat/quadrillum/quadrillum_rapier (from simplyswords-forge-1.47.0-1.19.2.jar), 
	simplyswords:mythicmetals_compat/quadrillum/quadrillum_sai (from simplyswords-forge-1.47.0-1.19.2.jar), 
	simplyswords:mythicmetals_compat/quadrillum/quadrillum_spear (from simplyswords-forge-1.47.0-1.19.2.jar), 
	simplyswords:mythicmetals_compat/quadrillum/quadrillum_twinblade (from simplyswords-forge-1.47.0-1.19.2.jar), 
	simplyswords:mythicmetals_compat/quadrillum/quadrillum_warglaive (from simplyswords-forge-1.47.0-1.19.2.jar), 
	simplyswords:mythicmetals_compat/quadrillum/quadrillum_greathammer (from simplyswords-forge-1.47.0-1.19.2.jar), 
	simplyswords:mythicmetals_compat/quadrillum/quadrillum_greataxe (from simplyswords-forge-1.47.0-1.19.2.jar), 
	simplyswords:mythicmetals_compat/quadrillum/quadrillum_chakram (from simplyswords-forge-1.47.0-1.19.2.jar), 
	simplyswords:mythicmetals_compat/quadrillum/quadrillum_scythe (from simplyswords-forge-1.47.0-1.19.2.jar), 
	simplyswords:mythicmetals_compat/quadrillum/quadrillum_halberd (from simplyswords-forge-1.47.0-1.19.2.jar)
[20Dec2025 16:16:29.267] [Worker-Main2/ERROR] [net.minecraft.tags.TagLoader/]: Couldn't load tag [minecraft:carrots (from collection-of-singiro-1.19.x-1.1.4.jar), minecraft:potatoes (from collection-of-singiro-1.19.x-1.1.4.jar), minecraft:beetroots (from collection-of-singiro-1.19.x-1.1.4.jar), minecraft:cocao (from collection-of-singiro-1.19.x-1.1.4.jar), minecraft:sweet_berry_bush (from collection-of-singiro-1.19.x-1.1.4.jar)] as it is missing following references: minecraft:carrots (from collection-of-singiro-1.19.x-1.1.4.jar), 
	minecraft:potatoes (from collection-of-singiro-1.19.x-1.1.4.jar), 
	minecraft:beetroots (from collection-of-singiro-1.19.x-1.1.4.jar), 
	minecraft:cocao (from collection-of-singiro-1.19.x-1.1.4.jar), 
	minecraft:sweet_berry_bush (from collection-of-singiro-1.19.x-1.1.4.jar)
[20Dec2025 16:16:29.269] [Worker-Main2/ERROR] [net.minecraft.tags.TagLoader/]: Couldn't load tag [bygonenether:withered_blackstone_vertical_slab (from bygonenether-1.3.2-1.19.2.jar), bygonenether:cracked_withered_blackstone_vertical_slab (from bygonenether-1.3.2-1.19.2.jar), bygonenether:warped_nether_brick_vertical_slab (from bygonenether-1.3.2-1.19.2.jar)] as it is missing following references: bygonenether:withered_blackstone_vertical_slab (from bygonenether-1.3.2-1.19.2.jar), 
	bygonenether:cracked_withered_blackstone_vertical_slab (from bygonenether-1.3.2-1.19.2.jar), 
	bygonenether:warped_nether_brick_vertical_slab (from bygonenether-1.3.2-1.19.2.jar)
[20Dec2025 16:16:29.276] [Worker-Main2/ERROR] [net.minecraft.tags.TagLoader/]: Couldn't load tag [simplyswords:mythicmetals_compat/celestium/celestium_claymore (from simplyswords-forge-1.47.0-1.19.2.jar), simplyswords:mythicmetals_compat/celestium/celestium_cutlass (from simplyswords-forge-1.47.0-1.19.2.jar), simplyswords:mythicmetals_compat/celestium/celestium_glaive (from simplyswords-forge-1.47.0-1.19.2.jar), simplyswords:mythicmetals_compat/celestium/celestium_katana (from simplyswords-forge-1.47.0-1.19.2.jar), simplyswords:mythicmetals_compat/celestium/celestium_longsword (from simplyswords-forge-1.47.0-1.19.2.jar), simplyswords:mythicmetals_compat/celestium/celestium_rapier (from simplyswords-forge-1.47.0-1.19.2.jar), simplyswords:mythicmetals_compat/celestium/celestium_sai (from simplyswords-forge-1.47.0-1.19.2.jar), simplyswords:mythicmetals_compat/celestium/celestium_spear (from simplyswords-forge-1.47.0-1.19.2.jar), simplyswords:mythicmetals_compat/celestium/celestium_twinblade (from simplyswords-forge-1.47.0-1.19.2.jar), simplyswords:mythicmetals_compat/celestium/celestium_warglaive (from simplyswords-forge-1.47.0-1.19.2.jar), simplyswords:mythicmetals_compat/celestium/celestium_greathammer (from simplyswords-forge-1.47.0-1.19.2.jar), simplyswords:mythicmetals_compat/celestium/celestium_greataxe (from simplyswords-forge-1.47.0-1.19.2.jar), simplyswords:mythicmetals_compat/celestium/celestium_chakram (from simplyswords-forge-1.47.0-1.19.2.jar), simplyswords:mythicmetals_compat/celestium/celestium_scythe (from simplyswords-forge-1.47.0-1.19.2.jar), simplyswords:mythicmetals_compat/celestium/celestium_halberd (from simplyswords-forge-1.47.0-1.19.2.jar)] as it is missing following references: simplyswords:mythicmetals_compat/celestium/celestium_claymore (from simplyswords-forge-1.47.0-1.19.2.jar), 
	simplyswords:mythicmetals_compat/celestium/celestium_cutlass (from simplyswords-forge-1.47.0-1.19.2.jar), 
	simplyswords:mythicmetals_compat/celestium/celestium_glaive (from simplyswords-forge-1.47.0-1.19.2.jar), 
	simplyswords:mythicmetals_compat/celestium/celestium_katana (from simplyswords-forge-1.47.0-1.19.2.jar), 
	simplyswords:mythicmetals_compat/celestium/celestium_longsword (from simplyswords-forge-1.47.0-1.19.2.jar), 
	simplyswords:mythicmetals_compat/celestium/celestium_rapier (from simplyswords-forge-1.47.0-1.19.2.jar), 
	simplyswords:mythicmetals_compat/celestium/celestium_sai (from simplyswords-forge-1.47.0-1.19.2.jar), 
	simplyswords:mythicmetals_compat/celestium/celestium_spear (from simplyswords-forge-1.47.0-1.19.2.jar), 
	simplyswords:mythicmetals_compat/celestium/celestium_twinblade (from simplyswords-forge-1.47.0-1.19.2.jar), 
	simplyswords:mythicmetals_compat/celestium/celestium_warglaive (from simplyswords-forge-1.47.0-1.19.2.jar), 
	simplyswords:mythicmetals_compat/celestium/celestium_greathammer (from simplyswords-forge-1.47.0-1.19.2.jar), 
	simplyswords:mythicmetals_compat/celestium/celestium_greataxe (from simplyswords-forge-1.47.0-1.19.2.jar), 
	simplyswords:mythicmetals_compat/celestium/celestium_chakram (from simplyswords-forge-1.47.0-1.19.2.jar), 
	simplyswords:mythicmetals_compat/celestium/celestium_scythe (from simplyswords-forge-1.47.0-1.19.2.jar), 
	simplyswords:mythicmetals_compat/celestium/celestium_halberd (from simplyswords-forge-1.47.0-1.19.2.jar)
[20Dec2025 16:16:29.277] [Worker-Main2/ERROR] [net.minecraft.tags.TagLoader/]: Couldn't load tag [simplyswords:mythicmetals_compat/aquarium/aquarium_claymore (from simplyswords-forge-1.47.0-1.19.2.jar), simplyswords:mythicmetals_compat/aquarium/aquarium_cutlass (from simplyswords-forge-1.47.0-1.19.2.jar), simplyswords:mythicmetals_compat/aquarium/aquarium_glaive (from simplyswords-forge-1.47.0-1.19.2.jar), simplyswords:mythicmetals_compat/aquarium/aquarium_katana (from simplyswords-forge-1.47.0-1.19.2.jar), simplyswords:mythicmetals_compat/aquarium/aquarium_longsword (from simplyswords-forge-1.47.0-1.19.2.jar), simplyswords:mythicmetals_compat/aquarium/aquarium_rapier (from simplyswords-forge-1.47.0-1.19.2.jar), simplyswords:mythicmetals_compat/aquarium/aquarium_sai (from simplyswords-forge-1.47.0-1.19.2.jar), simplyswords:mythicmetals_compat/aquarium/aquarium_spear (from simplyswords-forge-1.47.0-1.19.2.jar), simplyswords:mythicmetals_compat/aquarium/aquarium_twinblade (from simplyswords-forge-1.47.0-1.19.2.jar), simplyswords:mythicmetals_compat/aquarium/aquarium_warglaive (from simplyswords-forge-1.47.0-1.19.2.jar), simplyswords:mythicmetals_compat/aquarium/aquarium_greathammer (from simplyswords-forge-1.47.0-1.19.2.jar), simplyswords:mythicmetals_compat/aquarium/aquarium_greataxe (from simplyswords-forge-1.47.0-1.19.2.jar), simplyswords:mythicmetals_compat/aquarium/aquarium_chakram (from simplyswords-forge-1.47.0-1.19.2.jar), simplyswords:mythicmetals_compat/aquarium/aquarium_scythe (from simplyswords-forge-1.47.0-1.19.2.jar), simplyswords:mythicmetals_compat/aquarium/aquarium_halberd (from simplyswords-forge-1.47.0-1.19.2.jar)] as it is missing following references: simplyswords:mythicmetals_compat/aquarium/aquarium_claymore (from simplyswords-forge-1.47.0-1.19.2.jar), 
	simplyswords:mythicmetals_compat/aquarium/aquarium_cutlass (from simplyswords-forge-1.47.0-1.19.2.jar), 
	simplyswords:mythicmetals_compat/aquarium/aquarium_glaive (from simplyswords-forge-1.47.0-1.19.2.jar), 
	simplyswords:mythicmetals_compat/aquarium/aquarium_katana (from simplyswords-forge-1.47.0-1.19.2.jar), 
	simplyswords:mythicmetals_compat/aquarium/aquarium_longsword (from simplyswords-forge-1.47.0-1.19.2.jar), 
	simplyswords:mythicmetals_compat/aquarium/aquarium_rapier (from simplyswords-forge-1.47.0-1.19.2.jar), 
	simplyswords:mythicmetals_compat/aquarium/aquarium_sai (from simplyswords-forge-1.47.0-1.19.2.jar), 
	simplyswords:mythicmetals_compat/aquarium/aquarium_spear (from simplyswords-forge-1.47.0-1.19.2.jar), 
	simplyswords:mythicmetals_compat/aquarium/aquarium_twinblade (from simplyswords-forge-1.47.0-1.19.2.jar), 
	simplyswords:mythicmetals_compat/aquarium/aquarium_warglaive (from simplyswords-forge-1.47.0-1.19.2.jar), 
	simplyswords:mythicmetals_compat/aquarium/aquarium_greathammer (from simplyswords-forge-1.47.0-1.19.2.jar), 
	simplyswords:mythicmetals_compat/aquarium/aquarium_greataxe (from simplyswords-forge-1.47.0-1.19.2.jar), 
	simplyswords:mythicmetals_compat/aquarium/aquarium_chakram (from simplyswords-forge-1.47.0-1.19.2.jar), 
	simplyswords:mythicmetals_compat/aquarium/aquarium_scythe (from simplyswords-forge-1.47.0-1.19.2.jar), 
	simplyswords:mythicmetals_compat/aquarium/aquarium_halberd (from simplyswords-forge-1.47.0-1.19.2.jar)
[20Dec2025 16:16:29.288] [Worker-Main2/ERROR] [net.minecraft.tags.TagLoader/]: Couldn't load tag [mythicmetals:mythicmetals_compat/carmot/carmot_claymore (from simplyswords-forge-1.47.0-1.19.2.jar), mythicmetals:mythicmetals_compat/carmot/carmot_cutlass (from simplyswords-forge-1.47.0-1.19.2.jar), mythicmetals:mythicmetals_compat/carmot/carmot_glaive (from simplyswords-forge-1.47.0-1.19.2.jar), mythicmetals:mythicmetals_compat/carmot/carmot_katana (from simplyswords-forge-1.47.0-1.19.2.jar), mythicmetals:mythicmetals_compat/carmot/carmot_longsword (from simplyswords-forge-1.47.0-1.19.2.jar), mythicmetals:mythicmetals_compat/carmot/carmot_rapier (from simplyswords-forge-1.47.0-1.19.2.jar), mythicmetals:mythicmetals_compat/carmot/carmot_sai (from simplyswords-forge-1.47.0-1.19.2.jar), mythicmetals:mythicmetals_compat/carmot/carmot_spear (from simplyswords-forge-1.47.0-1.19.2.jar), mythicmetals:mythicmetals_compat/carmot/carmot_twinblade (from simplyswords-forge-1.47.0-1.19.2.jar), mythicmetals:mythicmetals_compat/carmot/carmot_warglaive (from simplyswords-forge-1.47.0-1.19.2.jar), mythicmetals:mythicmetals_compat/carmot/carmot_greathammer (from simplyswords-forge-1.47.0-1.19.2.jar), mythicmetals:mythicmetals_compat/carmot/carmot_greataxe (from simplyswords-forge-1.47.0-1.19.2.jar), mythicmetals:mythicmetals_compat/carmot/carmot_chakram (from simplyswords-forge-1.47.0-1.19.2.jar), mythicmetals:mythicmetals_compat/carmot/carmot_scythe (from simplyswords-forge-1.47.0-1.19.2.jar), mythicmetals:mythicmetals_compat/carmot/carmot_halberd (from simplyswords-forge-1.47.0-1.19.2.jar)] as it is missing following references: mythicmetals:mythicmetals_compat/carmot/carmot_claymore (from simplyswords-forge-1.47.0-1.19.2.jar), 
	mythicmetals:mythicmetals_compat/carmot/carmot_cutlass (from simplyswords-forge-1.47.0-1.19.2.jar), 
	mythicmetals:mythicmetals_compat/carmot/carmot_glaive (from simplyswords-forge-1.47.0-1.19.2.jar), 
	mythicmetals:mythicmetals_compat/carmot/carmot_katana (from simplyswords-forge-1.47.0-1.19.2.jar), 
	mythicmetals:mythicmetals_compat/carmot/carmot_longsword (from simplyswords-forge-1.47.0-1.19.2.jar), 
	mythicmetals:mythicmetals_compat/carmot/carmot_rapier (from simplyswords-forge-1.47.0-1.19.2.jar), 
	mythicmetals:mythicmetals_compat/carmot/carmot_sai (from simplyswords-forge-1.47.0-1.19.2.jar), 
	mythicmetals:mythicmetals_compat/carmot/carmot_spear (from simplyswords-forge-1.47.0-1.19.2.jar), 
	mythicmetals:mythicmetals_compat/carmot/carmot_twinblade (from simplyswords-forge-1.47.0-1.19.2.jar), 
	mythicmetals:mythicmetals_compat/carmot/carmot_warglaive (from simplyswords-forge-1.47.0-1.19.2.jar), 
	mythicmetals:mythicmetals_compat/carmot/carmot_greathammer (from simplyswords-forge-1.47.0-1.19.2.jar), 
	mythicmetals:mythicmetals_compat/carmot/carmot_greataxe (from simplyswords-forge-1.47.0-1.19.2.jar), 
	mythicmetals:mythicmetals_compat/carmot/carmot_chakram (from simplyswords-forge-1.47.0-1.19.2.jar), 
	mythicmetals:mythicmetals_compat/carmot/carmot_scythe (from simplyswords-forge-1.47.0-1.19.2.jar), 
	mythicmetals:mythicmetals_compat/carmot/carmot_halberd (from simplyswords-forge-1.47.0-1.19.2.jar)
[20Dec2025 16:16:29.301] [Worker-Main2/ERROR] [net.minecraft.tags.TagLoader/]: Couldn't load tag [simplyswords:mythicmetals_compat/adamantite/adamantite_claymore (from simplyswords-forge-1.47.0-1.19.2.jar), simplyswords:mythicmetals_compat/adamantite/adamantite_cutlass (from simplyswords-forge-1.47.0-1.19.2.jar), simplyswords:mythicmetals_compat/adamantite/adamantite_glaive (from simplyswords-forge-1.47.0-1.19.2.jar), simplyswords:mythicmetals_compat/adamantite/adamantite_katana (from simplyswords-forge-1.47.0-1.19.2.jar), simplyswords:mythicmetals_compat/adamantite/adamantite_longsword (from simplyswords-forge-1.47.0-1.19.2.jar), simplyswords:mythicmetals_compat/adamantite/adamantite_rapier (from simplyswords-forge-1.47.0-1.19.2.jar), simplyswords:mythicmetals_compat/adamantite/adamantite_sai (from simplyswords-forge-1.47.0-1.19.2.jar), simplyswords:mythicmetals_compat/adamantite/adamantite_spear (from simplyswords-forge-1.47.0-1.19.2.jar), simplyswords:mythicmetals_compat/adamantite/adamantite_twinblade (from simplyswords-forge-1.47.0-1.19.2.jar), simplyswords:mythicmetals_compat/adamantite/adamantite_warglaive (from simplyswords-forge-1.47.0-1.19.2.jar), simplyswords:mythicmetals_compat/adamantite/adamantite_greathammer (from simplyswords-forge-1.47.0-1.19.2.jar), simplyswords:mythicmetals_compat/adamantite/adamantite_greataxe (from simplyswords-forge-1.47.0-1.19.2.jar), simplyswords:mythicmetals_compat/adamantite/adamantite_chakram (from simplyswords-forge-1.47.0-1.19.2.jar), simplyswords:mythicmetals_compat/adamantite/adamantite_scythe (from simplyswords-forge-1.47.0-1.19.2.jar), simplyswords:mythicmetals_compat/adamantite/adamantite_halberd (from simplyswords-forge-1.47.0-1.19.2.jar)] as it is missing following references: simplyswords:mythicmetals_compat/adamantite/adamantite_claymore (from simplyswords-forge-1.47.0-1.19.2.jar), 
	simplyswords:mythicmetals_compat/adamantite/adamantite_cutlass (from simplyswords-forge-1.47.0-1.19.2.jar), 
	simplyswords:mythicmetals_compat/adamantite/adamantite_glaive (from simplyswords-forge-1.47.0-1.19.2.jar), 
	simplyswords:mythicmetals_compat/adamantite/adamantite_katana (from simplyswords-forge-1.47.0-1.19.2.jar), 
	simplyswords:mythicmetals_compat/adamantite/adamantite_longsword (from simplyswords-forge-1.47.0-1.19.2.jar), 
	simplyswords:mythicmetals_compat/adamantite/adamantite_rapier (from simplyswords-forge-1.47.0-1.19.2.jar), 
	simplyswords:mythicmetals_compat/adamantite/adamantite_sai (from simplyswords-forge-1.47.0-1.19.2.jar), 
	simplyswords:mythicmetals_compat/adamantite/adamantite_spear (from simplyswords-forge-1.47.0-1.19.2.jar), 
	simplyswords:mythicmetals_compat/adamantite/adamantite_twinblade (from simplyswords-forge-1.47.0-1.19.2.jar), 
	simplyswords:mythicmetals_compat/adamantite/adamantite_warglaive (from simplyswords-forge-1.47.0-1.19.2.jar), 
	simplyswords:mythicmetals_compat/adamantite/adamantite_greathammer (from simplyswords-forge-1.47.0-1.19.2.jar), 
	simplyswords:mythicmetals_compat/adamantite/adamantite_greataxe (from simplyswords-forge-1.47.0-1.19.2.jar), 
	simplyswords:mythicmetals_compat/adamantite/adamantite_chakram (from simplyswords-forge-1.47.0-1.19.2.jar), 
	simplyswords:mythicmetals_compat/adamantite/adamantite_scythe (from simplyswords-forge-1.47.0-1.19.2.jar), 
	simplyswords:mythicmetals_compat/adamantite/adamantite_halberd (from simplyswords-forge-1.47.0-1.19.2.jar)
[20Dec2025 16:16:29.302] [Worker-Main2/ERROR] [net.minecraft.tags.TagLoader/]: Couldn't load tag [simplyswords:mythicmetals_compat/mythril/mythril_claymore (from simplyswords-forge-1.47.0-1.19.2.jar), simplyswords:mythicmetals_compat/mythril/mythril_cutlass (from simplyswords-forge-1.47.0-1.19.2.jar), simplyswords:mythicmetals_compat/mythril/mythril_glaive (from simplyswords-forge-1.47.0-1.19.2.jar), simplyswords:mythicmetals_compat/mythril/mythril_katana (from simplyswords-forge-1.47.0-1.19.2.jar), simplyswords:mythicmetals_compat/mythril/mythril_longsword (from simplyswords-forge-1.47.0-1.19.2.jar), simplyswords:mythicmetals_compat/mythril/mythril_rapier (from simplyswords-forge-1.47.0-1.19.2.jar), simplyswords:mythicmetals_compat/mythril/mythril_sai (from simplyswords-forge-1.47.0-1.19.2.jar), simplyswords:mythicmetals_compat/mythril/mythril_spear (from simplyswords-forge-1.47.0-1.19.2.jar), simplyswords:mythicmetals_compat/mythril/mythril_twinblade (from simplyswords-forge-1.47.0-1.19.2.jar), simplyswords:mythicmetals_compat/mythril/mythril_warglaive (from simplyswords-forge-1.47.0-1.19.2.jar), simplyswords:mythicmetals_compat/mythril/mythril_greathammer (from simplyswords-forge-1.47.0-1.19.2.jar), simplyswords:mythicmetals_compat/mythril/mythril_greataxe (from simplyswords-forge-1.47.0-1.19.2.jar), simplyswords:mythicmetals_compat/mythril/mythril_chakram (from simplyswords-forge-1.47.0-1.19.2.jar), simplyswords:mythicmetals_compat/mythril/mythril_scythe (from simplyswords-forge-1.47.0-1.19.2.jar), simplyswords:mythicmetals_compat/mythril/mythril_halberd (from simplyswords-forge-1.47.0-1.19.2.jar)] as it is missing following references: simplyswords:mythicmetals_compat/mythril/mythril_claymore (from simplyswords-forge-1.47.0-1.19.2.jar), 
	simplyswords:mythicmetals_compat/mythril/mythril_cutlass (from simplyswords-forge-1.47.0-1.19.2.jar), 
	simplyswords:mythicmetals_compat/mythril/mythril_glaive (from simplyswords-forge-1.47.0-1.19.2.jar), 
	simplyswords:mythicmetals_compat/mythril/mythril_katana (from simplyswords-forge-1.47.0-1.19.2.jar), 
	simplyswords:mythicmetals_compat/mythril/mythril_longsword (from simplyswords-forge-1.47.0-1.19.2.jar), 
	simplyswords:mythicmetals_compat/mythril/mythril_rapier (from simplyswords-forge-1.47.0-1.19.2.jar), 
	simplyswords:mythicmetals_compat/mythril/mythril_sai (from simplyswords-forge-1.47.0-1.19.2.jar), 
	simplyswords:mythicmetals_compat/mythril/mythril_spear (from simplyswords-forge-1.47.0-1.19.2.jar), 
	simplyswords:mythicmetals_compat/mythril/mythril_twinblade (from simplyswords-forge-1.47.0-1.19.2.jar), 
	simplyswords:mythicmetals_compat/mythril/mythril_warglaive (from simplyswords-forge-1.47.0-1.19.2.jar), 
	simplyswords:mythicmetals_compat/mythril/mythril_greathammer (from simplyswords-forge-1.47.0-1.19.2.jar), 
	simplyswords:mythicmetals_compat/mythril/mythril_greataxe (from simplyswords-forge-1.47.0-1.19.2.jar), 
	simplyswords:mythicmetals_compat/mythril/mythril_chakram (from simplyswords-forge-1.47.0-1.19.2.jar), 
	simplyswords:mythicmetals_compat/mythril/mythril_scythe (from simplyswords-forge-1.47.0-1.19.2.jar), 
	simplyswords:mythicmetals_compat/mythril/mythril_halberd (from simplyswords-forge-1.47.0-1.19.2.jar)
[20Dec2025 16:16:29.314] [Worker-Main4/ERROR] [net.minecraft.tags.TagLoader/]: Couldn't load tag [quark:soul_stone (from bygonenether-1.3.2-1.19.2.jar)] as it is missing following references: quark:soul_stone (from bygonenether-1.3.2-1.19.2.jar)
[20Dec2025 16:16:29.314] [Worker-Main4/ERROR] [net.minecraft.tags.TagLoader/]: Couldn't load tag [bygonenether:withered_blackstone_vertical_slab (from bygonenether-1.3.2-1.19.2.jar), bygonenether:cracked_withered_blackstone_vertical_slab (from bygonenether-1.3.2-1.19.2.jar), bygonenether:warped_nether_brick_vertical_slab (from bygonenether-1.3.2-1.19.2.jar)] as it is missing following references: bygonenether:withered_blackstone_vertical_slab (from bygonenether-1.3.2-1.19.2.jar), 
	bygonenether:cracked_withered_blackstone_vertical_slab (from bygonenether-1.3.2-1.19.2.jar), 
	bygonenether:warped_nether_brick_vertical_slab (from bygonenether-1.3.2-1.19.2.jar)
[20Dec2025 16:16:29.912] [Worker-Main5/ERROR] [Calio/]: Couldn't parse data file medievalorigins:daemon/hellborne from medievalorigins:powers/daemon/hellborne.json
com.google.gson.JsonParseException: com.google.gson.stream.MalformedJsonException: Expected name at line 3 column 2 path $.type
	at net.minecraft.util.GsonHelper.m_13780_(GsonHelper.java:512) ~[server-1.19.2-20220805.130853-srg.jar%23521!/:?]
	at net.minecraft.util.GsonHelper.m_13776_(GsonHelper.java:549) ~[server-1.19.2-20220805.130853-srg.jar%23521!/:?]
	at io.github.edwinmindcraft.calio.common.registry.CalioDynamicRegistryManager$ReloadFactory.prepare(CalioDynamicRegistryManager.java:357) ~[calio-forge-1.19.2-1.7.0.4.jar%23568!/:1.19.2-1.7.0.4]
	at io.github.edwinmindcraft.calio.common.registry.CalioDynamicRegistryManager.lambda$prepare$3(CalioDynamicRegistryManager.java:111) ~[calio-forge-1.19.2-1.7.0.4.jar%23568!/:1.19.2-1.7.0.4]
	at java.util.concurrent.CompletableFuture$AsyncRun.run(CompletableFuture.java:1804) [?:?]
	at java.util.concurrent.CompletableFuture$AsyncRun.exec(CompletableFuture.java:1796) [?:?]
	at java.util.concurrent.ForkJoinTask.doExec(ForkJoinTask.java:373) [?:?]
	at java.util.concurrent.ForkJoinPool$WorkQueue.topLevelExec(ForkJoinPool.java:1182) [?:?]
	at java.util.concurrent.ForkJoinPool.scan(ForkJoinPool.java:1655) [?:?]
	at java.util.concurrent.ForkJoinPool.runWorker(ForkJoinPool.java:1622) [?:?]
	at java.util.concurrent.ForkJoinWorkerThread.run(ForkJoinWorkerThread.java:165) [?:?]
Caused by: com.google.gson.stream.MalformedJsonException: Expected name at line 3 column 2 path $.type
	at com.google.gson.stream.JsonReader.syntaxError(JsonReader.java:1562) ~[gson-2.8.9.jar%2370!/:?]
	at com.google.gson.stream.JsonReader.doPeek(JsonReader.java:504) ~[gson-2.8.9.jar%2370!/:?]
	at com.google.gson.stream.JsonReader.hasNext(JsonReader.java:413) ~[gson-2.8.9.jar%2370!/:?]
	at com.google.gson.internal.bind.TypeAdapters$27.read(TypeAdapters.java:683) ~[gson-2.8.9.jar%2370!/:?]
	at com.google.gson.internal.bind.TypeAdapters$27.read(TypeAdapters.java:655) ~[gson-2.8.9.jar%2370!/:?]
	at com.google.gson.internal.bind.TypeAdapters$33$1.read(TypeAdapters.java:866) ~[gson-2.8.9.jar%2370!/:?]
	at net.minecraft.util.GsonHelper.m_13780_(GsonHelper.java:510) ~[server-1.19.2-20220805.130853-srg.jar%23521!/:?]
	... 10 more
[20Dec2025 16:16:30.769] [Worker-Main7/ERROR] [net.minecraft.server.packs.resources.SimpleJsonResourceReloadListener/]: Couldn't parse data file nova_structures:chests/water_supply from nova_structures:loot_tables/chests/water_supply.json
com.google.gson.JsonParseException: com.google.gson.stream.MalformedJsonException: Unterminated array at line 17 column 10 path $.pools[0].entries[1]
	at net.minecraft.util.GsonHelper.m_13780_(GsonHelper.java:512) ~[server-1.19.2-20220805.130853-srg.jar%23521!/:?]
	at net.minecraft.util.GsonHelper.m_13776_(GsonHelper.java:549) ~[server-1.19.2-20220805.130853-srg.jar%23521!/:?]
	at net.minecraft.server.packs.resources.SimpleJsonResourceReloadListener.m_5944_(SimpleJsonResourceReloadListener.java:43) ~[server-1.19.2-20220805.130853-srg.jar%23521!/:?]
	at net.minecraft.server.packs.resources.SimpleJsonResourceReloadListener.m_5944_(SimpleJsonResourceReloadListener.java:16) ~[server-1.19.2-20220805.130853-srg.jar%23521!/:?]
	at net.minecraft.server.packs.resources.SimplePreparableReloadListener.m_10786_(SimplePreparableReloadListener.java:11) ~[server-1.19.2-20220805.130853-srg.jar%23521!/:?]
	at java.util.concurrent.CompletableFuture$AsyncSupply.run(CompletableFuture.java:1768) [?:?]
	at java.util.concurrent.CompletableFuture$AsyncSupply.exec(CompletableFuture.java:1760) [?:?]
	at java.util.concurrent.ForkJoinTask.doExec(ForkJoinTask.java:373) [?:?]
	at java.util.concurrent.ForkJoinPool$WorkQueue.topLevelExec(ForkJoinPool.java:1182) [?:?]
	at java.util.concurrent.ForkJoinPool.scan(ForkJoinPool.java:1655) [?:?]
	at java.util.concurrent.ForkJoinPool.runWorker(ForkJoinPool.java:1622) [?:?]
	at java.util.concurrent.ForkJoinWorkerThread.run(ForkJoinWorkerThread.java:165) [?:?]
Caused by: com.google.gson.stream.MalformedJsonException: Unterminated array at line 17 column 10 path $.pools[0].entries[1]
	at com.google.gson.stream.JsonReader.syntaxError(JsonReader.java:1562) ~[gson-2.8.9.jar%2370!/:?]
	at com.google.gson.stream.JsonReader.doPeek(JsonReader.java:475) ~[gson-2.8.9.jar%2370!/:?]
	at com.google.gson.stream.JsonReader.hasNext(JsonReader.java:413) ~[gson-2.8.9.jar%2370!/:?]
	at com.google.gson.internal.bind.TypeAdapters$27.read(TypeAdapters.java:675) ~[gson-2.8.9.jar%2370!/:?]
	at com.google.gson.internal.bind.TypeAdapters$27.read(TypeAdapters.java:684) ~[gson-2.8.9.jar%2370!/:?]
	at com.google.gson.internal.bind.TypeAdapters$27.read(TypeAdapters.java:676) ~[gson-2.8.9.jar%2370!/:?]
	at com.google.gson.internal.bind.TypeAdapters$27.read(TypeAdapters.java:684) ~[gson-2.8.9.jar%2370!/:?]
	at com.google.gson.internal.bind.TypeAdapters$27.read(TypeAdapters.java:655) ~[gson-2.8.9.jar%2370!/:?]
	at com.google.gson.internal.bind.TypeAdapters$33$1.read(TypeAdapters.java:866) ~[gson-2.8.9.jar%2370!/:?]
	at net.minecraft.util.GsonHelper.m_13780_(GsonHelper.java:510) ~[server-1.19.2-20220805.130853-srg.jar%23521!/:?]
	... 11 more
[20Dec2025 16:16:31.060] [main/INFO] [com.teampotato.redirector.Redirector/]: Redirecting umpaz/farmersrespite/client/recipebook/KettleRecipeBookTab
[20Dec2025 16:16:31.062] [main/INFO] [com.teampotato.redirector.Redirector/]: Redirecting umpaz/brewinandchewin/client/recipebook/KegRecipeBookTab
[20Dec2025 16:16:31.068] [main/INFO] [net.minecraft.world.item.crafting.RecipeManager/]: Skipping loading recipe undergarden:gloomgourd_pie as it's serializer returned null
[20Dec2025 16:16:31.070] [main/ERROR] [net.minecraft.world.item.crafting.RecipeManager/]: Parsing error loading recipe dreadsteel:dreadsteel_scythe: com.google.gson.JsonSyntaxException: Unknown item 'iceandfire:witherbone'
[20Dec2025 16:16:31.093] [main/INFO] [net.minecraft.world.item.crafting.RecipeManager/]: Skipping loading recipe delightful:knives/blasting/copper_thermal as it's serializer returned null
[20Dec2025 16:16:31.095] [main/INFO] [net.minecraft.world.item.crafting.RecipeManager/]: Skipping loading recipe atmospheric:grimwood_leaves_from_grimwood_leaf_pile as it's serializer returned null
[20Dec2025 16:16:31.096] [main/INFO] [net.minecraft.world.item.crafting.RecipeManager/]: Skipping loading recipe atmospheric:dragon_fruit_crate as it's serializer returned null
[20Dec2025 16:16:31.100] [main/INFO] [net.minecraft.world.item.crafting.RecipeManager/]: Skipping loading recipe delightful:knives/mechanical_crafting/gilded_quartz_knife as it's serializer returned null
[20Dec2025 16:16:31.100] [main/INFO] [net.minecraft.world.item.crafting.RecipeManager/]: Skipping loading recipe byg:green_apple_pie_from_slices as it's serializer returned null
[20Dec2025 16:16:31.109] [main/INFO] [net.minecraft.world.item.crafting.RecipeManager/]: Skipping loading recipe atmospheric:yucca_trapped_chest as it's serializer returned null
[20Dec2025 16:16:31.109] [main/INFO] [net.minecraft.world.item.crafting.RecipeManager/]: Skipping loading recipe delightful:knives/osmium_knife as it's serializer returned null
[20Dec2025 16:16:31.114] [main/INFO] [net.minecraft.world.item.crafting.RecipeManager/]: Skipping loading recipe delightful:knives/smelting/bone/bone_meal_from_smelting_axe as it's serializer returned null
[20Dec2025 16:16:31.114] [main/INFO] [net.minecraft.world.item.crafting.RecipeManager/]: Skipping loading recipe atmospheric:rosewood_trapped_chest as it's serializer returned null
[20Dec2025 16:16:31.115] [main/INFO] [net.minecraft.world.item.crafting.RecipeManager/]: Skipping loading recipe delightful:integration/biomesoplenty/lavender_tea as it's serializer returned null
[20Dec2025 16:16:31.118] [main/INFO] [net.minecraft.world.item.crafting.RecipeManager/]: Skipping loading recipe atmospheric:large_morado_boat as it's serializer returned null
[20Dec2025 16:16:31.127] [main/INFO] [net.minecraft.world.item.crafting.RecipeManager/]: Skipping loading recipe delightful:cutting/nightshade_berry_pie as it's serializer returned null
[20Dec2025 16:16:31.128] [main/INFO] [net.minecraft.world.item.crafting.RecipeManager/]: Skipping loading recipe delightful:integration/goodall/cooked_venison_goodall as it's serializer returned null
[20Dec2025 16:16:31.128] [main/INFO] [net.minecraft.world.item.crafting.RecipeManager/]: Skipping loading recipe atmospheric:polished_dolerite_vertical_slab_from_dolerite_stonecutting as it's serializer returned null
[20Dec2025 16:16:31.128] [main/INFO] [net.minecraft.world.item.crafting.RecipeManager/]: Skipping loading recipe ars_elemental:jeed/hellfire_burn as it's serializer returned null
[20Dec2025 16:16:31.130] [main/INFO] [net.minecraft.world.item.crafting.RecipeManager/]: Skipping loading recipe atmospheric:rosewood_leaf_pile as it's serializer returned null
[20Dec2025 16:16:31.137] [main/INFO] [net.minecraft.world.item.crafting.RecipeManager/]: Skipping loading recipe atmospheric:dry_laurel_leaf_pile as it's serializer returned null
[20Dec2025 16:16:31.138] [main/INFO] [net.minecraft.world.item.crafting.RecipeManager/]: Skipping loading recipe delightful:integration/windswept/goat_shanks_windswept as it's serializer returned null
[20Dec2025 16:16:31.147] [main/INFO] [net.minecraft.world.item.crafting.RecipeManager/]: Skipping loading recipe wildberries:cutting/blueberry_pie as it's serializer returned null
[20Dec2025 16:16:31.147] [main/INFO] [net.minecraft.world.item.crafting.RecipeManager/]: Skipping loading recipe delightful:cutting/gloomgourd_pie as it's serializer returned null
[20Dec2025 16:16:31.148] [main/INFO] [net.minecraft.world.item.crafting.RecipeManager/]: Skipping loading recipe delightful:knives/blasting/bone/bone_meal_from_blasting_axe as it's serializer returned null
[20Dec2025 16:16:31.151] [main/INFO] [net.minecraft.world.item.crafting.RecipeManager/]: Skipping loading recipe delightful:integration/byg/unpack_green_apple_crate as it's serializer returned null
[20Dec2025 16:16:31.153] [main/INFO] [net.minecraft.world.item.crafting.RecipeManager/]: Skipping loading recipe delightful:knives/blasting/invar_thermal as it's serializer returned null
[20Dec2025 16:16:31.153] [main/ERROR] [net.minecraft.world.item.crafting.RecipeManager/]: Parsing error loading recipe irons_spellbooks:curios/concentration_amulet: com.google.gson.JsonSyntaxException: Unknown item 'irons_spellbooks:mithril_ingot'
[20Dec2025 16:16:31.153] [main/INFO] [net.minecraft.world.item.crafting.RecipeManager/]: Skipping loading recipe delightful:knives/smelting/lead_thermal as it's serializer returned null
[20Dec2025 16:16:31.155] [main/INFO] [net.minecraft.world.item.crafting.RecipeManager/]: Skipping loading recipe delightful:knives/smelting/lead_immersiveengineering as it's serializer returned null
[20Dec2025 16:16:31.156] [main/INFO] [net.minecraft.world.item.crafting.RecipeManager/]: Skipping loading recipe delightful:integration/biomemakeover/cactus_flesh_from_barrel_cactus_flowered as it's serializer returned null
[20Dec2025 16:16:31.168] [main/INFO] [com.teampotato.redirector.Redirector/]: Redirecting com/stal111/forbidden_arcanus/common/block/entity/clibano/ClibanoFireType
[20Dec2025 16:16:31.169] [main/INFO] [net.minecraft.world.item.crafting.RecipeManager/]: Skipping loading recipe atmospheric:carmine_pavement_vertical_slab_revert as it's serializer returned null
[20Dec2025 16:16:31.178] [main/INFO] [net.minecraft.world.item.crafting.RecipeManager/]: Skipping loading recipe byg:nightshade_berry_pie_from_slices as it's serializer returned null
[20Dec2025 16:16:31.179] [main/INFO] [net.minecraft.world.item.crafting.RecipeManager/]: Skipping loading recipe atmospheric:morado_leaves_from_morado_leaf_pile as it's serializer returned null
[20Dec2025 16:16:31.181] [main/INFO] [net.minecraft.world.item.crafting.RecipeManager/]: Skipping loading recipe delightful:knives/smelting/bone/bone_meal_from_smelting_chestplate as it's serializer returned null
[20Dec2025 16:16:31.182] [main/INFO] [net.minecraft.world.item.crafting.RecipeManager/]: Skipping loading recipe delightful:knives/blasting/tin_thermal as it's serializer returned null
[20Dec2025 16:16:31.182] [main/INFO] [net.minecraft.world.item.crafting.RecipeManager/]: Skipping loading recipe delightful:integration/byg/unpack_crimson_berry_sack as it's serializer returned null
[20Dec2025 16:16:31.197] [main/INFO] [net.minecraft.world.item.crafting.RecipeManager/]: Skipping loading recipe delightful:knives/smelting/nickel_thermal as it's serializer returned null
[20Dec2025 16:16:31.198] [main/INFO] [net.minecraft.world.item.crafting.RecipeManager/]: Skipping loading recipe sprout:water_sausage as it's serializer returned null
[20Dec2025 16:16:31.198] [main/INFO] [net.minecraft.world.item.crafting.RecipeManager/]: Skipping loading recipe delightful:knives/onyx_knife as it's serializer returned null
[20Dec2025 16:16:31.199] [main/INFO] [net.minecraft.world.item.crafting.RecipeManager/]: Skipping loading recipe delightful:integration/biomemakeover/cactus_flesh_from_saguaro_cactus as it's serializer returned null
[20Dec2025 16:16:31.200] [main/INFO] [net.minecraft.world.item.crafting.RecipeManager/]: Skipping loading recipe atmospheric:kousa_leaf_pile as it's serializer returned null
[20Dec2025 16:16:31.200] [main/INFO] [net.minecraft.world.item.crafting.RecipeManager/]: Skipping loading recipe atmospheric:grimwood_ladder as it's serializer returned null
[20Dec2025 16:16:31.201] [main/INFO] [net.minecraft.world.item.crafting.RecipeManager/]: Skipping loading recipe delightful:knives/smithing/warden_knife as it's serializer returned null
[20Dec2025 16:16:31.201] [main/ERROR] [net.minecraft.world.item.crafting.RecipeManager/]: Parsing error loading recipe iter_rpg:the_rock_recipe: com.google.gson.JsonSyntaxException: Unknown item 'iter_rpg:deleted_mod_element'
[20Dec2025 16:16:31.208] [main/INFO] [net.minecraft.world.item.crafting.RecipeManager/]: Skipping loading recipe delightful:knives/lapis_lazuli_knife as it's serializer returned null
[20Dec2025 16:16:31.209] [main/INFO] [net.minecraft.world.item.crafting.RecipeManager/]: Skipping loading recipe frozenup:truffle_cake_from_chocolate as it's serializer returned null
[20Dec2025 16:16:31.209] [main/INFO] [net.minecraft.world.item.crafting.RecipeManager/]: Skipping loading recipe delightful:knives/smelting/bronze_thermal as it's serializer returned null
[20Dec2025 16:16:31.210] [main/INFO] [net.minecraft.world.item.crafting.RecipeManager/]: Skipping loading recipe wildberries:cutting/sweet_berry_pie as it's serializer returned null
[20Dec2025 16:16:31.210] [main/INFO] [net.minecraft.world.item.crafting.RecipeManager/]: Skipping loading recipe delightful:knives/blasting/tin_mekanism as it's serializer returned null
[20Dec2025 16:16:31.210] [main/INFO] [net.minecraft.world.item.crafting.RecipeManager/]: Skipping loading recipe delightful:knives/steel_knife as it's serializer returned null
[20Dec2025 16:16:31.210] [main/INFO] [net.minecraft.world.item.crafting.RecipeManager/]: Skipping loading recipe delightful:knives/blasting/diamond_diamond_nuggets as it's serializer returned null
[20Dec2025 16:16:31.211] [main/INFO] [net.minecraft.world.item.crafting.RecipeManager/]: Skipping loading recipe delightful:knives/smelting/copper_copperized as it's serializer returned null
[20Dec2025 16:16:31.211] [main/INFO] [net.minecraft.world.item.crafting.RecipeManager/]: Skipping loading recipe atmospheric:carmine_shingle_vertical_slab as it's serializer returned null
[20Dec2025 16:16:31.211] [main/INFO] [net.minecraft.world.item.crafting.RecipeManager/]: Skipping loading recipe twilightforest:jeed/frosted as it's serializer returned null
[20Dec2025 16:16:31.218] [main/INFO] [net.minecraft.world.item.crafting.RecipeManager/]: Skipping loading recipe delightful:cooking/rock_candy as it's serializer returned null
[20Dec2025 16:16:31.225] [main/INFO] [net.minecraft.world.item.crafting.RecipeManager/]: Skipping loading recipe delightful:knives/mythril_knife as it's serializer returned null
[20Dec2025 16:16:31.225] [main/INFO] [net.minecraft.world.item.crafting.RecipeManager/]: Skipping loading recipe atmospheric:grimwood_leaf_pile as it's serializer returned null
[20Dec2025 16:16:31.232] [main/INFO] [net.minecraft.world.item.crafting.RecipeManager/]: Skipping loading recipe byg:crimson_berry_pie_from_slices as it's serializer returned null
[20Dec2025 16:16:31.232] [main/INFO] [net.minecraft.world.item.crafting.RecipeManager/]: Skipping loading recipe atmospheric:large_yucca_boat as it's serializer returned null
[20Dec2025 16:16:31.233] [main/ERROR] [net.minecraft.world.item.crafting.RecipeManager/]: Parsing error loading recipe iter_rpg:bonb_recipe: com.google.gson.JsonSyntaxException: Unknown item 'iter_rpg:deleted_mod_element'
[20Dec2025 16:16:31.234] [main/INFO] [net.minecraft.world.item.crafting.RecipeManager/]: Skipping loading recipe wildberries:cranberry_pie_from_slices as it's serializer returned null
[20Dec2025 16:16:31.234] [main/INFO] [net.minecraft.world.item.crafting.RecipeManager/]: Skipping loading recipe atmospheric:grimwood_chest as it's serializer returned null
[20Dec2025 16:16:31.236] [main/INFO] [net.minecraft.world.item.crafting.RecipeManager/]: Skipping loading recipe twilightforest:jeed/hunger as it's serializer returned null
[20Dec2025 16:16:31.237] [main/INFO] [net.minecraft.world.item.crafting.RecipeManager/]: Skipping loading recipe atmospheric:large_laurel_boat as it's serializer returned null
[20Dec2025 16:16:31.237] [main/INFO] [net.minecraft.world.item.crafting.RecipeManager/]: Skipping loading recipe atmospheric:aspen_bookshelf as it's serializer returned null
[20Dec2025 16:16:31.238] [main/INFO] [net.minecraft.world.item.crafting.RecipeManager/]: Skipping loading recipe duckling:pumpkin_pie as it's serializer returned null
[20Dec2025 16:16:31.239] [main/ERROR] [net.minecraft.world.item.crafting.RecipeManager/]: Parsing error loading recipe alexsdelight:barbecue_on_a_stick: com.google.gson.JsonSyntaxException: Unknown item 'amfd:singular_cooked_moose_rib'
[20Dec2025 16:16:31.239] [main/INFO] [net.minecraft.world.item.crafting.RecipeManager/]: Skipping loading recipe wildberries:cutting/blackberry_pie as it's serializer returned null
[20Dec2025 16:16:31.239] [main/INFO] [net.minecraft.world.item.crafting.RecipeManager/]: Skipping loading recipe atmospheric:blood_orange_crate as it's serializer returned null
[20Dec2025 16:16:31.240] [main/INFO] [net.minecraft.world.item.crafting.RecipeManager/]: Skipping loading recipe duckling:cake as it's serializer returned null
[20Dec2025 16:16:31.241] [main/INFO] [net.minecraft.world.item.crafting.RecipeManager/]: Skipping loading recipe botany_pots:ars_elemental/flashing_archwood as it's serializer returned null
[20Dec2025 16:16:31.250] [main/INFO] [net.minecraft.world.item.crafting.RecipeManager/]: Skipping loading recipe atmospheric:dry_laurel_leaves_from_dry_laurel_leaf_pile as it's serializer returned null
[20Dec2025 16:16:31.250] [main/INFO] [net.minecraft.world.item.crafting.RecipeManager/]: Skipping loading recipe delightful:knives/blasting/constantan_immersiveengineering as it's serializer returned null
[20Dec2025 16:16:31.257] [main/INFO] [net.minecraft.world.item.crafting.RecipeManager/]: Skipping loading recipe delightful:integration/rottenleather/chunkwich as it's serializer returned null
[20Dec2025 16:16:31.257] [main/INFO] [net.minecraft.world.item.crafting.RecipeManager/]: Skipping loading recipe delightful:knives/smelting/steel_immersiveengineering as it's serializer returned null
[20Dec2025 16:16:31.259] [main/INFO] [net.minecraft.world.item.crafting.RecipeManager/]: Skipping loading recipe delightful:knives/thyrium_knife as it's serializer returned null
[20Dec2025 16:16:31.260] [main/INFO] [net.minecraft.world.item.crafting.RecipeManager/]: Skipping loading recipe wildberries:glow_berry_pie_from_slices as it's serializer returned null
[20Dec2025 16:16:31.261] [main/INFO] [net.minecraft.world.item.crafting.RecipeManager/]: Skipping loading recipe delightful:knives/blasting/constantan_thermal as it's serializer returned null
[20Dec2025 16:16:31.261] [main/INFO] [net.minecraft.world.item.crafting.RecipeManager/]: Skipping loading recipe atmospheric:laurel_beehive as it's serializer returned null
[20Dec2025 16:16:31.262] [main/INFO] [net.minecraft.world.item.crafting.RecipeManager/]: Skipping loading recipe delightful:integration/rottenleather/chunkwich_from_bun as it's serializer returned null
[20Dec2025 16:16:31.262] [main/INFO] [net.minecraft.world.item.crafting.RecipeManager/]: Skipping loading recipe delightful:integration/biomemakeover/cactus_flesh_from_barrel_cactus as it's serializer returned null
[20Dec2025 16:16:31.273] [main/INFO] [net.minecraft.world.item.crafting.RecipeManager/]: Skipping loading recipe delightful:knives/electrum_knife as it's serializer returned null
[20Dec2025 16:16:31.274] [main/INFO] [net.minecraft.world.item.crafting.RecipeManager/]: Skipping loading recipe delightful:knives/smelting/silver_immersiveengineering as it's serializer returned null
[20Dec2025 16:16:31.279] [main/INFO] [net.minecraft.world.item.crafting.RecipeManager/]: Skipping loading recipe delightful:knives/smelting/invar_thermal as it's serializer returned null
[20Dec2025 16:16:31.279] [main/INFO] [net.minecraft.world.item.crafting.RecipeManager/]: Skipping loading recipe wildberries:raspberry_pie_from_slices as it's serializer returned null
[20Dec2025 16:16:31.287] [main/INFO] [net.minecraft.world.item.crafting.RecipeManager/]: Skipping loading recipe atmospheric:yucca_beehive as it's serializer returned null
[20Dec2025 16:16:31.287] [main/INFO] [net.minecraft.world.item.crafting.RecipeManager/]: Skipping loading recipe atmospheric:aspen_chest as it's serializer returned null
[20Dec2025 16:16:31.292] [main/INFO] [net.minecraft.world.item.crafting.RecipeManager/]: Skipping loading recipe create:rose_quartz_block_from_rose_quartz_stonecutting as it's serializer returned null
[20Dec2025 16:16:31.292] [main/INFO] [net.minecraft.world.item.crafting.RecipeManager/]: Skipping loading recipe delightful:knives/blasting/lead_immersiveengineering as it's serializer returned null
[20Dec2025 16:16:31.293] [main/INFO] [net.minecraft.world.item.crafting.RecipeManager/]: Skipping loading recipe delightful:knives/blasting/bone/bone_meal_from_blasting_shovel as it's serializer returned null
[20Dec2025 16:16:31.294] [main/INFO] [net.minecraft.world.item.crafting.RecipeManager/]: Skipping loading recipe atmospheric:carmine_shingle_vertical_slab_revert as it's serializer returned null
[20Dec2025 16:16:31.294] [main/INFO] [net.minecraft.world.item.crafting.RecipeManager/]: Skipping loading recipe ars_elemental:jeed/life_link as it's serializer returned null
[20Dec2025 16:16:31.295] [main/INFO] [net.minecraft.world.item.crafting.RecipeManager/]: Skipping loading recipe duckling:holiday_fruit_cake as it's serializer returned null
[20Dec2025 16:16:31.296] [main/INFO] [net.minecraft.world.item.crafting.RecipeManager/]: Skipping loading recipe delightful:food/marshmallow_stick_create_confectionery as it's serializer returned null
[20Dec2025 16:16:31.307] [main/INFO] [net.minecraft.world.item.crafting.RecipeManager/]: Skipping loading recipe atmospheric:polished_dolerite_vertical_slab_from_polished_dolerite_stonecutting as it's serializer returned null
[20Dec2025 16:16:31.312] [main/INFO] [net.minecraft.world.item.crafting.RecipeManager/]: Skipping loading recipe atmospheric:yucca_furnace_boat as it's serializer returned null
[20Dec2025 16:16:31.313] [main/INFO] [net.minecraft.world.item.crafting.RecipeManager/]: Skipping loading recipe delightful:food/cooking/sinigang as it's serializer returned null
[20Dec2025 16:16:31.313] [main/INFO] [net.minecraft.world.item.crafting.RecipeManager/]: Skipping loading recipe atmospheric:rosewood_beehive as it's serializer returned null
[20Dec2025 16:16:31.313] [main/INFO] [net.minecraft.world.item.crafting.RecipeManager/]: Skipping loading recipe create:fr/tea as it's serializer returned null
[20Dec2025 16:16:31.314] [main/INFO] [net.minecraft.world.item.crafting.RecipeManager/]: Skipping loading recipe atmospheric:large_kousa_boat as it's serializer returned null
[20Dec2025 16:16:31.315] [main/INFO] [net.minecraft.world.item.crafting.RecipeManager/]: Skipping loading recipe atmospheric:large_rosewood_boat as it's serializer returned null
[20Dec2025 16:16:31.316] [main/INFO] [net.minecraft.world.item.crafting.RecipeManager/]: Skipping loading recipe atmospheric:laurel_trapped_chest as it's serializer returned null
[20Dec2025 16:16:31.316] [main/INFO] [net.minecraft.world.item.crafting.RecipeManager/]: Skipping loading recipe atmospheric:rosewood_bookshelf as it's serializer returned null
[20Dec2025 16:16:31.316] [main/INFO] [net.minecraft.world.item.crafting.RecipeManager/]: Skipping loading recipe delightful:knives/smelting/tin_thermal as it's serializer returned null
[20Dec2025 16:16:31.317] [main/INFO] [net.minecraft.world.item.crafting.RecipeManager/]: Skipping loading recipe delightful:integration/byg/nightshade_berry_sack as it's serializer returned null
[20Dec2025 16:16:31.317] [main/INFO] [net.minecraft.world.item.crafting.RecipeManager/]: Skipping loading recipe delightful:knives/blasting/bone/bone_meal_from_blasting_leggings as it's serializer returned null
[20Dec2025 16:16:31.317] [main/INFO] [net.minecraft.world.item.crafting.RecipeManager/]: Skipping loading recipe ars_elemental:jeed/entrhalled as it's serializer returned null
[20Dec2025 16:16:31.317] [main/INFO] [net.minecraft.world.item.crafting.RecipeManager/]: Skipping loading recipe delightful:integration/naturalist/cooked_venison_naturalist as it's serializer returned null
[20Dec2025 16:16:31.323] [main/INFO] [net.minecraft.world.item.crafting.RecipeManager/]: Skipping loading recipe delightful:matcha_ice_cream_block as it's serializer returned null
[20Dec2025 16:16:31.323] [main/INFO] [net.minecraft.world.item.crafting.RecipeManager/]: Skipping loading recipe delightful:knives/blasting/bone/bone_meal_from_blasting_chestplate as it's serializer returned null
[20Dec2025 16:16:31.325] [main/INFO] [net.minecraft.world.item.crafting.RecipeManager/]: Skipping loading recipe atmospheric:kousa_beehive as it's serializer returned null
[20Dec2025 16:16:31.326] [main/INFO] [net.minecraft.world.item.crafting.RecipeManager/]: Skipping loading recipe delightful:knives/smithing/obsidian_infused_enderite_knife as it's serializer returned null
[20Dec2025 16:16:31.326] [main/INFO] [net.minecraft.world.item.crafting.RecipeManager/]: Skipping loading recipe delightful:knives/smithing/enderite_knife as it's serializer returned null
[20Dec2025 16:16:31.327] [main/INFO] [net.minecraft.world.item.crafting.RecipeManager/]: Skipping loading recipe delightful:knives/utherium_knife as it's serializer returned null
[20Dec2025 16:16:31.327] [main/INFO] [net.minecraft.world.item.crafting.RecipeManager/]: Skipping loading recipe frozenup:mug_of_milk as it's serializer returned null
[20Dec2025 16:16:31.327] [main/INFO] [net.minecraft.world.item.crafting.RecipeManager/]: Skipping loading recipe delightful:knives/smithing/adamantite_knife as it's serializer returned null
[20Dec2025 16:16:31.328] [main/INFO] [net.minecraft.world.item.crafting.RecipeManager/]: Skipping loading recipe minecraft:pumpkin_pie as it's serializer returned null
[20Dec2025 16:16:31.329] [main/INFO] [net.minecraft.world.item.crafting.RecipeManager/]: Skipping loading recipe delightful:food/nightshade_berry_pie_from_slices as it's serializer returned null
[20Dec2025 16:16:31.329] [main/INFO] [net.minecraft.world.item.crafting.RecipeManager/]: Skipping loading recipe atmospheric:blood_orange_from_blood_orange_crate as it's serializer returned null
[20Dec2025 16:16:31.329] [main/INFO] [net.minecraft.world.item.crafting.RecipeManager/]: Skipping loading recipe delightful:knives/kiwano_knife as it's serializer returned null
[20Dec2025 16:16:31.329] [main/INFO] [net.minecraft.world.item.crafting.RecipeManager/]: Skipping loading recipe atmospheric:grimwood_boards as it's serializer returned null
[20Dec2025 16:16:31.333] [main/INFO] [net.minecraft.world.item.crafting.RecipeManager/]: Skipping loading recipe delightful:knives/leaf_knife as it's serializer returned null
[20Dec2025 16:16:31.333] [main/INFO] [net.minecraft.world.item.crafting.RecipeManager/]: Skipping loading recipe delightful:knives/smelting/bone/bone_meal_from_smelting_leggings as it's serializer returned null
[20Dec2025 16:16:31.334] [main/INFO] [net.minecraft.world.item.crafting.RecipeManager/]: Skipping loading recipe delightful:food/matcha_latte as it's serializer returned null
[20Dec2025 16:16:31.337] [main/INFO] [net.minecraft.world.item.crafting.RecipeManager/]: Skipping loading recipe atmospheric:rosewood_ladder as it's serializer returned null
[20Dec2025 16:16:31.337] [main/INFO] [net.minecraft.world.item.crafting.RecipeManager/]: Skipping loading recipe delightful:knives/blasting/silver_immersiveengineering as it's serializer returned null
[20Dec2025 16:16:31.341] [main/INFO] [net.minecraft.world.item.crafting.RecipeManager/]: Skipping loading recipe delightful:knives/constantan_knife as it's serializer returned null
[20Dec2025 16:16:31.342] [main/INFO] [net.minecraft.world.item.crafting.RecipeManager/]: Skipping loading recipe delightful:knives/smelting/bone/bone_meal_from_smelting_shovel as it's serializer returned null
[20Dec2025 16:16:31.342] [main/INFO] [net.minecraft.world.item.crafting.RecipeManager/]: Skipping loading recipe atmospheric:golden_dragon_fruit_from_golden_dragon_fruit_crate as it's serializer returned null
[20Dec2025 16:16:31.343] [main/INFO] [net.minecraft.world.item.crafting.RecipeManager/]: Skipping loading recipe frozenup:mug_of_truffle_hot_chocolate as it's serializer returned null
[20Dec2025 16:16:31.343] [main/INFO] [net.minecraft.world.item.crafting.RecipeManager/]: Skipping loading recipe atmospheric:morado_boards as it's serializer returned null
[20Dec2025 16:16:31.344] [main/INFO] [net.minecraft.world.item.crafting.RecipeManager/]: Skipping loading recipe wildberries:cutting/raspberry_pie as it's serializer returned null
[20Dec2025 16:16:31.345] [main/INFO] [net.minecraft.world.item.crafting.RecipeManager/]: Skipping loading recipe delightful:integration/byg/unpack_baobab_fruit_crate as it's serializer returned null
[20Dec2025 16:16:31.352] [main/INFO] [net.minecraft.world.item.crafting.RecipeManager/]: Skipping loading recipe delightful:knives/smelting/osmium_mekanism as it's serializer returned null
[20Dec2025 16:16:31.357] [main/INFO] [net.minecraft.world.item.crafting.RecipeManager/]: Skipping loading recipe delightful:knives/invar_knife as it's serializer returned null
[20Dec2025 16:16:31.361] [main/INFO] [net.minecraft.world.item.crafting.RecipeManager/]: Skipping loading recipe create:mixing/tea as it's serializer returned null
[20Dec2025 16:16:31.362] [main/INFO] [net.minecraft.world.item.crafting.RecipeManager/]: Skipping loading recipe atmospheric:grimwood_trapped_chest as it's serializer returned null
[20Dec2025 16:16:31.366] [main/INFO] [net.minecraft.world.item.crafting.RecipeManager/]: Skipping loading recipe atmospheric:laurel_bookshelf as it's serializer returned null
[20Dec2025 16:16:31.367] [main/ERROR] [net.minecraft.world.item.crafting.RecipeManager/]: Parsing error loading recipe dreadsteel:dreadsteel_shield: com.google.gson.JsonSyntaxException: Unknown item 'iceandfire:witherbone'
[20Dec2025 16:16:31.367] [main/INFO] [net.minecraft.world.item.crafting.RecipeManager/]: Skipping loading recipe atmospheric:aspen_furnace_boat as it's serializer returned null
[20Dec2025 16:16:31.368] [main/INFO] [net.minecraft.world.item.crafting.RecipeManager/]: Skipping loading recipe delightful:integration/byg/unpack_joshua_fruit_crate as it's serializer returned null
[20Dec2025 16:16:31.368] [main/INFO] [net.minecraft.world.item.crafting.RecipeManager/]: Skipping loading recipe atmospheric:grimwood_beehive as it's serializer returned null
[20Dec2025 16:16:31.369] [main/INFO] [net.minecraft.world.item.crafting.RecipeManager/]: Skipping loading recipe delightful:knives/brass_knife as it's serializer returned null
[20Dec2025 16:16:31.369] [main/INFO] [net.minecraft.world.item.crafting.RecipeManager/]: Skipping loading recipe atmospheric:aspen_leaves_from_aspen_leaf_pile as it's serializer returned null
[20Dec2025 16:16:31.370] [main/INFO] [net.minecraft.world.item.crafting.RecipeManager/]: Skipping loading recipe create:sandpaper_polishing/rose_quartz as it's serializer returned null
[20Dec2025 16:16:31.370] [main/INFO] [net.minecraft.world.item.crafting.RecipeManager/]: Skipping loading recipe delightful:knives/copper_knife as it's serializer returned null
[20Dec2025 16:16:31.371] [main/INFO] [net.minecraft.world.item.crafting.RecipeManager/]: Skipping loading recipe twilightforest:jeed/blindness as it's serializer returned null
[20Dec2025 16:16:31.371] [main/INFO] [net.minecraft.world.item.crafting.RecipeManager/]: Skipping loading recipe delightful:knives/blasting/emerald_emeraldequipment as it's serializer returned null
[20Dec2025 16:16:31.371] [main/INFO] [net.minecraft.world.item.crafting.RecipeManager/]: Skipping loading recipe delightful:knives/bronze_knife as it's serializer returned null
[20Dec2025 16:16:31.372] [main/INFO] [net.minecraft.world.item.crafting.RecipeManager/]: Skipping loading recipe byg:cutting/nightshade_berry_pie as it's serializer returned null
[20Dec2025 16:16:31.373] [main/INFO] [net.minecraft.world.item.crafting.RecipeManager/]: Skipping loading recipe atmospheric:aspen_ladder as it's serializer returned null
[20Dec2025 16:16:31.378] [main/INFO] [net.minecraft.world.item.crafting.RecipeManager/]: Skipping loading recipe atmospheric:morado_beehive as it's serializer returned null
[20Dec2025 16:16:31.379] [main/INFO] [net.minecraft.world.item.crafting.RecipeManager/]: Skipping loading recipe delightful:food/kettle/matcha_latte_neapolitan as it's serializer returned null
[20Dec2025 16:16:31.379] [main/INFO] [net.minecraft.world.item.crafting.RecipeManager/]: Skipping loading recipe atmospheric:kousa_ladder as it's serializer returned null
[20Dec2025 16:16:31.383] [main/INFO] [net.minecraft.world.item.crafting.RecipeManager/]: Skipping loading recipe wildberries:blackberry_pie as it's serializer returned null
[20Dec2025 16:16:31.383] [main/INFO] [net.minecraft.world.item.crafting.RecipeManager/]: Skipping loading recipe atmospheric:yucca_chest as it's serializer returned null
[20Dec2025 16:16:31.384] [main/INFO] [net.minecraft.world.item.crafting.RecipeManager/]: Skipping loading recipe delightful:knives/black_opal_knife as it's serializer returned null
[20Dec2025 16:16:31.394] [main/INFO] [net.minecraft.world.item.crafting.RecipeManager/]: Skipping loading recipe atmospheric:kousa_leaves_from_kousa_leaf_pile as it's serializer returned null
[20Dec2025 16:16:31.395] [main/INFO] [net.minecraft.world.item.crafting.RecipeManager/]: Skipping loading recipe frozenup:mug_of_chocolate_milk_from_chocolate as it's serializer returned null
[20Dec2025 16:16:31.396] [main/INFO] [net.minecraft.world.item.crafting.RecipeManager/]: Skipping loading recipe delightful:knives/smelting/nickel_immersiveengineering as it's serializer returned null
[20Dec2025 16:16:31.398] [main/INFO] [net.minecraft.world.item.crafting.RecipeManager/]: Skipping loading recipe delightful:knives/blasting/bone/bone_meal_from_blasting_hoe as it's serializer returned null
[20Dec2025 16:16:31.399] [main/INFO] [net.minecraft.world.item.crafting.RecipeManager/]: Skipping loading recipe delightful:knives/amethyst_knife as it's serializer returned null
[20Dec2025 16:16:31.401] [main/INFO] [net.minecraft.world.item.crafting.RecipeManager/]: Skipping loading recipe delightful:integration/goodall/venison_goodall as it's serializer returned null
[20Dec2025 16:16:31.401] [main/INFO] [net.minecraft.world.item.crafting.RecipeManager/]: Skipping loading recipe byg:cutting/blueberry_pie as it's serializer returned null
[20Dec2025 16:16:31.402] [main/INFO] [net.minecraft.world.item.crafting.RecipeManager/]: Skipping loading recipe delightful:knives/smelting/tin_mekanism as it's serializer returned null
[20Dec2025 16:16:31.403] [main/INFO] [net.minecraft.world.item.crafting.RecipeManager/]: Skipping loading recipe create:mixing/tea_from_tea_leaves as it's serializer returned null
[20Dec2025 16:16:31.403] [main/INFO] [net.minecraft.world.item.crafting.RecipeManager/]: Skipping loading recipe delightful:knives/blasting/bone/knife_minecraft as it's serializer returned null
[20Dec2025 16:16:31.403] [main/INFO] [net.minecraft.world.item.crafting.RecipeManager/]: Skipping loading recipe wildberries:cranberry_pie as it's serializer returned null
[20Dec2025 16:16:31.404] [main/INFO] [net.minecraft.world.item.crafting.RecipeManager/]: Skipping loading recipe delightful:knives/smelting/electrum_immersiveengineering as it's serializer returned null
[20Dec2025 16:16:31.404] [main/INFO] [net.minecraft.world.item.crafting.RecipeManager/]: Skipping loading recipe atmospheric:kousa_chest as it's serializer returned null
[20Dec2025 16:16:31.404] [main/INFO] [net.minecraft.world.item.crafting.RecipeManager/]: Skipping loading recipe delightful:knives/smithing/alf_knife as it's serializer returned null
[20Dec2025 16:16:31.405] [main/INFO] [net.minecraft.world.item.crafting.RecipeManager/]: Skipping loading recipe delightful:knives/smelting/bone/bone_meal_from_smelting_pickaxe as it's serializer returned null
[20Dec2025 16:16:31.405] [main/INFO] [net.minecraft.world.item.crafting.RecipeManager/]: Skipping loading recipe atmospheric:aspen_trapped_chest as it's serializer returned null
[20Dec2025 16:16:31.405] [main/INFO] [net.minecraft.world.item.crafting.RecipeManager/]: Skipping loading recipe atmospheric:laurel_boards as it's serializer returned null
[20Dec2025 16:16:31.406] [main/INFO] [net.minecraft.world.item.crafting.RecipeManager/]: Skipping loading recipe atmospheric:grimwood_bookshelf as it's serializer returned null
[20Dec2025 16:16:31.406] [main/INFO] [net.minecraft.world.item.crafting.RecipeManager/]: Skipping loading recipe delightful:integration/byg/unpack_blueberry_sack as it's serializer returned null
[20Dec2025 16:16:31.407] [main/INFO] [net.minecraft.world.item.crafting.RecipeManager/]: Skipping loading recipe atmospheric:currant_from_currant_crate as it's serializer returned null
[20Dec2025 16:16:31.407] [main/INFO] [net.minecraft.world.item.crafting.RecipeManager/]: Skipping loading recipe delightful:food/gloomgourd_pie_from_slices as it's serializer returned null
[20Dec2025 16:16:31.407] [main/INFO] [net.minecraft.world.item.crafting.RecipeManager/]: Skipping loading recipe twilightforest:jeed/poison as it's serializer returned null
[20Dec2025 16:16:31.407] [main/ERROR] [net.minecraft.world.item.crafting.RecipeManager/]: Parsing error loading recipe dreadsteel:dreadsteel_ingot: com.google.gson.JsonSyntaxException: Unknown item 'iceandfire:dread_shard'
[20Dec2025 16:16:31.408] [main/INFO] [net.minecraft.world.item.crafting.RecipeManager/]: Skipping loading recipe delightful:knives/froststeel_knife as it's serializer returned null
[20Dec2025 16:16:31.408] [main/INFO] [net.minecraft.world.item.crafting.RecipeManager/]: Skipping loading recipe atmospheric:rosewood_leaves_from_rosewood_leaf_pile as it's serializer returned null
[20Dec2025 16:16:31.409] [main/INFO] [net.minecraft.world.item.crafting.RecipeManager/]: Skipping loading recipe byg:cutting/green_apple_pie as it's serializer returned null
[20Dec2025 16:16:31.409] [main/INFO] [net.minecraft.world.item.crafting.RecipeManager/]: Skipping loading recipe atmospheric:carmine_pavement_vertical_slab as it's serializer returned null
[20Dec2025 16:16:31.409] [main/INFO] [net.minecraft.world.item.crafting.RecipeManager/]: Skipping loading recipe delightful:integration/biomesoplenty/clover as it's serializer returned null
[20Dec2025 16:16:31.410] [main/ERROR] [net.minecraft.world.item.crafting.RecipeManager/]: Parsing error loading recipe unusualend:chorus_petals_via_cutting: com.google.gson.JsonSyntaxException: Expected tool to be a JsonObject, was an array ([{"t..."}])
[20Dec2025 16:16:31.410] [main/INFO] [net.minecraft.world.item.crafting.RecipeManager/]: Skipping loading recipe atmospheric:carmine_pavement_vertical_slab_from_carmine_shingles_stonecutting as it's serializer returned null
[20Dec2025 16:16:31.411] [main/INFO] [net.minecraft.world.item.crafting.RecipeManager/]: Skipping loading recipe delightful:knives/large_amethyst_knife as it's serializer returned null
[20Dec2025 16:16:31.412] [main/INFO] [net.minecraft.world.item.crafting.RecipeManager/]: Skipping loading recipe wildberries:raspberry_pie as it's serializer returned null
[20Dec2025 16:16:31.413] [main/INFO] [net.minecraft.world.item.crafting.RecipeManager/]: Skipping loading recipe delightful:integration/quark/cactus_flesh_from_cactus_block as it's serializer returned null
[20Dec2025 16:16:31.413] [main/INFO] [net.minecraft.world.item.crafting.RecipeManager/]: Skipping loading recipe delightful:integration/farmersrespite/green_tea_leaves_from_green_tea_leaf as it's serializer returned null
[20Dec2025 16:16:31.413] [main/INFO] [net.minecraft.world.item.crafting.RecipeManager/]: Skipping loading recipe delightful:knives/smelting/constantan_immersiveengineering as it's serializer returned null
[20Dec2025 16:16:31.413] [main/INFO] [net.minecraft.world.item.crafting.RecipeManager/]: Skipping loading recipe delightful:cutting/crimson_berry_pie as it's serializer returned null
[20Dec2025 16:16:31.414] [main/INFO] [net.minecraft.world.item.crafting.RecipeManager/]: Skipping loading recipe atmospheric:yucca_leaves_from_yucca_leaf_pile as it's serializer returned null
[20Dec2025 16:16:31.415] [main/INFO] [net.minecraft.world.item.crafting.RecipeManager/]: Skipping loading recipe delightful:knives/experience_knife as it's serializer returned null
[20Dec2025 16:16:31.415] [main/INFO] [net.minecraft.world.item.crafting.RecipeManager/]: Skipping loading recipe atmospheric:flowering_morado_leaf_pile as it's serializer returned null
[20Dec2025 16:16:31.420] [main/INFO] [net.minecraft.world.item.crafting.RecipeManager/]: Skipping loading recipe byg:green_apple_pie as it's serializer returned null
[20Dec2025 16:16:31.420] [main/INFO] [net.minecraft.world.item.crafting.RecipeManager/]: Skipping loading recipe atmospheric:orange_from_orange_crate as it's serializer returned null
[20Dec2025 16:16:31.422] [main/INFO] [net.minecraft.world.item.crafting.RecipeManager/]: Skipping loading recipe delightful:cutting/green_apple_pie as it's serializer returned null
[20Dec2025 16:16:31.423] [main/INFO] [net.minecraft.world.item.crafting.RecipeManager/]: Skipping loading recipe atmospheric:kousa_bookshelf as it's serializer returned null
[20Dec2025 16:16:31.423] [main/INFO] [net.minecraft.world.item.crafting.RecipeManager/]: Skipping loading recipe atmospheric:laurel_leaf_pile as it's serializer returned null
[20Dec2025 16:16:31.429] [main/INFO] [net.minecraft.world.item.crafting.RecipeManager/]: Skipping loading recipe frozenup:mug_of_chocolate_milk as it's serializer returned null
[20Dec2025 16:16:31.434] [main/INFO] [net.minecraft.world.item.crafting.RecipeManager/]: Skipping loading recipe atmospheric:laurel_furnace_boat as it's serializer returned null
[20Dec2025 16:16:31.434] [main/INFO] [net.minecraft.world.item.crafting.RecipeManager/]: Skipping loading recipe delightful:integration/byg/crimson_berry_sack as it's serializer returned null
[20Dec2025 16:16:31.435] [main/INFO] [net.minecraft.world.item.crafting.RecipeManager/]: Skipping loading recipe delightful:campfire/cooked_goat as it's serializer returned null
[20Dec2025 16:16:31.435] [main/INFO] [net.minecraft.world.item.crafting.RecipeManager/]: Skipping loading recipe delightful:knives/terra_knife as it's serializer returned null
[20Dec2025 16:16:31.435] [main/INFO] [net.minecraft.world.item.crafting.RecipeManager/]: Skipping loading recipe atmospheric:rosewood_chest as it's serializer returned null
[20Dec2025 16:16:31.436] [main/INFO] [net.minecraft.world.item.crafting.RecipeManager/]: Skipping loading recipe byg:cutting/crimson_berry_pie as it's serializer returned null
[20Dec2025 16:16:31.441] [main/INFO] [net.minecraft.world.item.crafting.RecipeManager/]: Skipping loading recipe atmospheric:dolerite_vertical_slab as it's serializer returned null
[20Dec2025 16:16:31.442] [main/INFO] [net.minecraft.world.item.crafting.RecipeManager/]: Skipping loading recipe delightful:cutting/blueberry_pie as it's serializer returned null
[20Dec2025 16:16:31.443] [main/INFO] [net.minecraft.world.item.crafting.RecipeManager/]: Skipping loading recipe wildberries:blackberry_pie_from_slices as it's serializer returned null
[20Dec2025 16:16:31.443] [main/INFO] [net.minecraft.world.item.crafting.RecipeManager/]: Skipping loading recipe delightful:food/clover_honey as it's serializer returned null
[20Dec2025 16:16:31.443] [main/INFO] [net.minecraft.world.item.crafting.RecipeManager/]: Skipping loading recipe atmospheric:flowering_morado_leaves_from_flowering_morado_leaf_pile as it's serializer returned null
[20Dec2025 16:16:31.443] [main/INFO] [net.minecraft.world.item.crafting.RecipeManager/]: Skipping loading recipe delightful:knives/blasting/osmium_mekanism as it's serializer returned null
[20Dec2025 16:16:31.447] [main/INFO] [net.minecraft.world.item.crafting.RecipeManager/]: Skipping loading recipe delightful:knives/smelting/bone/bone_meal_from_smelting_boots as it's serializer returned null
[20Dec2025 16:16:31.447] [main/INFO] [net.minecraft.world.item.crafting.RecipeManager/]: Skipping loading recipe delightful:knives/soul_steel_knife as it's serializer returned null
[20Dec2025 16:16:31.448] [main/INFO] [net.minecraft.world.item.crafting.RecipeManager/]: Skipping loading recipe delightful:knives/mixing/blazing_knife as it's serializer returned null
[20Dec2025 16:16:31.449] [main/INFO] [net.minecraft.world.item.crafting.RecipeManager/]: Skipping loading recipe delightful:knives/emerald_knife as it's serializer returned null
[20Dec2025 16:16:31.450] [main/INFO] [net.minecraft.world.item.crafting.RecipeManager/]: Skipping loading recipe delightful:knives/blasting/bronze_thermal as it's serializer returned null
[20Dec2025 16:16:31.456] [main/INFO] [net.minecraft.world.item.crafting.RecipeManager/]: Skipping loading recipe delightful:knives/blasting/copper_copperized as it's serializer returned null
[20Dec2025 16:16:31.459] [main/INFO] [net.minecraft.world.item.crafting.RecipeManager/]: Skipping loading recipe delightful:integration/immersive_weathering/tallow_from_animal_fat as it's serializer returned null
[20Dec2025 16:16:31.459] [main/INFO] [net.minecraft.world.item.crafting.RecipeManager/]: Skipping loading recipe atmospheric:kousa_furnace_boat as it's serializer returned null
[20Dec2025 16:16:31.462] [main/INFO] [net.minecraft.world.item.crafting.RecipeManager/]: Skipping loading recipe delightful:knives/refined_glowstone_knife as it's serializer returned null
[20Dec2025 16:16:31.465] [main/INFO] [net.minecraft.world.item.crafting.RecipeManager/]: Skipping loading recipe delightful:food/berry_matcha_latte as it's serializer returned null
[20Dec2025 16:16:31.465] [main/INFO] [net.minecraft.world.item.crafting.RecipeManager/]: Skipping loading recipe atmospheric:laurel_chest as it's serializer returned null
[20Dec2025 16:16:31.465] [main/ERROR] [net.minecraft.world.item.crafting.RecipeManager/]: Parsing error loading recipe forbidden_arcanus:corrupted_pixie: com.google.gson.JsonSyntaxException: Unknown item 'forbidden_arcanus:dark_soul'
[20Dec2025 16:16:31.466] [main/INFO] [net.minecraft.world.item.crafting.RecipeManager/]: Skipping loading recipe delightful:knives/smithing/pendorite_knife as it's serializer returned null
[20Dec2025 16:16:31.466] [main/INFO] [net.minecraft.world.item.crafting.RecipeManager/]: Skipping loading recipe delightful:salmonberry_ice_cream_block as it's serializer returned null
[20Dec2025 16:16:31.466] [main/INFO] [net.minecraft.world.item.crafting.RecipeManager/]: Skipping loading recipe delightful:knives/blasting/bone/bone_meal_from_blasting_pickaxe as it's serializer returned null
[20Dec2025 16:16:31.467] [main/INFO] [net.minecraft.world.item.crafting.RecipeManager/]: Skipping loading recipe delightful:knives/smelting/electrum_thermal as it's serializer returned null
[20Dec2025 16:16:31.467] [main/INFO] [net.minecraft.world.item.crafting.RecipeManager/]: Skipping loading recipe atmospheric:currant_leaves_from_currant_leaf_pile as it's serializer returned null
[20Dec2025 16:16:31.468] [main/INFO] [net.minecraft.world.item.crafting.RecipeManager/]: Skipping loading recipe delightful:knives/blasting/nickel_immersiveengineering as it's serializer returned null
[20Dec2025 16:16:31.468] [main/INFO] [net.minecraft.world.item.crafting.RecipeManager/]: Skipping loading recipe ars_elemental:jeed/watery_grave as it's serializer returned null
[20Dec2025 16:16:31.469] [main/INFO] [net.minecraft.world.item.crafting.RecipeManager/]: Skipping loading recipe delightful:integration/windswept/cooked_goat_shanks_windswept as it's serializer returned null
[20Dec2025 16:16:31.469] [main/INFO] [net.minecraft.world.item.crafting.RecipeManager/]: Skipping loading recipe delightful:knives/blasting/silver_thermal as it's serializer returned null
[20Dec2025 16:16:31.470] [main/INFO] [net.minecraft.world.item.crafting.RecipeManager/]: Skipping loading recipe frozenup:truffle_cake as it's serializer returned null
[20Dec2025 16:16:31.470] [main/INFO] [net.minecraft.world.item.crafting.RecipeManager/]: Skipping loading recipe frozenup:mug_of_truffle_hot_chocolate_from_chocolate as it's serializer returned null
[20Dec2025 16:16:31.471] [main/INFO] [net.minecraft.world.item.crafting.RecipeManager/]: Skipping loading recipe atmospheric:dolerite_vertical_slab_revert as it's serializer returned null
[20Dec2025 16:16:31.471] [main/INFO] [net.minecraft.world.item.crafting.RecipeManager/]: Skipping loading recipe wildberries:cutting/cranberry_pie as it's serializer returned null
[20Dec2025 16:16:31.471] [main/INFO] [net.minecraft.world.item.crafting.RecipeManager/]: Skipping loading recipe delightful:knives/bone_knife as it's serializer returned null
[20Dec2025 16:16:31.472] [main/INFO] [net.minecraft.world.item.crafting.RecipeManager/]: Skipping loading recipe delightful:food/berry_matcha_latte_neapolitan as it's serializer returned null
[20Dec2025 16:16:31.472] [main/INFO] [net.minecraft.world.item.crafting.RecipeManager/]: Skipping loading recipe byg:blueberry_pie as it's serializer returned null
[20Dec2025 16:16:31.472] [main/INFO] [net.minecraft.world.item.crafting.RecipeManager/]: Skipping loading recipe wildberries:cutting/glow_berry_pie_slice as it's serializer returned null
[20Dec2025 16:16:31.472] [main/INFO] [net.minecraft.world.item.crafting.RecipeManager/]: Skipping loading recipe atmospheric:morado_furnace_boat as it's serializer returned null
[20Dec2025 16:16:31.473] [main/INFO] [net.minecraft.world.item.crafting.RecipeManager/]: Skipping loading recipe atmospheric:large_aspen_boat as it's serializer returned null
[20Dec2025 16:16:31.473] [main/INFO] [net.minecraft.world.item.crafting.RecipeManager/]: Skipping loading recipe delightful:knives/blasting/bone/bone_meal_from_blasting_sword as it's serializer returned null
[20Dec2025 16:16:31.473] [main/INFO] [net.minecraft.world.item.crafting.RecipeManager/]: Skipping loading recipe atmospheric:grimwood_furnace_boat as it's serializer returned null
[20Dec2025 16:16:31.477] [main/INFO] [net.minecraft.world.item.crafting.RecipeManager/]: Skipping loading recipe atmospheric:carmine_shingle_vertical_slab_from_carmine_shingles_stonecutting as it's serializer returned null
[20Dec2025 16:16:31.478] [main/INFO] [net.minecraft.world.item.crafting.RecipeManager/]: Skipping loading recipe delightful:knives/smelting/steel_mekanism as it's serializer returned null
[20Dec2025 16:16:31.478] [main/INFO] [net.minecraft.world.item.crafting.RecipeManager/]: Skipping loading recipe delightful:knives/smelting/bone/bone_meal_from_smelting_hoe as it's serializer returned null
[20Dec2025 16:16:31.479] [main/INFO] [net.minecraft.world.item.crafting.RecipeManager/]: Skipping loading recipe delightful:integration/naturalist/venison_naturalist as it's serializer returned null
[20Dec2025 16:16:31.479] [main/INFO] [net.minecraft.world.item.crafting.RecipeManager/]: Skipping loading recipe delightful:knives/smithing/rose_gold_knife as it's serializer returned null
[20Dec2025 16:16:31.479] [main/INFO] [net.minecraft.world.item.crafting.RecipeManager/]: Skipping loading recipe delightful:food/crimson_berry_pie_from_slices as it's serializer returned null
[20Dec2025 16:16:31.485] [main/INFO] [net.minecraft.world.item.crafting.RecipeManager/]: Skipping loading recipe atmospheric:rosewood_furnace_boat as it's serializer returned null
[20Dec2025 16:16:31.485] [main/INFO] [net.minecraft.world.item.crafting.RecipeManager/]: Skipping loading recipe atmospheric:laurel_ladder as it's serializer returned null
[20Dec2025 16:16:31.489] [main/INFO] [net.minecraft.world.item.crafting.RecipeManager/]: Skipping loading recipe delightful:integration/byg/blueberry_sack as it's serializer returned null
[20Dec2025 16:16:31.489] [main/INFO] [net.minecraft.world.item.crafting.RecipeManager/]: Skipping loading recipe atmospheric:yucca_ladder as it's serializer returned null
[20Dec2025 16:16:31.489] [main/INFO] [net.minecraft.world.item.crafting.RecipeManager/]: Skipping loading recipe delightful:smoking/cooked_goat as it's serializer returned null
[20Dec2025 16:16:31.489] [main/INFO] [net.minecraft.world.item.crafting.RecipeManager/]: Skipping loading recipe delightful:food/deluxe_cheeseburger_from_bun as it's serializer returned null
[20Dec2025 16:16:31.490] [main/INFO] [net.minecraft.world.item.crafting.RecipeManager/]: Skipping loading recipe delightful:food/matcha_ice_cream as it's serializer returned null
[20Dec2025 16:16:31.490] [main/INFO] [net.minecraft.world.item.crafting.RecipeManager/]: Skipping loading recipe delightful:food/blueberry_pie_from_slices as it's serializer returned null
[20Dec2025 16:16:31.491] [main/INFO] [net.minecraft.world.item.crafting.RecipeManager/]: Skipping loading recipe atmospheric:golden_dragon_fruit_crate as it's serializer returned null
[20Dec2025 16:16:31.491] [main/INFO] [net.minecraft.world.item.crafting.RecipeManager/]: Skipping loading recipe twilightforest:jeed/resistance as it's serializer returned null
[20Dec2025 16:16:31.493] [main/INFO] [net.minecraft.world.item.crafting.RecipeManager/]: Skipping loading recipe delightful:knives/smelting/copper_thermal as it's serializer returned null
[20Dec2025 16:16:31.494] [main/INFO] [net.minecraft.world.item.crafting.RecipeManager/]: Skipping loading recipe delightful:knives/tin_knife as it's serializer returned null
[20Dec2025 16:16:31.494] [main/INFO] [net.minecraft.world.item.crafting.RecipeManager/]: Skipping loading recipe delightful:knives/smelting/constantan_thermal as it's serializer returned null
[20Dec2025 16:16:31.494] [main/INFO] [net.minecraft.world.item.crafting.RecipeManager/]: Skipping loading recipe delightful:knives/blasting/steel_immersiveengineering as it's serializer returned null
[20Dec2025 16:16:31.495] [main/INFO] [net.minecraft.world.item.crafting.RecipeManager/]: Skipping loading recipe delightful:knives/smelting/bronze_mekanism as it's serializer returned null
[20Dec2025 16:16:31.502] [main/INFO] [net.minecraft.world.item.crafting.RecipeManager/]: Skipping loading recipe delightful:knives/blasting/bone/bone_meal_from_blasting_helmet as it's serializer returned null
[20Dec2025 16:16:31.502] [main/INFO] [net.minecraft.world.item.crafting.RecipeManager/]: Skipping loading recipe atmospheric:aspen_leaf_pile as it's serializer returned null
[20Dec2025 16:16:31.508] [main/INFO] [net.minecraft.world.item.crafting.RecipeManager/]: Skipping loading recipe wildberries:sweet_berry_pie as it's serializer returned null
[20Dec2025 16:16:31.509] [main/INFO] [net.minecraft.world.item.crafting.RecipeManager/]: Skipping loading recipe delightful:knives/blasting/nickel_thermal as it's serializer returned null
[20Dec2025 16:16:31.509] [main/INFO] [net.minecraft.world.item.crafting.RecipeManager/]: Skipping loading recipe atmospheric:kousa_boards as it's serializer returned null
[20Dec2025 16:16:31.509] [main/INFO] [net.minecraft.world.item.crafting.RecipeManager/]: Skipping loading recipe wildberries:glow_berry_pie_craft as it's serializer returned null
[20Dec2025 16:16:31.513] [main/INFO] [net.minecraft.world.item.crafting.RecipeManager/]: Skipping loading recipe atmospheric:yucca_boards as it's serializer returned null
[20Dec2025 16:16:31.513] [main/INFO] [net.minecraft.world.item.crafting.RecipeManager/]: Skipping loading recipe delightful:knives/smelting/copper_immersiveengineering as it's serializer returned null
[20Dec2025 16:16:31.513] [main/INFO] [net.minecraft.world.item.crafting.RecipeManager/]: Skipping loading recipe atmospheric:morado_ladder as it's serializer returned null
[20Dec2025 16:16:31.513] [main/INFO] [net.minecraft.world.item.crafting.RecipeManager/]: Skipping loading recipe delightful:knives/allthemodium_knife as it's serializer returned null
[20Dec2025 16:16:31.516] [main/INFO] [net.minecraft.world.item.crafting.RecipeManager/]: Skipping loading recipe delightful:integration/ecologics/azalea_tea as it's serializer returned null
[20Dec2025 16:16:31.517] [main/INFO] [net.minecraft.world.item.crafting.RecipeManager/]: Skipping loading recipe atmospheric:aspen_beehive as it's serializer returned null
[20Dec2025 16:16:31.517] [main/INFO] [net.minecraft.world.item.crafting.RecipeManager/]: Skipping loading recipe delightful:food/smore as it's serializer returned null
[20Dec2025 16:16:31.518] [main/INFO] [net.minecraft.world.item.crafting.RecipeManager/]: Skipping loading recipe atmospheric:rosewood_boards as it's serializer returned null
[20Dec2025 16:16:31.518] [main/INFO] [net.minecraft.world.item.crafting.RecipeManager/]: Skipping loading recipe wildberries:blueberry_pie_from_slices as it's serializer returned null
[20Dec2025 16:16:31.519] [main/INFO] [net.minecraft.world.item.crafting.RecipeManager/]: Skipping loading recipe delightful:food/green_apple_pie_from_slices as it's serializer returned null
[20Dec2025 16:16:31.521] [main/INFO] [net.minecraft.world.item.crafting.RecipeManager/]: Skipping loading recipe atmospheric:kousa_trapped_chest as it's serializer returned null
[20Dec2025 16:16:31.527] [main/INFO] [net.minecraft.world.item.crafting.RecipeManager/]: Skipping loading recipe atmospheric:polished_dolerite_vertical_slab_revert as it's serializer returned null
[20Dec2025 16:16:31.528] [main/INFO] [net.minecraft.world.item.crafting.RecipeManager/]: Skipping loading recipe delightful:food/nut_butter_and_jelly_sandwich_from_bread_slice as it's serializer returned null
[20Dec2025 16:16:31.529] [main/INFO] [net.minecraft.world.item.crafting.RecipeManager/]: Skipping loading recipe delightful:knives/blasting/lead_thermal as it's serializer returned null
[20Dec2025 16:16:31.530] [main/INFO] [net.minecraft.world.item.crafting.RecipeManager/]: Skipping loading recipe delightful:knives/blasting/electrum_immersiveengineering as it's serializer returned null
[20Dec2025 16:16:31.530] [main/INFO] [net.minecraft.world.item.crafting.RecipeManager/]: Skipping loading recipe delightful:knives/sinisite_knife as it's serializer returned null
[20Dec2025 16:16:31.530] [main/INFO] [net.minecraft.world.item.crafting.RecipeManager/]: Skipping loading recipe atmospheric:morado_trapped_chest as it's serializer returned null
[20Dec2025 16:16:31.530] [main/INFO] [net.minecraft.world.item.crafting.RecipeManager/]: Skipping loading recipe byg:nightshade_berry_pie as it's serializer returned null
[20Dec2025 16:16:31.531] [main/INFO] [net.minecraft.world.item.crafting.RecipeManager/]: Skipping loading recipe atmospheric:morado_leaf_pile as it's serializer returned null
[20Dec2025 16:16:31.531] [main/INFO] [net.minecraft.world.item.crafting.RecipeManager/]: Skipping loading recipe delightful:food/cooking/coconut_curry as it's serializer returned null
[20Dec2025 16:16:31.532] [main/INFO] [net.minecraft.world.item.crafting.RecipeManager/]: Skipping loading recipe delightful:knives/lead_knife as it's serializer returned null
[20Dec2025 16:16:31.532] [main/INFO] [net.minecraft.world.item.crafting.RecipeManager/]: Skipping loading recipe delightful:knives/blasting/bronze_mekanism as it's serializer returned null
[20Dec2025 16:16:31.533] [main/INFO] [net.minecraft.world.item.crafting.RecipeManager/]: Skipping loading recipe delightful:knives/adamantium_knife as it's serializer returned null
[20Dec2025 16:16:31.533] [main/INFO] [net.minecraft.world.item.crafting.RecipeManager/]: Skipping loading recipe delightful:smelting/cooked_goat as it's serializer returned null
[20Dec2025 16:16:31.533] [main/INFO] [net.minecraft.world.item.crafting.RecipeManager/]: Skipping loading recipe ars_elemental:jeed/mana_shield as it's serializer returned null
[20Dec2025 16:16:31.534] [main/INFO] [net.minecraft.world.item.crafting.RecipeManager/]: Skipping loading recipe atmospheric:polished_dolerite_vertical_slab as it's serializer returned null
[20Dec2025 16:16:31.534] [main/INFO] [net.minecraft.world.item.crafting.RecipeManager/]: Skipping loading recipe delightful:integration/wildberries/unpack_blueberry_sack as it's serializer returned null
[20Dec2025 16:16:31.534] [main/INFO] [net.minecraft.world.item.crafting.RecipeManager/]: Skipping loading recipe wildberries:sweet_berry_pie_from_slices as it's serializer returned null
[20Dec2025 16:16:31.539] [main/INFO] [net.minecraft.world.item.crafting.RecipeManager/]: Skipping loading recipe delightful:knives/manasteel_knife as it's serializer returned null
[20Dec2025 16:16:31.540] [main/INFO] [net.minecraft.world.item.crafting.RecipeManager/]: Skipping loading recipe delightful:integration/rottenleather/chunk_nugget as it's serializer returned null
[20Dec2025 16:16:31.540] [main/INFO] [net.minecraft.world.item.crafting.RecipeManager/]: Skipping loading recipe delightful:knives/elementium_knife as it's serializer returned null
[20Dec2025 16:16:31.541] [main/INFO] [net.minecraft.world.item.crafting.RecipeManager/]: Skipping loading recipe delightful:knives/nickel_knife as it's serializer returned null
[20Dec2025 16:16:31.542] [main/INFO] [net.minecraft.world.item.crafting.RecipeManager/]: Skipping loading recipe delightful:knives/blasting/electrum_thermal as it's serializer returned null
[20Dec2025 16:16:31.542] [main/INFO] [net.minecraft.world.item.crafting.RecipeManager/]: Skipping loading recipe delightful:integration/byg/baobab_fruit_crate as it's serializer returned null
[20Dec2025 16:16:31.543] [main/INFO] [net.minecraft.world.item.crafting.RecipeManager/]: Skipping loading recipe delightful:knives/necronium_knife as it's serializer returned null
[20Dec2025 16:16:31.547] [main/INFO] [net.minecraft.world.item.crafting.RecipeManager/]: Skipping loading recipe wildberries:blueberry_pie as it's serializer returned null
[20Dec2025 16:16:31.548] [main/INFO] [net.minecraft.world.item.crafting.RecipeManager/]: Skipping loading recipe atmospheric:morado_chest as it's serializer returned null
[20Dec2025 16:16:31.550] [main/INFO] [net.minecraft.world.item.crafting.RecipeManager/]: Skipping loading recipe atmospheric:dragon_fruit_from_dragon_fruit_crate as it's serializer returned null
[20Dec2025 16:16:31.551] [main/INFO] [net.minecraft.world.item.crafting.RecipeManager/]: Skipping loading recipe delightful:knives/silver_knife as it's serializer returned null
[20Dec2025 16:16:31.551] [main/INFO] [net.minecraft.world.item.crafting.RecipeManager/]: Skipping loading recipe delightful:food/salmonberry_ice_cream as it's serializer returned null
[20Dec2025 16:16:31.551] [main/INFO] [net.minecraft.world.item.crafting.RecipeManager/]: Skipping loading recipe delightful:knives/smelting/silver_thermal as it's serializer returned null
[20Dec2025 16:16:31.552] [main/INFO] [net.minecraft.world.item.crafting.RecipeManager/]: Skipping loading recipe delightful:food/berry_matcha_latte_from_matcha_latte_neapolitan as it's serializer returned null
[20Dec2025 16:16:31.553] [main/INFO] [net.minecraft.world.item.crafting.RecipeManager/]: Skipping loading recipe byg:blueberry_pie_from_slices as it's serializer returned null
[20Dec2025 16:16:31.553] [main/INFO] [net.minecraft.world.item.crafting.RecipeManager/]: Skipping loading recipe delightful:knives/smelting/bone/bone_meal_from_smelting_helmet as it's serializer returned null
[20Dec2025 16:16:31.554] [main/INFO] [net.minecraft.world.item.crafting.RecipeManager/]: Skipping loading recipe atmospheric:dolerite_vertical_slab_from_dolerite_stonecutting as it's serializer returned null
[20Dec2025 16:16:31.554] [main/INFO] [net.minecraft.world.item.crafting.RecipeManager/]: Skipping loading recipe atmospheric:yucca_bookshelf as it's serializer returned null
[20Dec2025 16:16:31.555] [main/INFO] [net.minecraft.world.item.crafting.RecipeManager/]: Skipping loading recipe atmospheric:orange_crate as it's serializer returned null
[20Dec2025 16:16:31.555] [main/INFO] [net.minecraft.world.item.crafting.RecipeManager/]: Skipping loading recipe delightful:knives/cloggrum_knife as it's serializer returned null
[20Dec2025 16:16:31.556] [main/INFO] [net.minecraft.world.item.crafting.RecipeManager/]: Skipping loading recipe biomemakeover:glowshroom_stew as it's serializer returned null
[20Dec2025 16:16:31.557] [main/INFO] [net.minecraft.world.item.crafting.RecipeManager/]: Skipping loading recipe delightful:integration/byg/joshua_fruit_crate as it's serializer returned null
[20Dec2025 16:16:31.557] [main/INFO] [net.minecraft.world.item.crafting.RecipeManager/]: Skipping loading recipe delightful:knives/smithing/forgotten_knife as it's serializer returned null
[20Dec2025 16:16:31.557] [main/INFO] [net.minecraft.world.item.crafting.RecipeManager/]: Skipping loading recipe delightful:knives/smelting/bone/knife_minecraft as it's serializer returned null
[20Dec2025 16:16:31.558] [main/INFO] [net.minecraft.world.item.crafting.RecipeManager/]: Skipping loading recipe byg:crimson_berry_pie as it's serializer returned null
[20Dec2025 16:16:31.558] [main/INFO] [net.minecraft.world.item.crafting.RecipeManager/]: Skipping loading recipe delightful:food/cheeseburger_from_bun as it's serializer returned null
[20Dec2025 16:16:31.563] [main/INFO] [net.minecraft.world.item.crafting.RecipeManager/]: Skipping loading recipe atmospheric:large_grimwood_boat as it's serializer returned null
[20Dec2025 16:16:31.563] [main/INFO] [net.minecraft.world.item.crafting.RecipeManager/]: Skipping loading recipe atmospheric:aspen_boards as it's serializer returned null
[20Dec2025 16:16:31.565] [main/INFO] [net.minecraft.world.item.crafting.RecipeManager/]: Skipping loading recipe delightful:integration/byg/green_apple_crate as it's serializer returned null
[20Dec2025 16:16:31.565] [main/INFO] [net.minecraft.world.item.crafting.RecipeManager/]: Skipping loading recipe atmospheric:currant_crate as it's serializer returned null
[20Dec2025 16:16:31.566] [main/INFO] [net.minecraft.world.item.crafting.RecipeManager/]: Skipping loading recipe delightful:integration/byg/unpack_nightshade_berry_sack as it's serializer returned null
[20Dec2025 16:16:31.567] [main/INFO] [net.minecraft.world.item.crafting.RecipeManager/]: Skipping loading recipe twilightforest:jeed/regeneration as it's serializer returned null
[20Dec2025 16:16:31.567] [main/INFO] [net.minecraft.world.item.crafting.RecipeManager/]: Skipping loading recipe atmospheric:currant_leaf_pile as it's serializer returned null
[20Dec2025 16:16:31.569] [main/INFO] [net.minecraft.world.item.crafting.RecipeManager/]: Skipping loading recipe delightful:knives/smelting/emerald_emeraldequipment as it's serializer returned null
[20Dec2025 16:16:31.569] [main/INFO] [net.minecraft.world.item.crafting.RecipeManager/]: Skipping loading recipe atmospheric:carmine_pavement_vertical_slab_from_carmine_pavement_stonecutting as it's serializer returned null
[20Dec2025 16:16:31.569] [main/INFO] [net.minecraft.world.item.crafting.RecipeManager/]: Skipping loading recipe twilightforest:jeed/slowness as it's serializer returned null
[20Dec2025 16:16:31.570] [main/INFO] [net.minecraft.world.item.crafting.RecipeManager/]: Skipping loading recipe delightful:knives/zinc_knife as it's serializer returned null
[20Dec2025 16:16:31.570] [main/INFO] [net.minecraft.world.item.crafting.RecipeManager/]: Skipping loading recipe atmospheric:laurel_leaves_from_laurel_leaf_pile as it's serializer returned null
[20Dec2025 16:16:31.570] [main/INFO] [net.minecraft.world.item.crafting.RecipeManager/]: Skipping loading recipe delightful:food/crab_rangoon_from_milk as it's serializer returned null
[20Dec2025 16:16:31.570] [main/INFO] [net.minecraft.world.item.crafting.RecipeManager/]: Skipping loading recipe delightful:knives/refined_obsidian_knife as it's serializer returned null
[20Dec2025 16:16:31.571] [main/INFO] [net.minecraft.world.item.crafting.RecipeManager/]: Skipping loading recipe delightful:knives/blasting/bone/bone_meal_from_blasting_boots as it's serializer returned null
[20Dec2025 16:16:31.571] [main/INFO] [net.minecraft.world.item.crafting.RecipeManager/]: Skipping loading recipe delightful:mixing/salmonberry_gummy as it's serializer returned null
[20Dec2025 16:16:31.576] [main/INFO] [net.minecraft.world.item.crafting.RecipeManager/]: Skipping loading recipe delightful:knives/blasting/steel_mekanism as it's serializer returned null
[20Dec2025 16:16:31.576] [main/INFO] [net.minecraft.world.item.crafting.RecipeManager/]: Skipping loading recipe delightful:integration/wildberries/blueberry_sack as it's serializer returned null
[20Dec2025 16:16:31.577] [main/INFO] [net.minecraft.world.item.crafting.RecipeManager/]: Skipping loading recipe delightful:knives/smithing/gilded_netherite_knife as it's serializer returned null
[20Dec2025 16:16:31.577] [main/INFO] [net.minecraft.world.item.crafting.RecipeManager/]: Skipping loading recipe delightful:integration/biomesoplenty/huge_clover_petal as it's serializer returned null
[20Dec2025 16:16:31.578] [main/INFO] [net.minecraft.world.item.crafting.RecipeManager/]: Skipping loading recipe delightful:food/kettle/lavender_tea as it's serializer returned null
[20Dec2025 16:16:31.578] [main/INFO] [net.minecraft.world.item.crafting.RecipeManager/]: Skipping loading recipe delightful:knives/smelting/diamond_diamond_nuggets as it's serializer returned null
[20Dec2025 16:16:31.579] [main/INFO] [net.minecraft.world.item.crafting.RecipeManager/]: Skipping loading recipe twilightforest:jeed/fire_resistance as it's serializer returned null
[20Dec2025 16:16:31.579] [main/INFO] [net.minecraft.world.item.crafting.RecipeManager/]: Skipping loading recipe delightful:knives/smelting/bone/bone_meal_from_smelting_sword as it's serializer returned null
[20Dec2025 16:16:31.579] [main/INFO] [net.minecraft.world.item.crafting.RecipeManager/]: Skipping loading recipe atmospheric:yucca_leaf_pile as it's serializer returned null
[20Dec2025 16:16:31.580] [main/INFO] [net.minecraft.world.item.crafting.RecipeManager/]: Skipping loading recipe delightful:knives/blasting/copper_immersiveengineering as it's serializer returned null
[20Dec2025 16:16:31.580] [main/INFO] [net.minecraft.world.item.crafting.RecipeManager/]: Skipping loading recipe atmospheric:morado_bookshelf as it's serializer returned null
[20Dec2025 16:16:31.589] [main/INFO] [net.minecraft.world.item.crafting.RecipeManager/]: Loaded 53 recipes
[20Dec2025 16:16:31.594] [main/WARN] [com.recipeessentials.RecipeEssentials/]: Recipe without matching ID:apotheosis:potion_charm_enchanting
[20Dec2025 16:16:31.600] [main/WARN] [com.recipeessentials.RecipeEssentials/]: Recipe without matching ID:ars_nouveau:mirror_shield_3
[20Dec2025 16:16:31.600] [main/WARN] [com.recipeessentials.RecipeEssentials/]: Recipe without matching ID:ars_nouveau:mirror_shield_2
[20Dec2025 16:16:31.600] [main/WARN] [com.recipeessentials.RecipeEssentials/]: Recipe without matching ID:ars_nouveau:mirror_shield_1
[20Dec2025 16:16:31.600] [main/WARN] [com.recipeessentials.RecipeEssentials/]: Recipe without matching ID:ars_nouveau:soulbound_1
[20Dec2025 16:16:31.609] [main/INFO] [com.teampotato.redirector.Redirector/]: Redirecting com/teamabnormals/blueprint/core/util/modification/selection/ResourceSelectorSerializers
[20Dec2025 16:16:31.612] [main/INFO] [com.teamabnormals.blueprint.core.Blueprint/]: Loot Modification Manager has loaded 6 modifier groups
[20Dec2025 16:16:31.625] [main/INFO] [com.teampotato.redirector.Redirector/]: Redirecting net/minecraft/world/level/storage/loot/functions/CopyNbtFunction$MergeStrategy
[20Dec2025 16:16:31.680] [main/ERROR] [Apotheosis : Adventure/]: Use of the "rarity" key in affix loot pool entries is deprecated and will be removed in a future release.
[20Dec2025 16:16:31.943] [main/ERROR] [net.minecraft.world.level.storage.loot.LootTables/]: Couldn't parse loot table treasure:chests/artifacts_loot: com.google.gson.JsonSyntaxException: Expected name to be an item, was unknown string 'cisco_mod:ancient_chestplate_tablet'
[20Dec2025 16:16:32.314] [main/INFO] [com.teampotato.redirector.Redirector/]: Redirecting com/legacy/blue_skies/items/util/IRarityItem$SkiesRarity
[20Dec2025 16:16:32.381] [main/ERROR] [net.minecraft.world.level.storage.loot.LootTables/]: Couldn't parse loot table bygonenether:blocks/withered_blackstone_vertical_slab: java.lang.IllegalArgumentException: Can't find block bygonenether:withered_blackstone_vertical_slab
[20Dec2025 16:16:32.493] [main/ERROR] [net.minecraft.world.level.storage.loot.LootTables/]: Couldn't parse loot table bygonenether:blocks/cracked_withered_blackstone_vertical_slab: com.google.gson.JsonSyntaxException: Expected name to be an item, was unknown string 'bygonenether:cracked_withered_blackstone_vertical_slab'
[20Dec2025 16:16:32.718] [main/ERROR] [Apotheosis : Adventure/]: Use of the "rarity" key in affix loot pool entries is deprecated and will be removed in a future release.
[20Dec2025 16:16:32.718] [main/ERROR] [Apotheosis : Adventure/]: Use of the "rarity" key in affix loot pool entries is deprecated and will be removed in a future release.
[20Dec2025 16:16:32.818] [main/ERROR] [net.minecraft.world.level.storage.loot.LootTables/]: Couldn't parse loot table iter_rpg:gameplay/geode_endstone: com.google.gson.JsonSyntaxException: Expected name to be an item, was unknown string 'iter_rpg:voidquartz_shard'
[20Dec2025 16:16:33.161] [main/ERROR] [net.minecraft.world.level.storage.loot.LootTables/]: Couldn't parse loot table iter_rpg:gameplay/geode_deepslate: com.google.gson.JsonSyntaxException: Expected name to be an item, was unknown string 'iter_rpg:ametrine_shard'
[20Dec2025 16:16:33.270] [main/ERROR] [net.minecraft.world.level.storage.loot.LootTables/]: Couldn't parse loot table bygonenether:blocks/warped_nether_brick_vertical_slab: java.lang.IllegalArgumentException: Can't find block bygonenether:warped_nether_brick_vertical_slab
[20Dec2025 16:16:33.372] [main/WARN] [net.minecraft.world.level.storage.loot.LootTables/]: Found validation problem in {iter_rpg:entities/weeper}.pools[1].entries[1].functions[1]: Parameters [<parameter minecraft:tool>] are not provided in this context
[20Dec2025 16:16:33.372] [main/WARN] [net.minecraft.world.level.storage.loot.LootTables/]: Found validation problem in {iter_rpg:entities/fire_elemental}.pools[1].entries[0].functions[1]: Parameters [<parameter minecraft:tool>] are not provided in this context
[20Dec2025 16:16:33.372] [main/WARN] [net.minecraft.world.level.storage.loot.LootTables/]: Found validation problem in {iter_rpg:entities/griever}.pools[0].entries[0].functions[1]: Parameters [<parameter minecraft:tool>] are not provided in this context
[20Dec2025 16:16:33.372] [main/WARN] [net.minecraft.world.level.storage.loot.LootTables/]: Found validation problem in {iter_rpg:entities/sorrowsealed}.pools[1].entries[0].functions[1]: Parameters [<parameter minecraft:tool>] are not provided in this context
[20Dec2025 16:16:33.372] [main/WARN] [net.minecraft.world.level.storage.loot.LootTables/]: Found validation problem in {iter_rpg:entities/mournstone}.pools[0].entries[0].functions[1]: Parameters [<parameter minecraft:tool>] are not provided in this context
[20Dec2025 16:16:33.372] [main/WARN] [net.minecraft.world.level.storage.loot.LootTables/]: Found validation problem in {iter_rpg:entities/water_elemental}.pools[1].entries[0].functions[1]: Parameters [<parameter minecraft:tool>] are not provided in this context
[20Dec2025 16:16:33.373] [main/WARN] [net.minecraft.world.level.storage.loot.LootTables/]: Found validation problem in {iter_rpg:entities/sorrowsealed}.pools[0].entries[0].functions[1]: Parameters [<parameter minecraft:tool>] are not provided in this context
[20Dec2025 16:16:33.373] [main/WARN] [net.minecraft.world.level.storage.loot.LootTables/]: Found validation problem in {sons_of_sins:entities/prowler}.pools[0].entries[0].functions[1]: Parameters [<parameter minecraft:tool>] are not provided in this context
[20Dec2025 16:16:33.373] [main/WARN] [net.minecraft.world.level.storage.loot.LootTables/]: Found validation problem in {iter_rpg:entities/giant_spider}.pools[0].entries[2].functions[1]: Parameters [<parameter minecraft:tool>] are not provided in this context
[20Dec2025 16:16:33.373] [main/WARN] [net.minecraft.world.level.storage.loot.LootTables/]: Found validation problem in {sons_of_sins:entities/butcher}.pools[0].entries[0].functions[1]: Parameters [<parameter minecraft:tool>] are not provided in this context
[20Dec2025 16:16:33.373] [main/WARN] [net.minecraft.world.level.storage.loot.LootTables/]: Found validation problem in {iter_rpg:entities/griever}.pools[1].entries[1].functions[1]: Parameters [<parameter minecraft:tool>] are not provided in this context
[20Dec2025 16:16:33.373] [main/WARN] [net.minecraft.world.level.storage.loot.LootTables/]: Found validation problem in {iter_rpg:entities/weeper}.pools[0].entries[0].functions[1]: Parameters [<parameter minecraft:tool>] are not provided in this context
[20Dec2025 16:16:33.373] [main/WARN] [net.minecraft.world.level.storage.loot.LootTables/]: Found validation problem in {iter_rpg:entities/mournstone}.pools[1].entries[0].functions[1]: Parameters [<parameter minecraft:tool>] are not provided in this context
[20Dec2025 16:16:33.373] [main/WARN] [net.minecraft.world.level.storage.loot.LootTables/]: Found validation problem in {sons_of_sins:entities/walking_bed}.pools[0].entries[0].functions[1]: Parameters [<parameter minecraft:tool>] are not provided in this context
[20Dec2025 16:16:33.373] [main/WARN] [net.minecraft.world.level.storage.loot.LootTables/]: Found validation problem in {iter_rpg:entities/giant_spider}.pools[0].entries[1].functions[1]: Parameters [<parameter minecraft:tool>] are not provided in this context
[20Dec2025 16:16:33.373] [main/WARN] [net.minecraft.world.level.storage.loot.LootTables/]: Found validation problem in {iter_rpg:entities/griever}.pools[0].entries[1].functions[1]: Parameters [<parameter minecraft:tool>] are not provided in this context
[20Dec2025 16:16:33.373] [main/WARN] [net.minecraft.world.level.storage.loot.LootTables/]: Found validation problem in {iter_rpg:entities/griever}.pools[1].entries[0].functions[1]: Parameters [<parameter minecraft:tool>] are not provided in this context
[20Dec2025 16:16:33.373] [main/WARN] [net.minecraft.world.level.storage.loot.LootTables/]: Found validation problem in {iter_rpg:entities/mournstone}.pools[1].entries[1].functions[1]: Parameters [<parameter minecraft:tool>] are not provided in this context
[20Dec2025 16:16:33.373] [main/WARN] [net.minecraft.world.level.storage.loot.LootTables/]: Found validation problem in {iter_rpg:entities/weeper}.pools[1].entries[0].functions[1]: Parameters [<parameter minecraft:tool>] are not provided in this context
[20Dec2025 16:16:33.373] [main/WARN] [net.minecraft.world.level.storage.loot.LootTables/]: Found validation problem in {iter_rpg:entities/earth_elemental}.pools[1].entries[0].functions[1]: Parameters [<parameter minecraft:tool>] are not provided in this context
[20Dec2025 16:16:33.373] [main/WARN] [net.minecraft.world.level.storage.loot.LootTables/]: Found validation problem in {iter_rpg:entities/void_elemental}.pools[0].entries[0].functions[1]: Parameters [<parameter minecraft:tool>] are not provided in this context
[20Dec2025 16:16:33.373] [main/WARN] [net.minecraft.world.level.storage.loot.LootTables/]: Found validation problem in {sons_of_sins:entities/blud}.pools[0].entries[0].functions[1]: Parameters [<parameter minecraft:tool>] are not provided in this context
[20Dec2025 16:16:33.375] [main/INFO] [placebo/]: Registered 31 additional loot tables.
[20Dec2025 16:16:33.386] [main/INFO] [com.teamabnormals.blueprint.core.Blueprint/]: Skipped modifier named 'savage_and_ravage:adventure/voluntary_exile' as its conditions were not met
[20Dec2025 16:16:33.386] [main/INFO] [com.teamabnormals.blueprint.core.Blueprint/]: Skipped modifier named 'savage_and_ravage:adventure/voluntary_exile' as its conditions were not met
[20Dec2025 16:16:33.388] [main/INFO] [com.teamabnormals.blueprint.core.Blueprint/]: Advancement Modification Manager has loaded 11 modifier groups
[20Dec2025 16:16:33.392] [main/ERROR] [net.minecraft.tags.TagLoader/]: Couldn't load tag [minotaur:tick (from collection-of-singiro-1.19.x-1.1.4.jar)] as it is missing following references: minotaur:tick (from collection-of-singiro-1.19.x-1.1.4.jar)
[20Dec2025 16:16:33.392] [main/ERROR] [net.minecraft.tags.TagLoader/]: Couldn't load tag [minotaur:load (from collection-of-singiro-1.19.x-1.1.4.jar)] as it is missing following references: minotaur:load (from collection-of-singiro-1.19.x-1.1.4.jar)
[20Dec2025 16:16:33.405] [main/ERROR] [net.minecraft.server.ServerAdvancementManager/]: Parsing error loading custom advancement delightful:recipes/cutting/cactus: Missing advancement, expected to find a JsonObject
[20Dec2025 16:16:33.417] [main/ERROR] [net.minecraft.server.ServerAdvancementManager/]: Parsing error loading custom advancement delightful:recipes/cutting/salmonberry_pie: Missing advancement, expected to find a JsonObject
[20Dec2025 16:16:33.433] [main/ERROR] [net.minecraft.server.ServerAdvancementManager/]: Parsing error loading custom advancement delightful:recipes/cutting/pumpkin_pie: Missing advancement, expected to find a JsonObject
[20Dec2025 16:16:33.435] [main/ERROR] [net.minecraft.server.ServerAdvancementManager/]: Parsing error loading custom advancement majruszsdifficulty:recipes/misc/enderium_upgrade_smithing_template: Unknown item id 'majruszsdifficulty:enderium_upgrade_smithing_template'
[20Dec2025 16:16:33.452] [main/ERROR] [net.minecraft.server.ServerAdvancementManager/]: Parsing error loading custom advancement iter_rpg:iter_get_ametrine: Expected item to be an item, was unknown string 'iter_rpg:deleted_mod_element'
[20Dec2025 16:16:33.454] [main/ERROR] [net.minecraft.server.ServerAdvancementManager/]: Parsing error loading custom advancement delightful:recipes/cutting/source_berry_pie: Missing advancement, expected to find a JsonObject
[20Dec2025 16:16:33.490] [main/ERROR] [net.minecraft.server.ServerAdvancementManager/]: Parsing error loading custom advancement delightful:recipes/cutting/cantaloupe: Missing advancement, expected to find a JsonObject
[20Dec2025 16:16:33.510] [main/ERROR] [net.minecraft.server.ServerAdvancementManager/]: Parsing error loading custom advancement minecraft:adventure/craft_decorated_pot_using_only_sherds: Invalid criterion trigger: minecraft:recipe_crafted
[20Dec2025 16:16:33.520] [main/ERROR] [net.minecraft.server.ServerAdvancementManager/]: Parsing error loading custom advancement delightful:recipes/cutting/mini_melon: Missing advancement, expected to find a JsonObject
[20Dec2025 16:16:33.531] [main/ERROR] [net.minecraft.server.ServerAdvancementManager/]: Parsing error loading custom advancement iter_rpg:iter_get_voidquartz: Expected item to be an item, was unknown string 'iter_rpg:deleted_mod_element'
[20Dec2025 16:16:33.569] [main/ERROR] [net.minecraft.advancements.AdvancementList/]: Couldn't load advancement undead_unleashed:it_burns: Task Advancement{parentId=undead_unleashed:deleted_mod_element, display=net.minecraft.advancements.DisplayInfo@1a76c005, rewards=AdvancementRewards{experience=0, loot=[], recipes=[], function=net.minecraft.commands.CommandFunction$CacheableFunction@4b53c479}, criteria={it_burns=net.minecraft.advancements.Criterion@10a8277c}, requirements=[[it_burns]]}
[20Dec2025 16:16:33.569] [main/ERROR] [net.minecraft.advancements.AdvancementList/]: Couldn't load advancement iter_rpg:oblivion: Task Advancement{parentId=iter_rpg:infernal, display=net.minecraft.advancements.DisplayInfo@581ff71e, rewards=AdvancementRewards{experience=0, loot=[], recipes=[], function=net.minecraft.commands.CommandFunction$CacheableFunction@4b53c479}, criteria={oblivion=net.minecraft.advancements.Criterion@95db8a6}, requirements=[[oblivion]]}
[20Dec2025 16:16:33.570] [main/ERROR] [net.minecraft.advancements.AdvancementList/]: Couldn't load advancement iter_rpg:windswept: Task Advancement{parentId=iter_rpg:seabound, display=net.minecraft.advancements.DisplayInfo@5bf56434, rewards=AdvancementRewards{experience=0, loot=[], recipes=[], function=net.minecraft.commands.CommandFunction$CacheableFunction@4b53c479}, criteria={windswept=net.minecraft.advancements.Criterion@3f897f64}, requirements=[[windswept]]}
[20Dec2025 16:16:33.570] [main/ERROR] [net.minecraft.advancements.AdvancementList/]: Couldn't load advancement iter_rpg:infernal: Task Advancement{parentId=iter_rpg:windswept, display=net.minecraft.advancements.DisplayInfo@3e7d21d6, rewards=AdvancementRewards{experience=0, loot=[], recipes=[], function=net.minecraft.commands.CommandFunction$CacheableFunction@4b53c479}, criteria={infernal=net.minecraft.advancements.Criterion@4afb1b22}, requirements=[[infernal]]}
[20Dec2025 16:16:33.570] [main/ERROR] [net.minecraft.advancements.AdvancementList/]: Couldn't load advancement iter_rpg:elemental: Task Advancement{parentId=iter_rpg:oblivion, display=net.minecraft.advancements.DisplayInfo@186795f5, rewards=AdvancementRewards{experience=16, loot=[], recipes=[], function=net.minecraft.commands.CommandFunction$CacheableFunction@4b53c479}, criteria={elemental=net.minecraft.advancements.Criterion@ad7bfd0}, requirements=[[elemental]]}
[20Dec2025 16:16:33.570] [main/ERROR] [net.minecraft.advancements.AdvancementList/]: Couldn't load advancement iter_rpg:iter_get_ametrine_ingot: Task Advancement{parentId=iter_rpg:iter_get_ametrine, display=net.minecraft.advancements.DisplayInfo@67d6920f, rewards=AdvancementRewards{experience=0, loot=[], recipes=[], function=net.minecraft.commands.CommandFunction$CacheableFunction@4b53c479}, criteria={iter_get_ametrine_ingot=net.minecraft.advancements.Criterion@50c8981a}, requirements=[[iter_get_ametrine_ingot]]}
[20Dec2025 16:16:33.570] [main/ERROR] [net.minecraft.advancements.AdvancementList/]: Couldn't load advancement iter_rpg:seabound: Task Advancement{parentId=iter_rpg:druid, display=net.minecraft.advancements.DisplayInfo@7f2cd486, rewards=AdvancementRewards{experience=0, loot=[], recipes=[], function=net.minecraft.commands.CommandFunction$CacheableFunction@4b53c479}, criteria={seabound=net.minecraft.advancements.Criterion@6bb08b31}, requirements=[[seabound]]}
[20Dec2025 16:16:33.570] [main/ERROR] [net.minecraft.advancements.AdvancementList/]: Couldn't load advancement iter_rpg:druid: Task Advancement{parentId=iter_rpg:iter_get_ametrine_ingot, display=net.minecraft.advancements.DisplayInfo@5fa1f43e, rewards=AdvancementRewards{experience=0, loot=[], recipes=[], function=net.minecraft.commands.CommandFunction$CacheableFunction@4b53c479}, criteria={druid=net.minecraft.advancements.Criterion@30a715f8}, requirements=[[druid]]}
[20Dec2025 16:16:33.602] [main/INFO] [net.minecraft.advancements.AdvancementList/]: Loaded 5867 advancements
[20Dec2025 16:16:33.617] [main/INFO] [placebo/]: Registered 27 additional recipes.
[20Dec2025 16:16:33.649] [main/INFO] [daripher.autoleveling.data.DimensionsLevelingSettingsReloader/]: Loading leveling settings minecraft:overworld
[20Dec2025 16:16:33.650] [main/INFO] [daripher.autoleveling.data.DimensionsLevelingSettingsReloader/]: Loading leveling settings minecraft:the_end
[20Dec2025 16:16:33.650] [main/INFO] [daripher.autoleveling.data.DimensionsLevelingSettingsReloader/]: Loading leveling settings aether:the_aether
[20Dec2025 16:16:33.650] [main/INFO] [daripher.autoleveling.data.DimensionsLevelingSettingsReloader/]: Loading leveling settings minecraft:the_nether
[20Dec2025 16:16:33.650] [main/INFO] [daripher.autoleveling.data.EntitiesLevelingSettingsReloader/]: Loading leveling settings bosses_of_mass_destruction:gauntlet
[20Dec2025 16:16:33.651] [main/INFO] [daripher.autoleveling.data.EntitiesLevelingSettingsReloader/]: Loading leveling settings alexsmobs:warped_mosco
[20Dec2025 16:16:33.651] [main/INFO] [daripher.autoleveling.data.EntitiesLevelingSettingsReloader/]: Loading leveling settings cataclysm:netherite_monstrosity
[20Dec2025 16:16:33.651] [main/INFO] [daripher.autoleveling.data.EntitiesLevelingSettingsReloader/]: Loading leveling settings cataclysm:the_leviathan
[20Dec2025 16:16:33.651] [main/INFO] [daripher.autoleveling.data.EntitiesLevelingSettingsReloader/]: Loading leveling settings mowziesmobs:ferrous_wroughtnaut
[20Dec2025 16:16:33.651] [main/INFO] [daripher.autoleveling.data.EntitiesLevelingSettingsReloader/]: Loading leveling settings minecraft:elder_guardian
[20Dec2025 16:16:33.651] [main/INFO] [daripher.autoleveling.data.EntitiesLevelingSettingsReloader/]: Loading leveling settings blue_skies:starlit_crusher
[20Dec2025 16:16:33.651] [main/INFO] [daripher.autoleveling.data.EntitiesLevelingSettingsReloader/]: Loading leveling settings meetyourfight:dame_fortuna
[20Dec2025 16:16:33.651] [main/INFO] [daripher.autoleveling.data.EntitiesLevelingSettingsReloader/]: Loading leveling settings alexsmobs:void_worm
[20Dec2025 16:16:33.651] [main/INFO] [daripher.autoleveling.data.EntitiesLevelingSettingsReloader/]: Loading leveling settings blue_skies:arachnarch
[20Dec2025 16:16:33.651] [main/INFO] [daripher.autoleveling.data.EntitiesLevelingSettingsReloader/]: Loading leveling settings knightquest:netherman
[20Dec2025 16:16:33.651] [main/INFO] [daripher.autoleveling.data.EntitiesLevelingSettingsReloader/]: Loading leveling settings bosses_of_mass_destruction:lich
[20Dec2025 16:16:33.651] [main/INFO] [daripher.autoleveling.data.EntitiesLevelingSettingsReloader/]: Loading leveling settings cataclysm:ancient_remnant
[20Dec2025 16:16:33.651] [main/INFO] [daripher.autoleveling.data.EntitiesLevelingSettingsReloader/]: Loading leveling settings cataclysm:ignis
[20Dec2025 16:16:33.651] [main/INFO] [daripher.autoleveling.data.EntitiesLevelingSettingsReloader/]: Loading leveling settings cisco_mod:cisco
[20Dec2025 16:16:33.652] [main/INFO] [daripher.autoleveling.data.EntitiesLevelingSettingsReloader/]: Loading leveling settings bosses_of_mass_destruction:obsidilith
[20Dec2025 16:16:33.652] [main/INFO] [daripher.autoleveling.data.EntitiesLevelingSettingsReloader/]: Loading leveling settings mowziesmobs:umvuthi
[20Dec2025 16:16:33.652] [main/INFO] [daripher.autoleveling.data.EntitiesLevelingSettingsReloader/]: Loading leveling settings meetyourfight:rosalyne
[20Dec2025 16:16:33.652] [main/INFO] [daripher.autoleveling.data.EntitiesLevelingSettingsReloader/]: Loading leveling settings bosses_of_mass_destruction:void_blossom
[20Dec2025 16:16:33.652] [main/INFO] [daripher.autoleveling.data.EntitiesLevelingSettingsReloader/]: Loading leveling settings cataclysm:the_harbinger
[20Dec2025 16:16:33.652] [main/INFO] [daripher.autoleveling.data.EntitiesLevelingSettingsReloader/]: Loading leveling settings cataclysm:ender_guardian
[20Dec2025 16:16:33.652] [main/INFO] [daripher.autoleveling.data.EntitiesLevelingSettingsReloader/]: Loading leveling settings iter_rpg:sorrowsealed
[20Dec2025 16:16:33.652] [main/INFO] [daripher.autoleveling.data.EntitiesLevelingSettingsReloader/]: Loading leveling settings cataclysm:maledictus
[20Dec2025 16:16:33.652] [main/INFO] [daripher.autoleveling.data.EntitiesLevelingSettingsReloader/]: Loading leveling settings minecraft:warden
[20Dec2025 16:16:33.652] [main/INFO] [daripher.autoleveling.data.EntitiesLevelingSettingsReloader/]: Loading leveling settings minecraft:ender_dragon
[20Dec2025 16:16:33.652] [main/INFO] [daripher.autoleveling.data.EntitiesLevelingSettingsReloader/]: Loading leveling settings mowziesmobs:frostmaw
[20Dec2025 16:16:33.652] [main/INFO] [daripher.autoleveling.data.EntitiesLevelingSettingsReloader/]: Loading leveling settings minecraft:wither
[20Dec2025 16:16:33.652] [main/INFO] [daripher.autoleveling.data.EntitiesLevelingSettingsReloader/]: Loading leveling settings aquamirae:captain_cornelia
[20Dec2025 16:16:33.652] [main/INFO] [daripher.autoleveling.data.EntitiesLevelingSettingsReloader/]: Loading leveling settings iter_rpg:insatiable
[20Dec2025 16:16:33.652] [main/INFO] [daripher.autoleveling.data.EntitiesLevelingSettingsReloader/]: Loading leveling settings meetyourfight:bellringer
[20Dec2025 16:16:33.652] [main/INFO] [daripher.autoleveling.data.EntitiesLevelingSettingsReloader/]: Loading leveling settings irons_spellbooks:dead_king
[20Dec2025 16:16:33.652] [main/INFO] [daripher.autoleveling.data.EntitiesLevelingSettingsReloader/]: Loading leveling settings meetyourfight:swampjaw
[20Dec2025 16:16:33.652] [main/INFO] [daripher.autoleveling.data.EntitiesLevelingSettingsReloader/]: Loading leveling settings cisco_mod:fellkingboss
[20Dec2025 16:16:33.656] [main/INFO] [com.teampotato.redirector.Redirector/]: Redirecting com/telepathicgrunt/repurposedstructures/misc/maptrades/WanderingTraderMapObj$TRADE_TYPE
[20Dec2025 16:16:33.680] [main/WARN] [net.minecraftforge.common.loot.LootModifierManager/]: Could not decode GlobalLootModifier with json id bygonenether:soul_stone_from_block - error: Unknown registry key in ResourceKey[minecraft:root / forge:global_loot_modifier_serializers]: bygonenether:replace_item
[20Dec2025 16:16:33.680] [main/WARN] [net.minecraftforge.common.loot.LootModifierManager/]: Could not decode GlobalLootModifier with json id bygonenether:soul_stone_in_catacombs - error: Unknown registry key in ResourceKey[minecraft:root / forge:global_loot_modifier_serializers]: bygonenether:replace_item
[20Dec2025 16:16:34.177] [main/WARN] [io.github.apace100.apoli.Apoli/]: Power "medievalorigins:knight/skilled_swordsman_dungeons_gear" will only be partially loaded: At Ingredient: Unknown item 'dungeons_gear:rapier', At ResourceLocation: JsonObject; At Ingredient: Unknown item 'dungeons_gear:frost_slayer', At ResourceLocation: JsonObject; At Ingredient: Unknown item 'dungeons_gear:heartstealer', At ResourceLocation: JsonObject; At Ingredient: Unknown item 'dungeons_gear:broadsword', At ResourceLocation: JsonObject; At Ingredient: Unknown item 'dungeons_gear:claymore', At ResourceLocation: JsonObject; At Ingredient: Unknown item 'dungeons_gear:truthseeker', At ResourceLocation: JsonObject; At Ingredient: Unknown item 'dungeons_gear:masters_katana', At ResourceLocation: JsonObject; At Ingredient: Unknown item 'dungeons_gear:dark_katana', At ResourceLocation: JsonObject; At Ingredient: Unknown item 'dungeons_gear:katana', At ResourceLocation: JsonObject; At Ingredient: Unknown item 'dungeons_gear:sinister_sword', At ResourceLocation: JsonObject; At Ingredient: Unknown item 'dungeons_gear:hawkbrand', At ResourceLocation: JsonObject; At Ingredient: Unknown item 'dungeons_gear:diamond_sword', At ResourceLocation: JsonObject; At Ingredient: Unknown item 'dungeons_gear:gold_sword', At ResourceLocation: JsonObject; At Ingredient: Unknown item 'dungeons_gear:stone_sword', At ResourceLocation: JsonObject; At Ingredient: Unknown item 'dungeons_gear:sword', At ResourceLocation: JsonObject; At Ingredient: Unknown item 'dungeons_gear:nameless_blade', At ResourceLocation: JsonObject; At Ingredient: Unknown item 'dungeons_gear:cutlass', At ResourceLocation: JsonObject; At Ingredient: Unknown item 'dungeons_gear:freezing_foil', At ResourceLocation: JsonObject; At Ingredient: Unknown item 'dungeons_gear:bee_stinger', At ResourceLocation: JsonObject; At Ingredient: Unknown item 'dungeons_gear:rapier', At ResourceLocation: JsonObject, At ResourceLocation: JsonObject
[20Dec2025 16:16:34.180] [main/WARN] [io.github.apace100.apoli.Apoli/]: Power "strictly:durendal" will only be partially loaded: At Item: Identifier "pmmo_xp_bottles:combat" was not registered in registry "minecraft:item"., At ResourceLocation: JsonObject, At ResourceLocation: JsonObject
[20Dec2025 16:16:34.193] [main/WARN] [io.github.apace100.apoli.Apoli/]: Power "arkwys:demon/cursed_armor_biomemakeover" will only be partially loaded: At Enchantment: Identifier "biomemakeover:buckling_curse" was not registered in registry "minecraft:enchantment"., At ResourceLocation: JsonObject; At Enchantment: Identifier "biomemakeover:inaccuracy_curse" was not registered in registry "minecraft:enchantment"., At ResourceLocation: JsonObject; At Enchantment: Identifier "biomemakeover:unwieldiness_curse" was not registered in registry "minecraft:enchantment"., At ResourceLocation: JsonObject; At Enchantment: Identifier "biomemakeover:suffocation_curse" was not registered in registry "minecraft:enchantment"., At ResourceLocation: JsonObject; At Enchantment: Identifier "biomemakeover:flammability_curse" was not registered in registry "minecraft:enchantment"., At ResourceLocation: JsonObject; At Enchantment: Identifier "biomemakeover:depth_curse" was not registered in registry "minecraft:enchantment"., At ResourceLocation: JsonObject; At Enchantment: Identifier "biomemakeover:enfeeblement_curse" was not registered in registry "minecraft:enchantment"., At ResourceLocation: JsonObject; At Enchantment: Identifier "biomemakeover:conductivity_curse" was not registered in registry "minecraft:enchantment"., At ResourceLocation: JsonObject; At Enchantment: Identifier "biomemakeover:insomnia_curse" was not registered in registry "minecraft:enchantment"., At ResourceLocation: JsonObject; At Enchantment: Identifier "biomemakeover:decay_curse" was not registered in registry "minecraft:enchantment"., At ResourceLocation: JsonObject, At ResourceLocation: JsonObject; At Enchantment: Identifier "biomemakeover:buckling_curse" was not registered in registry "minecraft:enchantment"., At ResourceLocation: JsonObject; At Enchantment: Identifier "biomemakeover:inaccuracy_curse" was not registered in registry "minecraft:enchantment"., At ResourceLocation: JsonObject; At Enchantment: Identifier "biomemakeover:unwieldiness_curse" was not registered in registry "minecraft:enchantment"., At ResourceLocation: JsonObject; At Enchantment: Identifier "biomemakeover:suffocation_curse" was not registered in registry "minecraft:enchantment"., At ResourceLocation: JsonObject; At Enchantment: Identifier "biomemakeover:flammability_curse" was not registered in registry "minecraft:enchantment"., At ResourceLocation: JsonObject; At Enchantment: Identifier "biomemakeover:depth_curse" was not registered in registry "minecraft:enchantment"., At ResourceLocation: JsonObject; At Enchantment: Identifier "biomemakeover:enfeeblement_curse" was not registered in registry "minecraft:enchantment"., At ResourceLocation: JsonObject; At Enchantment: Identifier "biomemakeover:conductivity_curse" was not registered in registry "minecraft:enchantment"., At ResourceLocation: JsonObject; At Enchantment: Identifier "biomemakeover:insomnia_curse" was not registered in registry "minecraft:enchantment"., At ResourceLocation: JsonObject; At Enchantment: Identifier "biomemakeover:decay_curse" was not registered in registry "minecraft:enchantment"., At ResourceLocation: JsonObject, At ResourceLocation: JsonObject; At Enchantment: Identifier "biomemakeover:buckling_curse" was not registered in registry "minecraft:enchantment"., At ResourceLocation: JsonObject; At Enchantment: Identifier "biomemakeover:inaccuracy_curse" was not registered in registry "minecraft:enchantment"., At ResourceLocation: JsonObject; At Enchantment: Identifier "biomemakeover:unwieldiness_curse" was not registered in registry "minecraft:enchantment"., At ResourceLocation: JsonObject; At Enchantment: Identifier "biomemakeover:suffocation_curse" was not registered in registry "minecraft:enchantment"., At ResourceLocation: JsonObject; At Enchantment: Identifier "biomemakeover:flammability_curse" was not registered in registry "minecraft:enchantment"., At ResourceLocation: JsonObject; At Enchantment: Identifier "biomemakeover:depth_curse" was not registered in registry "minecraft:enchantment"., At ResourceLocation: JsonObject; At Enchantment: Identifier "biomemakeover:enfeeblement_curse" was not registered in registry "minecraft:enchantment"., At ResourceLocation: JsonObject; At Enchantment: Identifier "biomemakeover:conductivity_curse" was not registered in registry "minecraft:enchantment"., At ResourceLocation: JsonObject; At Enchantment: Identifier "biomemakeover:insomnia_curse" was not registered in registry "minecraft:enchantment"., At ResourceLocation: JsonObject; At Enchantment: Identifier "biomemakeover:decay_curse" was not registered in registry "minecraft:enchantment"., At ResourceLocation: JsonObject, At ResourceLocation: JsonObject; At Enchantment: Identifier "biomemakeover:buckling_curse" was not registered in registry "minecraft:enchantment"., At ResourceLocation: JsonObject; At Enchantment: Identifier "biomemakeover:inaccuracy_curse" was not registered in registry "minecraft:enchantment"., At ResourceLocation: JsonObject; At Enchantment: Identifier "biomemakeover:unwieldiness_curse" was not registered in registry "minecraft:enchantment"., At ResourceLocation: JsonObject; At Enchantment: Identifier "biomemakeover:suffocation_curse" was not registered in registry "minecraft:enchantment"., At ResourceLocation: JsonObject; At Enchantment: Identifier "biomemakeover:flammability_curse" was not registered in registry "minecraft:enchantment"., At ResourceLocation: JsonObject; At Enchantment: Identifier "biomemakeover:depth_curse" was not registered in registry "minecraft:enchantment"., At ResourceLocation: JsonObject; At Enchantment: Identifier "biomemakeover:enfeeblement_curse" was not registered in registry "minecraft:enchantment"., At ResourceLocation: JsonObject; At Enchantment: Identifier "biomemakeover:conductivity_curse" was not registered in registry "minecraft:enchantment"., At ResourceLocation: JsonObject; At Enchantment: Identifier "biomemakeover:insomnia_curse" was not registered in registry "minecraft:enchantment"., At ResourceLocation: JsonObject; At Enchantment: Identifier "biomemakeover:decay_curse" was not registered in registry "minecraft:enchantment"., At ResourceLocation: JsonObject, At ResourceLocation: JsonObject
[20Dec2025 16:16:34.254] [main/WARN] [io.github.apace100.apoli.Apoli/]: Power "medievalorigins:elf/weak_melee_spartanweaponry" will only be partially loaded: At Ingredient: Unknown item 'spartanweaponry:quarterstaff_lead', At ResourceLocation: JsonObject; At Ingredient: Unknown item 'spartanweaponry:quarterstaff_nickel', At ResourceLocation: JsonObject; At Ingredient: Unknown item 'spartanweaponry:quarterstaff_electrum', At ResourceLocation: JsonObject; At Ingredient: Unknown item 'spartanweaponry:quarterstaff_platinum', At ResourceLocation: JsonObject; At Ingredient: Unknown item 'spartanweaponry:quarterstaff_invar', At ResourceLocation: JsonObject; At Ingredient: Unknown item 'spartanweaponry:quarterstaff_silver', At ResourceLocation: JsonObject; At Ingredient: Unknown item 'spartanweaponry:quarterstaff_steel', At ResourceLocation: JsonObject; At Ingredient: Unknown item 'spartanweaponry:quarterstaff_bronze', At ResourceLocation: JsonObject; At Ingredient: Unknown item 'spartanweaponry:quarterstaff_tin', At ResourceLocation: JsonObject; At Ingredient: Unknown item 'spartanweaponry:quarterstaff_copper', At ResourceLocation: JsonObject; At Ingredient: Unknown item 'spartanweaponry:quarterstaff_netherite', At ResourceLocation: JsonObject; At Ingredient: Unknown item 'spartanweaponry:quarterstaff_diamond', At ResourceLocation: JsonObject; At Ingredient: Unknown item 'spartanweaponry:quarterstaff_gold', At ResourceLocation: JsonObject; At Ingredient: Unknown item 'spartanweaponry:quarterstaff_iron', At ResourceLocation: JsonObject; At Ingredient: Unknown item 'spartanweaponry:quarterstaff_stone', At ResourceLocation: JsonObject; At Ingredient: Unknown item 'spartanweaponry:quarterstaff_wood', At ResourceLocation: JsonObject; At Ingredient: Unknown item 'spartanweaponry:glaive_lead', At ResourceLocation: JsonObject; At Ingredient: Unknown item 'spartanweaponry:glaive_nickel', At ResourceLocation: JsonObject; At Ingredient: Unknown item 'spartanweaponry:glaive_electrum', At ResourceLocation: JsonObject; At Ingredient: Unknown item 'spartanweaponry:glaive_platinum', At ResourceLocation: JsonObject; At Ingredient: Unknown item 'spartanweaponry:glaive_invar', At ResourceLocation: JsonObject; At Ingredient: Unknown item 'spartanweaponry:glaive_silver', At ResourceLocation: JsonObject; At Ingredient: Unknown item 'spartanweaponry:glaive_steel', At ResourceLocation: JsonObject; At Ingredient: Unknown item 'spartanweaponry:glaive_bronze', At ResourceLocation: JsonObject; At Ingredient: Unknown item 'spartanweaponry:glaive_tin', At ResourceLocation: JsonObject; At Ingredient: Unknown item 'spartanweaponry:glaive_copper', At ResourceLocation: JsonObject; At Ingredient: Unknown item 'spartanweaponry:glaive_netherite', At ResourceLocation: JsonObject; At Ingredient: Unknown item 'spartanweaponry:glaive_diamond', At ResourceLocation: JsonObject; At Ingredient: Unknown item 'spartanweaponry:glaive_gold', At ResourceLocation: JsonObject; At Ingredient: Unknown item 'spartanweaponry:glaive_iron', At ResourceLocation: JsonObject; At Ingredient: Unknown item 'spartanweaponry:glaive_stone', At ResourceLocation: JsonObject; At Ingredient: Unknown item 'spartanweaponry:glaive_wood', At ResourceLocation: JsonObject; At Ingredient: Unknown item 'spartanweaponry:flanged_mace_lead', At ResourceLocation: JsonObject; At Ingredient: Unknown item 'spartanweaponry:flanged_mace_nickel', At ResourceLocation: JsonObject; At Ingredient: Unknown item 'spartanweaponry:flanged_mace_electrum', At ResourceLocation: JsonObject; At Ingredient: Unknown item 'spartanweaponry:flanged_mace_platinum', At ResourceLocation: JsonObject; At Ingredient: Unknown item 'spartanweaponry:flanged_mace_invar', At ResourceLocation: JsonObject; At Ingredient: Unknown item 'spartanweaponry:flanged_mace_silver', At ResourceLocation: JsonObject; At Ingredient: Unknown item 'spartanweaponry:flanged_mace_steel', At ResourceLocation: JsonObject; At Ingredient: Unknown item 'spartanweaponry:flanged_mace_bronze', At ResourceLocation: JsonObject; At Ingredient: Unknown item 'spartanweaponry:flanged_mace_tin', At ResourceLocation: JsonObject; At Ingredient: Unknown item 'spartanweaponry:flanged_mace_copper', At ResourceLocation: JsonObject; At Ingredient: Unknown item 'spartanweaponry:flanged_mace_netherite', At ResourceLocation: JsonObject; At Ingredient: Unknown item 'spartanweaponry:flanged_mace_diamond', At ResourceLocation: JsonObject; At Ingredient: Unknown item 'spartanweaponry:flanged_mace_gold', At ResourceLocation: JsonObject; At Ingredient: Unknown item 'spartanweaponry:flanged_mace_iron', At ResourceLocation: JsonObject; At Ingredient: Unknown item 'spartanweaponry:flanged_mace_stone', At ResourceLocation: JsonObject; At Ingredient: Unknown item 'spartanweaponry:flanged_mace_wood', At ResourceLocation: JsonObject; At Ingredient: Unknown item 'spartanweaponry:battleaxe_lead', At ResourceLocation: JsonObject; At Ingredient: Unknown item 'spartanweaponry:battleaxe_nickel', At ResourceLocation: JsonObject; At Ingredient: Unknown item 'spartanweaponry:battleaxe_electrum', At ResourceLocation: JsonObject; At Ingredient: Unknown item 'spartanweaponry:battleaxe_platinum', At ResourceLocation: JsonObject; At Ingredient: Unknown item 'spartanweaponry:battleaxe_invar', At ResourceLocation: JsonObject; At Ingredient: Unknown item 'spartanweaponry:battleaxe_silver', At ResourceLocation: JsonObject; At Ingredient: Unknown item 'spartanweaponry:battleaxe_steel', At ResourceLocation: JsonObject; At Ingredient: Unknown item 'spartanweaponry:battleaxe_bronze', At ResourceLocation: JsonObject; At Ingredient: Unknown item 'spartanweaponry:battleaxe_tin', At ResourceLocation: JsonObject; At Ingredient: Unknown item 'spartanweaponry:battleaxe_copper', At ResourceLocation: JsonObject; At Ingredient: Unknown item 'spartanweaponry:battleaxe_netherite', At ResourceLocation: JsonObject; At Ingredient: Unknown item 'spartanweaponry:battleaxe_diamond', At ResourceLocation: JsonObject; At Ingredient: Unknown item 'spartanweaponry:battleaxe_gold', At ResourceLocation: JsonObject; At Ingredient: Unknown item 'spartanweaponry:battleaxe_iron', At ResourceLocation: JsonObject; At Ingredient: Unknown item 'spartanweaponry:battleaxe_stone', At ResourceLocation: JsonObject; At Ingredient: Unknown item 'spartanweaponry:battleaxe_wood', At ResourceLocation: JsonObject; At Ingredient: Unknown item 'spartanweaponry:javelin_lead', At ResourceLocation: JsonObject; At Ingredient: Unknown item 'spartanweaponry:javelin_nickel', At ResourceLocation: JsonObject; At Ingredient: Unknown item 'spartanweaponry:javelin_electrum', At ResourceLocation: JsonObject; At Ingredient: Unknown item 'spartanweaponry:javelin_platinum', At ResourceLocation: JsonObject; At Ingredient: Unknown item 'spartanweaponry:javelin_invar', At ResourceLocation: JsonObject; At Ingredient: Unknown item 'spartanweaponry:javelin_silver', At ResourceLocation: JsonObject; At Ingredient: Unknown item 'spartanweaponry:javelin_steel', At ResourceLocation: JsonObject; At Ingredient: Unknown item 'spartanweaponry:javelin_bronze', At ResourceLocation: JsonObject; At Ingredient: Unknown item 'spartanweaponry:javelin_tin', At ResourceLocation: JsonObject; At Ingredient: Unknown item 'spartanweaponry:javelin_copper', At ResourceLocation: JsonObject; At Ingredient: Unknown item 'spartanweaponry:javelin_netherite', At ResourceLocation: JsonObject; At Ingredient: Unknown item 'spartanweaponry:javelin_diamond', At ResourceLocation: JsonObject; At Ingredient: Unknown item 'spartanweaponry:javelin_gold', At ResourceLocation: JsonObject; At Ingredient: Unknown item 'spartanweaponry:javelin_iron', At ResourceLocation: JsonObject; At Ingredient: Unknown item 'spartanweaponry:javelin_stone', At ResourceLocation: JsonObject; At Ingredient: Unknown item 'spartanweaponry:javelin_wood', At ResourceLocation: JsonObject; At Ingredient: Unknown item 'spartanweaponry:tomahawk_lead', At ResourceLocation: JsonObject; At Ingredient: Unknown item 'spartanweaponry:tomahawk_nickel', At ResourceLocation: JsonObject; At Ingredient: Unknown item 'spartanweaponry:tomahawk_electrum', At ResourceLocation: JsonObject; At Ingredient: Unknown item 'spartanweaponry:tomahawk_platinum', At ResourceLocation: JsonObject; At Ingredient: Unknown item 'spartanweaponry:tomahawk_invar', At ResourceLocation: JsonObject; At Ingredient: Unknown item 'spartanweaponry:tomahawk_silver', At ResourceLocation: JsonObject; At Ingredient: Unknown item 'spartanweaponry:tomahawk_steel', At ResourceLocation: JsonObject; At Ingredient: Unknown item 'spartanweaponry:tomahawk_bronze', At ResourceLocation: JsonObject; At Ingredient: Unknown item 'spartanweaponry:tomahawk_tin', At ResourceLocation: JsonObject; At Ingredient: Unknown item 'spartanweaponry:tomahawk_copper', At ResourceLocation: JsonObject; At Ingredient: Unknown item 'spartanweaponry:tomahawk_netherite', At ResourceLocation: JsonObject; At Ingredient: Unknown item 'spartanweaponry:tomahawk_diamond', At ResourceLocation: JsonObject; At Ingredient: Unknown item 'spartanweaponry:tomahawk_gold', At ResourceLocation: JsonObject; At Ingredient: Unknown item 'spartanweaponry:tomahawk_iron', At ResourceLocation: JsonObject; At Ingredient: Unknown item 'spartanweaponry:tomahawk_stone', At ResourceLocation: JsonObject; At Ingredient: Unknown item 'spartanweaponry:tomahawk_wood', At ResourceLocation: JsonObject; At Ingredient: Unknown item 'spartanweaponry:throwing_knife_lead', At ResourceLocation: JsonObject; At Ingredient: Unknown item 'spartanweaponry:throwing_knife_nickel', At ResourceLocation: JsonObject; At Ingredient: Unknown item 'spartanweaponry:throwing_knife_electrum', At ResourceLocation: JsonObject; At Ingredient: Unknown item 'spartanweaponry:throwing_knife_platinum', At ResourceLocation: JsonObject; At Ingredient: Unknown item 'spartanweaponry:throwing_knife_invar', At ResourceLocation: JsonObject; At Ingredient: Unknown item 'spartanweaponry:throwing_knife_silver', At ResourceLocation: JsonObject; At Ingredient: Unknown item 'spartanweaponry:throwing_knife_steel', At ResourceLocation: JsonObject; At Ingredient: Unknown item 'spartanweaponry:throwing_knife_bronze', At ResourceLocation: JsonObject; At Ingredient: Unknown item 'spartanweaponry:throwing_knife_tin', At ResourceLocation: JsonObject; At Ingredient: Unknown item 'spartanweaponry:throwing_knife_copper', At ResourceLocation: JsonObject; At Ingredient: Unknown item 'spartanweaponry:throwing_knife_netherite', At ResourceLocation: JsonObject; At Ingredient: Unknown item 'spartanweaponry:throwing_knife_diamond', At ResourceLocation: JsonObject; At Ingredient: Unknown item 'spartanweaponry:throwing_knife_gold', At ResourceLocation: JsonObject; At Ingredient: Unknown item 'spartanweaponry:throwing_knife_iron', At ResourceLocation: JsonObject; At Ingredient: Unknown item 'spartanweaponry:throwing_knife_stone', At ResourceLocation: JsonObject; At Ingredient: Unknown item 'spartanweaponry:throwing_knife_wood', At ResourceLocation: JsonObject; At Ingredient: Unknown item 'spartanweaponry:lance_lead', At ResourceLocation: JsonObject; At Ingredient: Unknown item 'spartanweaponry:lance_nickel', At ResourceLocation: JsonObject; At Ingredient: Unknown item 'spartanweaponry:lance_electrum', At ResourceLocation: JsonObject; At Ingredient: Unknown item 'spartanweaponry:lance_platinum', At ResourceLocation: JsonObject; At Ingredient: Unknown item 'spartanweaponry:lance_invar', At ResourceLocation: JsonObject; At Ingredient: Unknown item 'spartanweaponry:lance_silver', At ResourceLocation: JsonObject; At Ingredient: Unknown item 'spartanweaponry:lance_steel', At ResourceLocation: JsonObject; At Ingredient: Unknown item 'spartanweaponry:lance_bronze', At ResourceLocation: JsonObject; At Ingredient: Unknown item 'spartanweaponry:lance_tin', At ResourceLocation: JsonObject; At Ingredient: Unknown item 'spartanweaponry:lance_copper', At ResourceLocation: JsonObject; At Ingredient: Unknown item 'spartanweaponry:lance_netherite', At ResourceLocation: JsonObject; At Ingredient: Unknown item 'spartanweaponry:lance_diamond', At ResourceLocation: JsonObject; At Ingredient: Unknown item 'spartanweaponry:lance_gold', At ResourceLocation: JsonObject; At Ingredient: Unknown item 'spartanweaponry:lance_iron', At ResourceLocation: JsonObject; At Ingredient: Unknown item 'spartanweaponry:lance_stone', At ResourceLocation: JsonObject; At Ingredient: Unknown item 'spartanweaponry:lance_wood', At ResourceLocation: JsonObject; At Ingredient: Unknown item 'spartanweaponry:pike_lead', At ResourceLocation: JsonObject; At Ingredient: Unknown item 'spartanweaponry:pike_nickel', At ResourceLocation: JsonObject; At Ingredient: Unknown item 'spartanweaponry:pike_electrum', At ResourceLocation: JsonObject; At Ingredient: Unknown item 'spartanweaponry:pike_platinum', At ResourceLocation: JsonObject; At Ingredient: Unknown item 'spartanweaponry:pike_invar', At ResourceLocation: JsonObject; At Ingredient: Unknown item 'spartanweaponry:pike_silver', At ResourceLocation: JsonObject; At Ingredient: Unknown item 'spartanweaponry:pike_steel', At ResourceLocation: JsonObject; At Ingredient: Unknown item 'spartanweaponry:pike_bronze', At ResourceLocation: JsonObject; At Ingredient: Unknown item 'spartanweaponry:pike_tin', At ResourceLocation: JsonObject; At Ingredient: Unknown item 'spartanweaponry:pike_copper', At ResourceLocation: JsonObject; At Ingredient: Unknown item 'spartanweaponry:pike_netherite', At ResourceLocation: JsonObject; At Ingredient: Unknown item 'spartanweaponry:pike_diamond', At ResourceLocation: JsonObject; At Ingredient: Unknown item 'spartanweaponry:pike_gold', At ResourceLocation: JsonObject; At Ingredient: Unknown item 'spartanweaponry:pike_iron', At ResourceLocation: JsonObject; At Ingredient: Unknown item 'spartanweaponry:pike_stone', At ResourceLocation: JsonObject; At Ingredient: Unknown item 'spartanweaponry:pike_wood', At ResourceLocation: JsonObject; At Ingredient: Unknown item 'spartanweaponry:halberd_lead', At ResourceLocation: JsonObject; At Ingredient: Unknown item 'spartanweaponry:halberd_nickel', At ResourceLocation: JsonObject; At Ingredient: Unknown item 'spartanweaponry:halberd_electrum', At ResourceLocation: JsonObject; At Ingredient: Unknown item 'spartanweaponry:halberd_platinum', At ResourceLocation: JsonObject; At Ingredient: Unknown item 'spartanweaponry:halberd_invar', At ResourceLocation: JsonObject; At Ingredient: Unknown item 'spartanweaponry:halberd_silver', At ResourceLocation: JsonObject; At Ingredient: Unknown item 'spartanweaponry:halberd_steel', At ResourceLocation: JsonObject; At Ingredient: Unknown item 'spartanweaponry:halberd_bronze', At ResourceLocation: JsonObject; At Ingredient: Unknown item 'spartanweaponry:halberd_tin', At ResourceLocation: JsonObject; At Ingredient: Unknown item 'spartanweaponry:halberd_copper', At ResourceLocation: JsonObject; At Ingredient: Unknown item 'spartanweaponry:halberd_netherite', At ResourceLocation: JsonObject; At Ingredient: Unknown item 'spartanweaponry:halberd_diamond', At ResourceLocation: JsonObject; At Ingredient: Unknown item 'spartanweaponry:halberd_gold', At ResourceLocation: JsonObject; At Ingredient: Unknown item 'spartanweaponry:halberd_iron', At ResourceLocation: JsonObject; At Ingredient: Unknown item 'spartanweaponry:halberd_stone', At ResourceLocation: JsonObject; At Ingredient: Unknown item 'spartanweaponry:halberd_wood', At ResourceLocation: JsonObject; At Ingredient: Unknown item 'spartanweaponry:spear_lead', At ResourceLocation: JsonObject; At Ingredient: Unknown item 'spartanweaponry:spear_nickel', At ResourceLocation: JsonObject; At Ingredient: Unknown item 'spartanweaponry:spear_electrum', At ResourceLocation: JsonObject; At Ingredient: Unknown item 'spartanweaponry:spear_platinum', At ResourceLocation: JsonObject; At Ingredient: Unknown item 'spartanweaponry:spear_invar', At ResourceLocation: JsonObject; At Ingredient: Unknown item 'spartanweaponry:spear_silver', At ResourceLocation: JsonObject; At Ingredient: Unknown item 'spartanweaponry:spear_steel', At ResourceLocation: JsonObject; At Ingredient: Unknown item 'spartanweaponry:spear_bronze', At ResourceLocation: JsonObject; At Ingredient: Unknown item 'spartanweaponry:spear_tin', At ResourceLocation: JsonObject; At Ingredient: Unknown item 'spartanweaponry:spear_copper', At ResourceLocation: JsonObject; At Ingredient: Unknown item 'spartanweaponry:spear_netherite', At ResourceLocation: JsonObject; At Ingredient: Unknown item 'spartanweaponry:spear_diamond', At ResourceLocation: JsonObject; At Ingredient: Unknown item 'spartanweaponry:spear_gold', At ResourceLocation: JsonObject; At Ingredient: Unknown item 'spartanweaponry:spear_iron', At ResourceLocation: JsonObject; At Ingredient: Unknown item 'spartanweaponry:spear_stone', At ResourceLocation: JsonObject; At Ingredient: Unknown item 'spartanweaponry:spear_wood', At ResourceLocation: JsonObject; At Ingredient: Unknown item 'spartanweaponry:warhammer_lead', At ResourceLocation: JsonObject; At Ingredient: Unknown item 'spartanweaponry:warhammer_nickel', At ResourceLocation: JsonObject; At Ingredient: Unknown item 'spartanweaponry:warhammer_electrum', At ResourceLocation: JsonObject; At Ingredient: Unknown item 'spartanweaponry:warhammer_platinum', At ResourceLocation: JsonObject; At Ingredient: Unknown item 'spartanweaponry:warhammer_invar', At ResourceLocation: JsonObject; At Ingredient: Unknown item 'spartanweaponry:warhammer_silver', At ResourceLocation: JsonObject; At Ingredient: Unknown item 'spartanweaponry:warhammer_steel', At ResourceLocation: JsonObject; At Ingredient: Unknown item 'spartanweaponry:warhammer_bronze', At ResourceLocation: JsonObject; At Ingredient: Unknown item 'spartanweaponry:warhammer_tin', At ResourceLocation: JsonObject; At Ingredient: Unknown item 'spartanweaponry:warhammer_copper', At ResourceLocation: JsonObject; At Ingredient: Unknown item 'spartanweaponry:warhammer_netherite', At ResourceLocation: JsonObject; At Ingredient: Unknown item 'spartanweaponry:warhammer_diamond', At ResourceLocation: JsonObject; At Ingredient: Unknown item 'spartanweaponry:warhammer_gold', At ResourceLocation: JsonObject; At Ingredient: Unknown item 'spartanweaponry:warhammer_iron', At ResourceLocation: JsonObject; At Ingredient: Unknown item 'spartanweaponry:warhammer_stone', At ResourceLocation: JsonObject; At Ingredient: Unknown item 'spartanweaponry:warhammer_wood', At ResourceLocation: JsonObject; At Ingredient: Unknown item 'spartanweaponry:hammer_lead', At ResourceLocation: JsonObject; At Ingredient: Unknown item 'spartanweaponry:hammer_nickel', At ResourceLocation: JsonObject; At Ingredient: Unknown item 'spartanweaponry:hammer_electrum', At ResourceLocation: JsonObject; At Ingredient: Unknown item 'spartanweaponry:hammer_platinum', At ResourceLocation: JsonObject; At Ingredient: Unknown item 'spartanweaponry:hammer_invar', At ResourceLocation: JsonObject; At Ingredient: Unknown item 'spartanweaponry:hammer_silver', At ResourceLocation: JsonObject; At Ingredient: Unknown item 'spartanweaponry:hammer_steel', At ResourceLocation: JsonObject; At Ingredient: Unknown item 'spartanweaponry:hammer_bronze', At ResourceLocation: JsonObject; At Ingredient: Unknown item 'spartanweaponry:hammer_tin', At ResourceLocation: JsonObject; At Ingredient: Unknown item 'spartanweaponry:hammer_copper', At ResourceLocation: JsonObject; At Ingredient: Unknown item 'spartanweaponry:hammer_netherite', At ResourceLocation: JsonObject; At Ingredient: Unknown item 'spartanweaponry:hammer_diamond', At ResourceLocation: JsonObject; At Ingredient: Unknown item 'spartanweaponry:hammer_gold', At ResourceLocation: JsonObject; At Ingredient: Unknown item 'spartanweaponry:hammer_iron', At ResourceLocation: JsonObject; At Ingredient: Unknown item 'spartanweaponry:hammer_stone', At ResourceLocation: JsonObject; At Ingredient: Unknown item 'spartanweaponry:hammer_wood', At ResourceLocation: JsonObject; At Ingredient: Unknown item 'spartanweaponry:dagger_lead', At ResourceLocation: JsonObject; At Ingredient: Unknown item 'spartanweaponry:dagger_nickel', At ResourceLocation: JsonObject; At Ingredient: Unknown item 'spartanweaponry:dagger_electrum', At ResourceLocation: JsonObject; At Ingredient: Unknown item 'spartanweaponry:dagger_platinum', At ResourceLocation: JsonObject; At Ingredient: Unknown item 'spartanweaponry:dagger_invar', At ResourceLocation: JsonObject; At Ingredient: Unknown item 'spartanweaponry:dagger_silver', At ResourceLocation: JsonObject; At Ingredient: Unknown item 'spartanweaponry:dagger_steel', At ResourceLocation: JsonObject; At Ingredient: Unknown item 'spartanweaponry:dagger_bronze', At ResourceLocation: JsonObject; At Ingredient: Unknown item 'spartanweaponry:dagger_tin', At ResourceLocation: JsonObject; At Ingredient: Unknown item 'spartanweaponry:dagger_copper', At ResourceLocation: JsonObject; At Ingredient: Unknown item 'spartanweaponry:dagger_netherite', At ResourceLocation: JsonObject; At Ingredient: Unknown item 'spartanweaponry:dagger_diamond', At ResourceLocation: JsonObject; At Ingredient: Unknown item 'spartanweaponry:dagger_gold', At ResourceLocation: JsonObject; At Ingredient: Unknown item 'spartanweaponry:dagger_iron', At ResourceLocation: JsonObject; At Ingredient: Unknown item 'spartanweaponry:dagger_stone', At ResourceLocation: JsonObject; At Ingredient: Unknown item 'spartanweaponry:dagger_wood', At ResourceLocation: JsonObject, At ResourceLocation: JsonObject
[20Dec2025 16:16:34.256] [main/ERROR] [io.github.apace100.apoli.Apoli/]: Error loading power "arkwys:brute/piglin_neutrality": Unknown registry key: extraorigins:mob_neutrality
[20Dec2025 16:16:34.256] [main/ERROR] [io.github.apace100.apoli.Apoli/]: Loading for all instances of power arkwys:brute/piglin_neutrality failed.
[20Dec2025 16:16:34.256] [main/ERROR] [io.github.apace100.apoli.Apoli/]: Error loading power "strictly:sun_strength": Input does not contain a key [type]: MapLike[{"entity_action":{"type":"origins:apply_effect","effect":{"effect":"minecraft:strength","is_ambient":true,"show_particles":false,"show_icon":false,"amplifier":1,"duration":1000}},"interval":200}]
[20Dec2025 16:16:34.256] [main/ERROR] [io.github.apace100.apoli.Apoli/]: Loading for all instances of power strictly:sun_strength failed.
[20Dec2025 16:16:34.259] [main/ERROR] [io.github.apace100.apoli.Apoli/]: Error loading power "strictly:thick_fur_cont": At EntityType: Identifier "minecraft:tipped_arrow" was not registered in registry "minecraft:entity_type"., At ResourceLocation: JsonObject
[20Dec2025 16:16:34.259] [main/ERROR] [io.github.apace100.apoli.Apoli/]: Loading for all instances of power strictly:thick_fur_cont failed.
[20Dec2025 16:16:34.264] [main/WARN] [io.github.apace100.apoli.Apoli/]: Power "medievalorigins:elf/weak_melee_iceandfire" will only be partially loaded: At Ingredient: Unknown item 'iceandfire:troll_weapon_axe', At ResourceLocation: JsonObject; At Ingredient: Unknown item 'iceandfire:dragonsteel_lightning_axe', At ResourceLocation: JsonObject; At Ingredient: Unknown item 'iceandfire:dragonsteel_cold_axe', At ResourceLocation: JsonObject; At Ingredient: Unknown item 'iceandfire:dragonsteel_fire_axe', At ResourceLocation: JsonObject; At Ingredient: Unknown item 'iceandfire:myrmex_jungle_axe', At ResourceLocation: JsonObject; At Ingredient: Unknown item 'iceandfire:myrmex_desert_axe', At ResourceLocation: JsonObject; At Ingredient: Unknown item 'iceandfire:dragonbone_axe', At ResourceLocation: JsonObject; At Ingredient: Unknown item 'iceandfire:copper_axe', At ResourceLocation: JsonObject; At Ingredient: Unknown item 'iceandfire:silver_axe', At ResourceLocation: JsonObject, At ResourceLocation: JsonObject
[20Dec2025 16:16:34.280] [main/WARN] [io.github.apace100.apoli.Apoli/]: Power "arkwys:minotaur/axe_proficiency_spartanweaponry" will only be partially loaded: At Ingredient: Unknown item 'spartanweaponry:battleaxe_lead', At ResourceLocation: JsonObject; At Ingredient: Unknown item 'spartanweaponry:battleaxe_nickel', At ResourceLocation: JsonObject; At Ingredient: Unknown item 'spartanweaponry:battleaxe_electrum', At ResourceLocation: JsonObject; At Ingredient: Unknown item 'spartanweaponry:battleaxe_platinum', At ResourceLocation: JsonObject; At Ingredient: Unknown item 'spartanweaponry:battleaxe_invar', At ResourceLocation: JsonObject; At Ingredient: Unknown item 'spartanweaponry:battleaxe_silver', At ResourceLocation: JsonObject; At Ingredient: Unknown item 'spartanweaponry:battleaxe_steel', At ResourceLocation: JsonObject; At Ingredient: Unknown item 'spartanweaponry:battleaxe_bronze', At ResourceLocation: JsonObject; At Ingredient: Unknown item 'spartanweaponry:battleaxe_tin', At ResourceLocation: JsonObject; At Ingredient: Unknown item 'spartanweaponry:battleaxe_copper', At ResourceLocation: JsonObject; At Ingredient: Unknown item 'spartanweaponry:battleaxe_netherite', At ResourceLocation: JsonObject; At Ingredient: Unknown item 'spartanweaponry:battleaxe_diamond', At ResourceLocation: JsonObject; At Ingredient: Unknown item 'spartanweaponry:battleaxe_gold', At ResourceLocation: JsonObject; At Ingredient: Unknown item 'spartanweaponry:battleaxe_iron', At ResourceLocation: JsonObject; At Ingredient: Unknown item 'spartanweaponry:battleaxe_stone', At ResourceLocation: JsonObject; At Ingredient: Unknown item 'spartanweaponry:battleaxe_wood', At ResourceLocation: JsonObject; At Ingredient: Unknown item 'spartanweaponry:tomahawk_lead', At ResourceLocation: JsonObject; At Ingredient: Unknown item 'spartanweaponry:tomahawk_nickel', At ResourceLocation: JsonObject; At Ingredient: Unknown item 'spartanweaponry:tomahawk_electrum', At ResourceLocation: JsonObject; At Ingredient: Unknown item 'spartanweaponry:tomahawk_platinum', At ResourceLocation: JsonObject; At Ingredient: Unknown item 'spartanweaponry:tomahawk_invar', At ResourceLocation: JsonObject; At Ingredient: Unknown item 'spartanweaponry:tomahawk_silver', At ResourceLocation: JsonObject; At Ingredient: Unknown item 'spartanweaponry:tomahawk_steel', At ResourceLocation: JsonObject; At Ingredient: Unknown item 'spartanweaponry:tomahawk_bronze', At ResourceLocation: JsonObject; At Ingredient: Unknown item 'spartanweaponry:tomahawk_tin', At ResourceLocation: JsonObject; At Ingredient: Unknown item 'spartanweaponry:tomahawk_copper', At ResourceLocation: JsonObject; At Ingredient: Unknown item 'spartanweaponry:tomahawk_netherite', At ResourceLocation: JsonObject; At Ingredient: Unknown item 'spartanweaponry:tomahawk_diamond', At ResourceLocation: JsonObject; At Ingredient: Unknown item 'spartanweaponry:tomahawk_gold', At ResourceLocation: JsonObject; At Ingredient: Unknown item 'spartanweaponry:tomahawk_iron', At ResourceLocation: JsonObject; At Ingredient: Unknown item 'spartanweaponry:tomahawk_stone', At ResourceLocation: JsonObject; At Ingredient: Unknown item 'spartanweaponry:tomahawk_wood', At ResourceLocation: JsonObject; At Ingredient: Unknown item 'spartanweaponry:halberd_lead', At ResourceLocation: JsonObject; At Ingredient: Unknown item 'spartanweaponry:halberd_nickel', At ResourceLocation: JsonObject; At Ingredient: Unknown item 'spartanweaponry:halberd_electrum', At ResourceLocation: JsonObject; At Ingredient: Unknown item 'spartanweaponry:halberd_platinum', At ResourceLocation: JsonObject; At Ingredient: Unknown item 'spartanweaponry:halberd_invar', At ResourceLocation: JsonObject; At Ingredient: Unknown item 'spartanweaponry:halberd_silver', At ResourceLocation: JsonObject; At Ingredient: Unknown item 'spartanweaponry:halberd_steel', At ResourceLocation: JsonObject; At Ingredient: Unknown item 'spartanweaponry:halberd_bronze', At ResourceLocation: JsonObject; At Ingredient: Unknown item 'spartanweaponry:halberd_tin', At ResourceLocation: JsonObject; At Ingredient: Unknown item 'spartanweaponry:halberd_copper', At ResourceLocation: JsonObject; At Ingredient: Unknown item 'spartanweaponry:halberd_netherite', At ResourceLocation: JsonObject; At Ingredient: Unknown item 'spartanweaponry:halberd_diamond', At ResourceLocation: JsonObject; At Ingredient: Unknown item 'spartanweaponry:halberd_gold', At ResourceLocation: JsonObject; At Ingredient: Unknown item 'spartanweaponry:halberd_iron', At ResourceLocation: JsonObject; At Ingredient: Unknown item 'spartanweaponry:halberd_stone', At ResourceLocation: JsonObject; At Ingredient: Unknown item 'spartanweaponry:halberd_wood', At ResourceLocation: JsonObject, At ResourceLocation: JsonObject
[20Dec2025 16:16:34.294] [main/WARN] [io.github.apace100.apoli.Apoli/]: Power "strictly:spider_like" will only be partially loaded: Input does not contain a key [type]: MapLike[{"key":"key.jump","continuous":true}], At ResourceLocation: JsonObject
[20Dec2025 16:16:34.305] [main/WARN] [io.github.apace100.apoli.Apoli/]: Power "arkwys:demon/cursed_armor" will only be partially loaded: At Enchantment: Identifier "biomemakeover:buckling_curse" was not registered in registry "minecraft:enchantment"., At ResourceLocation: JsonObject; At Enchantment: Identifier "biomemakeover:inaccuracy_curse" was not registered in registry "minecraft:enchantment"., At ResourceLocation: JsonObject; At Enchantment: Identifier "biomemakeover:unwieldiness_curse" was not registered in registry "minecraft:enchantment"., At ResourceLocation: JsonObject; At Enchantment: Identifier "biomemakeover:suffocation_curse" was not registered in registry "minecraft:enchantment"., At ResourceLocation: JsonObject; At Enchantment: Identifier "biomemakeover:flammability_curse" was not registered in registry "minecraft:enchantment"., At ResourceLocation: JsonObject; At Enchantment: Identifier "biomemakeover:depth_curse" was not registered in registry "minecraft:enchantment"., At ResourceLocation: JsonObject; At Enchantment: Identifier "biomemakeover:enfeeblement_curse" was not registered in registry "minecraft:enchantment"., At ResourceLocation: JsonObject; At Enchantment: Identifier "biomemakeover:conductivity_curse" was not registered in registry "minecraft:enchantment"., At ResourceLocation: JsonObject; At Enchantment: Identifier "biomemakeover:insomnia_curse" was not registered in registry "minecraft:enchantment"., At ResourceLocation: JsonObject; At Enchantment: Identifier "biomemakeover:decay_curse" was not registered in registry "minecraft:enchantment"., At ResourceLocation: JsonObject, At ResourceLocation: JsonObject; At Enchantment: Identifier "biomemakeover:buckling_curse" was not registered in registry "minecraft:enchantment"., At ResourceLocation: JsonObject; At Enchantment: Identifier "biomemakeover:inaccuracy_curse" was not registered in registry "minecraft:enchantment"., At ResourceLocation: JsonObject; At Enchantment: Identifier "biomemakeover:unwieldiness_curse" was not registered in registry "minecraft:enchantment"., At ResourceLocation: JsonObject; At Enchantment: Identifier "biomemakeover:suffocation_curse" was not registered in registry "minecraft:enchantment"., At ResourceLocation: JsonObject; At Enchantment: Identifier "biomemakeover:flammability_curse" was not registered in registry "minecraft:enchantment"., At ResourceLocation: JsonObject; At Enchantment: Identifier "biomemakeover:depth_curse" was not registered in registry "minecraft:enchantment"., At ResourceLocation: JsonObject; At Enchantment: Identifier "biomemakeover:enfeeblement_curse" was not registered in registry "minecraft:enchantment"., At ResourceLocation: JsonObject; At Enchantment: Identifier "biomemakeover:conductivity_curse" was not registered in registry "minecraft:enchantment"., At ResourceLocation: JsonObject; At Enchantment: Identifier "biomemakeover:insomnia_curse" was not registered in registry "minecraft:enchantment"., At ResourceLocation: JsonObject; At Enchantment: Identifier "biomemakeover:decay_curse" was not registered in registry "minecraft:enchantment"., At ResourceLocation: JsonObject, At ResourceLocation: JsonObject; At Enchantment: Identifier "biomemakeover:buckling_curse" was not registered in registry "minecraft:enchantment"., At ResourceLocation: JsonObject; At Enchantment: Identifier "biomemakeover:inaccuracy_curse" was not registered in registry "minecraft:enchantment"., At ResourceLocation: JsonObject; At Enchantment: Identifier "biomemakeover:unwieldiness_curse" was not registered in registry "minecraft:enchantment"., At ResourceLocation: JsonObject; At Enchantment: Identifier "biomemakeover:suffocation_curse" was not registered in registry "minecraft:enchantment"., At ResourceLocation: JsonObject; At Enchantment: Identifier "biomemakeover:flammability_curse" was not registered in registry "minecraft:enchantment"., At ResourceLocation: JsonObject; At Enchantment: Identifier "biomemakeover:depth_curse" was not registered in registry "minecraft:enchantment"., At ResourceLocation: JsonObject; At Enchantment: Identifier "biomemakeover:enfeeblement_curse" was not registered in registry "minecraft:enchantment"., At ResourceLocation: JsonObject; At Enchantment: Identifier "biomemakeover:conductivity_curse" was not registered in registry "minecraft:enchantment"., At ResourceLocation: JsonObject; At Enchantment: Identifier "biomemakeover:insomnia_curse" was not registered in registry "minecraft:enchantment"., At ResourceLocation: JsonObject; At Enchantment: Identifier "biomemakeover:decay_curse" was not registered in registry "minecraft:enchantment"., At ResourceLocation: JsonObject, At ResourceLocation: JsonObject; At Enchantment: Identifier "biomemakeover:buckling_curse" was not registered in registry "minecraft:enchantment"., At ResourceLocation: JsonObject; At Enchantment: Identifier "biomemakeover:inaccuracy_curse" was not registered in registry "minecraft:enchantment"., At ResourceLocation: JsonObject; At Enchantment: Identifier "biomemakeover:unwieldiness_curse" was not registered in registry "minecraft:enchantment"., At ResourceLocation: JsonObject; At Enchantment: Identifier "biomemakeover:suffocation_curse" was not registered in registry "minecraft:enchantment"., At ResourceLocation: JsonObject; At Enchantment: Identifier "biomemakeover:flammability_curse" was not registered in registry "minecraft:enchantment"., At ResourceLocation: JsonObject; At Enchantment: Identifier "biomemakeover:depth_curse" was not registered in registry "minecraft:enchantment"., At ResourceLocation: JsonObject; At Enchantment: Identifier "biomemakeover:enfeeblement_curse" was not registered in registry "minecraft:enchantment"., At ResourceLocation: JsonObject; At Enchantment: Identifier "biomemakeover:conductivity_curse" was not registered in registry "minecraft:enchantment"., At ResourceLocation: JsonObject; At Enchantment: Identifier "biomemakeover:insomnia_curse" was not registered in registry "minecraft:enchantment"., At ResourceLocation: JsonObject; At Enchantment: Identifier "biomemakeover:decay_curse" was not registered in registry "minecraft:enchantment"., At ResourceLocation: JsonObject, At ResourceLocation: JsonObject
[20Dec2025 16:16:34.311] [main/WARN] [io.github.apace100.apoli.Apoli/]: Power "strictly:skofnung" will only be partially loaded: At Item: Identifier "pmmo_xp_bottles:endurance" was not registered in registry "minecraft:item"., At ResourceLocation: JsonObject, At ResourceLocation: JsonObject
[20Dec2025 16:16:34.326] [main/WARN] [io.github.apace100.apoli.Apoli/]: Power "medievalorigins:knight/skilled_swordsman" will only be partially loaded: At Ingredient: Unknown item 'iceandfire:ghost_sword', At ResourceLocation: JsonObject; At Ingredient: Unknown item 'iceandfire:dread_queen_sword', At ResourceLocation: JsonObject; At Ingredient: Unknown item 'iceandfire:dread_kinght_sword', At ResourceLocation: JsonObject; At Ingredient: Unknown item 'iceandfire:dread_sword', At ResourceLocation: JsonObject; At Ingredient: Unknown item 'iceandfire:dragonsteel_lightning_sword', At ResourceLocation: JsonObject; At Ingredient: Unknown item 'iceandfire:dragonsteel_ice_sword', At ResourceLocation: JsonObject; At Ingredient: Unknown item 'iceandfire:dragonsteel_fire_sword', At ResourceLocation: JsonObject; At Ingredient: Unknown item 'iceandfire:myrmex_jungle_sword_venom', At ResourceLocation: JsonObject; At Ingredient: Unknown item 'iceandfire:myrmex_jungle_sword', At ResourceLocation: JsonObject; At Ingredient: Unknown item 'iceandfire:myrmex_desert_sword_venom', At ResourceLocation: JsonObject; At Ingredient: Unknown item 'iceandfire:myrmex_desert_sword', At ResourceLocation: JsonObject; At Ingredient: Unknown item 'iceandfire:hippogryph_sword', At ResourceLocation: JsonObject; At Ingredient: Unknown item 'iceandfire:dragonbone_sword_ice', At ResourceLocation: JsonObject; At Ingredient: Unknown item 'iceandfire:dragonbone_sword_fire', At ResourceLocation: JsonObject; At Ingredient: Unknown item 'iceandfire:dragonbone_sword', At ResourceLocation: JsonObject; At Ingredient: Unknown item 'iceandfire:copper_sword', At ResourceLocation: JsonObject; At Ingredient: Unknown item 'iceandfire:silver_sword', At ResourceLocation: JsonObject; At Ingredient: Unknown item 'dungeons_gear:rapier', At ResourceLocation: JsonObject; At Ingredient: Unknown item 'dungeons_gear:frost_slayer', At ResourceLocation: JsonObject; At Ingredient: Unknown item 'dungeons_gear:heartstealer', At ResourceLocation: JsonObject; At Ingredient: Unknown item 'dungeons_gear:broadsword', At ResourceLocation: JsonObject; At Ingredient: Unknown item 'dungeons_gear:claymore', At ResourceLocation: JsonObject; At Ingredient: Unknown item 'dungeons_gear:truthseeker', At ResourceLocation: JsonObject; At Ingredient: Unknown item 'dungeons_gear:masters_katana', At ResourceLocation: JsonObject; At Ingredient: Unknown item 'dungeons_gear:dark_katana', At ResourceLocation: JsonObject; At Ingredient: Unknown item 'dungeons_gear:katana', At ResourceLocation: JsonObject; At Ingredient: Unknown item 'dungeons_gear:sinister_sword', At ResourceLocation: JsonObject; At Ingredient: Unknown item 'dungeons_gear:hawkbrand', At ResourceLocation: JsonObject; At Ingredient: Unknown item 'dungeons_gear:diamond_sword', At ResourceLocation: JsonObject; At Ingredient: Unknown item 'dungeons_gear:gold_sword', At ResourceLocation: JsonObject; At Ingredient: Unknown item 'dungeons_gear:stone_sword', At ResourceLocation: JsonObject; At Ingredient: Unknown item 'dungeons_gear:sword', At ResourceLocation: JsonObject; At Ingredient: Unknown item 'dungeons_gear:nameless_blade', At ResourceLocation: JsonObject; At Ingredient: Unknown item 'dungeons_gear:cutlass', At ResourceLocation: JsonObject; At Ingredient: Unknown item 'dungeons_gear:freezing_foil', At ResourceLocation: JsonObject; At Ingredient: Unknown item 'dungeons_gear:bee_stinger', At ResourceLocation: JsonObject; At Ingredient: Unknown item 'dungeons_gear:rapier', At ResourceLocation: JsonObject, At ResourceLocation: JsonObject
[20Dec2025 16:16:34.351] [main/WARN] [io.github.apace100.apoli.Apoli/]: Power "medievalorigins:elf/weak_swords_spartanweaponry" will only be partially loaded: At Ingredient: Unknown item 'spartanweaponry:greatsword_lead', At ResourceLocation: JsonObject; At Ingredient: Unknown item 'spartanweaponry:greatsword_nickel', At ResourceLocation: JsonObject; At Ingredient: Unknown item 'spartanweaponry:greatsword_electrum', At ResourceLocation: JsonObject; At Ingredient: Unknown item 'spartanweaponry:greatsword_platinum', At ResourceLocation: JsonObject; At Ingredient: Unknown item 'spartanweaponry:greatsword_invar', At ResourceLocation: JsonObject; At Ingredient: Unknown item 'spartanweaponry:greatsword_silver', At ResourceLocation: JsonObject; At Ingredient: Unknown item 'spartanweaponry:greatsword_steel', At ResourceLocation: JsonObject; At Ingredient: Unknown item 'spartanweaponry:greatsword_bronze', At ResourceLocation: JsonObject; At Ingredient: Unknown item 'spartanweaponry:greatsword_tin', At ResourceLocation: JsonObject; At Ingredient: Unknown item 'spartanweaponry:greatsword_copper', At ResourceLocation: JsonObject; At Ingredient: Unknown item 'spartanweaponry:greatsword_netherite', At ResourceLocation: JsonObject; At Ingredient: Unknown item 'spartanweaponry:greatsword_diamond', At ResourceLocation: JsonObject; At Ingredient: Unknown item 'spartanweaponry:greatsword_gold', At ResourceLocation: JsonObject; At Ingredient: Unknown item 'spartanweaponry:greatsword_iron', At ResourceLocation: JsonObject; At Ingredient: Unknown item 'spartanweaponry:greatsword_stone', At ResourceLocation: JsonObject; At Ingredient: Unknown item 'spartanweaponry:greatsword_wood', At ResourceLocation: JsonObject; At Ingredient: Unknown item 'spartanweaponry:rapier_lead', At ResourceLocation: JsonObject; At Ingredient: Unknown item 'spartanweaponry:rapier_nickel', At ResourceLocation: JsonObject; At Ingredient: Unknown item 'spartanweaponry:rapier_electrum', At ResourceLocation: JsonObject; At Ingredient: Unknown item 'spartanweaponry:rapier_platinum', At ResourceLocation: JsonObject; At Ingredient: Unknown item 'spartanweaponry:rapier_invar', At ResourceLocation: JsonObject; At Ingredient: Unknown item 'spartanweaponry:rapier_silver', At ResourceLocation: JsonObject; At Ingredient: Unknown item 'spartanweaponry:rapier_steel', At ResourceLocation: JsonObject; At Ingredient: Unknown item 'spartanweaponry:rapier_bronze', At ResourceLocation: JsonObject; At Ingredient: Unknown item 'spartanweaponry:rapier_tin', At ResourceLocation: JsonObject; At Ingredient: Unknown item 'spartanweaponry:rapier_copper', At ResourceLocation: JsonObject; At Ingredient: Unknown item 'spartanweaponry:rapier_netherite', At ResourceLocation: JsonObject; At Ingredient: Unknown item 'spartanweaponry:rapier_diamond', At ResourceLocation: JsonObject; At Ingredient: Unknown item 'spartanweaponry:rapier_gold', At ResourceLocation: JsonObject; At Ingredient: Unknown item 'spartanweaponry:rapier_iron', At ResourceLocation: JsonObject; At Ingredient: Unknown item 'spartanweaponry:rapier_stone', At ResourceLocation: JsonObject; At Ingredient: Unknown item 'spartanweaponry:rapier_wood', At ResourceLocation: JsonObject; At Ingredient: Unknown item 'spartanweaponry:saber_lead', At ResourceLocation: JsonObject; At Ingredient: Unknown item 'spartanweaponry:saber_nickel', At ResourceLocation: JsonObject; At Ingredient: Unknown item 'spartanweaponry:saber_electrum', At ResourceLocation: JsonObject; At Ingredient: Unknown item 'spartanweaponry:saber_platinum', At ResourceLocation: JsonObject; At Ingredient: Unknown item 'spartanweaponry:saber_invar', At ResourceLocation: JsonObject; At Ingredient: Unknown item 'spartanweaponry:saber_silver', At ResourceLocation: JsonObject; At Ingredient: Unknown item 'spartanweaponry:saber_steel', At ResourceLocation: JsonObject; At Ingredient: Unknown item 'spartanweaponry:saber_bronze', At ResourceLocation: JsonObject; At Ingredient: Unknown item 'spartanweaponry:saber_tin', At ResourceLocation: JsonObject; At Ingredient: Unknown item 'spartanweaponry:saber_copper', At ResourceLocation: JsonObject; At Ingredient: Unknown item 'spartanweaponry:saber_netherite', At ResourceLocation: JsonObject; At Ingredient: Unknown item 'spartanweaponry:saber_diamond', At ResourceLocation: JsonObject; At Ingredient: Unknown item 'spartanweaponry:saber_gold', At ResourceLocation: JsonObject; At Ingredient: Unknown item 'spartanweaponry:saber_iron', At ResourceLocation: JsonObject; At Ingredient: Unknown item 'spartanweaponry:saber_stone', At ResourceLocation: JsonObject; At Ingredient: Unknown item 'spartanweaponry:saber_wood', At ResourceLocation: JsonObject; At Ingredient: Unknown item 'spartanweaponry:katana_lead', At ResourceLocation: JsonObject; At Ingredient: Unknown item 'spartanweaponry:katana_nickel', At ResourceLocation: JsonObject; At Ingredient: Unknown item 'spartanweaponry:katana_electrum', At ResourceLocation: JsonObject; At Ingredient: Unknown item 'spartanweaponry:katana_platinum', At ResourceLocation: JsonObject; At Ingredient: Unknown item 'spartanweaponry:katana_invar', At ResourceLocation: JsonObject; At Ingredient: Unknown item 'spartanweaponry:katana_silver', At ResourceLocation: JsonObject; At Ingredient: Unknown item 'spartanweaponry:katana_steel', At ResourceLocation: JsonObject; At Ingredient: Unknown item 'spartanweaponry:katana_bronze', At ResourceLocation: JsonObject; At Ingredient: Unknown item 'spartanweaponry:katana_tin', At ResourceLocation: JsonObject; At Ingredient: Unknown item 'spartanweaponry:katana_copper', At ResourceLocation: JsonObject; At Ingredient: Unknown item 'spartanweaponry:katana_netherite', At ResourceLocation: JsonObject; At Ingredient: Unknown item 'spartanweaponry:katana_diamond', At ResourceLocation: JsonObject; At Ingredient: Unknown item 'spartanweaponry:katana_gold', At ResourceLocation: JsonObject; At Ingredient: Unknown item 'spartanweaponry:katana_iron', At ResourceLocation: JsonObject; At Ingredient: Unknown item 'spartanweaponry:katana_stone', At ResourceLocation: JsonObject; At Ingredient: Unknown item 'spartanweaponry:katana_wood', At ResourceLocation: JsonObject; At Ingredient: Unknown item 'spartanweaponry:longsword_lead', At ResourceLocation: JsonObject; At Ingredient: Unknown item 'spartanweaponry:longsword_nickel', At ResourceLocation: JsonObject; At Ingredient: Unknown item 'spartanweaponry:longsword_electrum', At ResourceLocation: JsonObject; At Ingredient: Unknown item 'spartanweaponry:longsword_platinum', At ResourceLocation: JsonObject; At Ingredient: Unknown item 'spartanweaponry:longsword_invar', At ResourceLocation: JsonObject; At Ingredient: Unknown item 'spartanweaponry:longsword_silver', At ResourceLocation: JsonObject; At Ingredient: Unknown item 'spartanweaponry:longsword_steel', At ResourceLocation: JsonObject; At Ingredient: Unknown item 'spartanweaponry:longsword_bronze', At ResourceLocation: JsonObject; At Ingredient: Unknown item 'spartanweaponry:longsword_tin', At ResourceLocation: JsonObject; At Ingredient: Unknown item 'spartanweaponry:longsword_copper', At ResourceLocation: JsonObject; At Ingredient: Unknown item 'spartanweaponry:longsword_netherite', At ResourceLocation: JsonObject; At Ingredient: Unknown item 'spartanweaponry:longsword_diamond', At ResourceLocation: JsonObject; At Ingredient: Unknown item 'spartanweaponry:longsword_gold', At ResourceLocation: JsonObject; At Ingredient: Unknown item 'spartanweaponry:longsword_iron', At ResourceLocation: JsonObject; At Ingredient: Unknown item 'spartanweaponry:longsword_stone', At ResourceLocation: JsonObject; At Ingredient: Unknown item 'spartanweaponry:longsword_wood', At ResourceLocation: JsonObject, At ResourceLocation: JsonObject
[20Dec2025 16:16:34.354] [main/WARN] [io.github.apace100.apoli.Apoli/]: Power "medievalorigins:gorgon/silver_aversion_iceandfire" will only be partially loaded: At Ingredient: Unknown item 'iceandfire:armor_silver_metal_boots', At ResourceLocation: JsonObject, At ResourceLocation: JsonObject; At Ingredient: Unknown item 'iceandfire:armor_silver_metal_leggings', At ResourceLocation: JsonObject, At ResourceLocation: JsonObject; At Ingredient: Unknown item 'iceandfire:armor_silver_metal_chestplate', At ResourceLocation: JsonObject, At ResourceLocation: JsonObject; At Ingredient: Unknown item 'iceandfire:armor_silver_metal_helmets', At ResourceLocation: JsonObject, At ResourceLocation: JsonObject
[20Dec2025 16:16:34.375] [main/WARN] [io.github.apace100.apoli.Apoli/]: Power "medievalorigins:paladin/weak_swords_spartanweaponry" will only be partially loaded: At Ingredient: Unknown item 'spartanweaponry:greatsword_lead', At ResourceLocation: JsonObject; At Ingredient: Unknown item 'spartanweaponry:greatsword_nickel', At ResourceLocation: JsonObject; At Ingredient: Unknown item 'spartanweaponry:greatsword_electrum', At ResourceLocation: JsonObject; At Ingredient: Unknown item 'spartanweaponry:greatsword_platinum', At ResourceLocation: JsonObject; At Ingredient: Unknown item 'spartanweaponry:greatsword_invar', At ResourceLocation: JsonObject; At Ingredient: Unknown item 'spartanweaponry:greatsword_silver', At ResourceLocation: JsonObject; At Ingredient: Unknown item 'spartanweaponry:greatsword_steel', At ResourceLocation: JsonObject; At Ingredient: Unknown item 'spartanweaponry:greatsword_bronze', At ResourceLocation: JsonObject; At Ingredient: Unknown item 'spartanweaponry:greatsword_tin', At ResourceLocation: JsonObject; At Ingredient: Unknown item 'spartanweaponry:greatsword_copper', At ResourceLocation: JsonObject; At Ingredient: Unknown item 'spartanweaponry:greatsword_netherite', At ResourceLocation: JsonObject; At Ingredient: Unknown item 'spartanweaponry:greatsword_diamond', At ResourceLocation: JsonObject; At Ingredient: Unknown item 'spartanweaponry:greatsword_gold', At ResourceLocation: JsonObject; At Ingredient: Unknown item 'spartanweaponry:greatsword_iron', At ResourceLocation: JsonObject; At Ingredient: Unknown item 'spartanweaponry:greatsword_stone', At ResourceLocation: JsonObject; At Ingredient: Unknown item 'spartanweaponry:greatsword_wood', At ResourceLocation: JsonObject; At Ingredient: Unknown item 'spartanweaponry:rapier_lead', At ResourceLocation: JsonObject; At Ingredient: Unknown item 'spartanweaponry:rapier_nickel', At ResourceLocation: JsonObject; At Ingredient: Unknown item 'spartanweaponry:rapier_electrum', At ResourceLocation: JsonObject; At Ingredient: Unknown item 'spartanweaponry:rapier_platinum', At ResourceLocation: JsonObject; At Ingredient: Unknown item 'spartanweaponry:rapier_invar', At ResourceLocation: JsonObject; At Ingredient: Unknown item 'spartanweaponry:rapier_silver', At ResourceLocation: JsonObject; At Ingredient: Unknown item 'spartanweaponry:rapier_steel', At ResourceLocation: JsonObject; At Ingredient: Unknown item 'spartanweaponry:rapier_bronze', At ResourceLocation: JsonObject; At Ingredient: Unknown item 'spartanweaponry:rapier_tin', At ResourceLocation: JsonObject; At Ingredient: Unknown item 'spartanweaponry:rapier_copper', At ResourceLocation: JsonObject; At Ingredient: Unknown item 'spartanweaponry:rapier_netherite', At ResourceLocation: JsonObject; At Ingredient: Unknown item 'spartanweaponry:rapier_diamond', At ResourceLocation: JsonObject; At Ingredient: Unknown item 'spartanweaponry:rapier_gold', At ResourceLocation: JsonObject; At Ingredient: Unknown item 'spartanweaponry:rapier_iron', At ResourceLocation: JsonObject; At Ingredient: Unknown item 'spartanweaponry:rapier_stone', At ResourceLocation: JsonObject; At Ingredient: Unknown item 'spartanweaponry:rapier_wood', At ResourceLocation: JsonObject; At Ingredient: Unknown item 'spartanweaponry:saber_lead', At ResourceLocation: JsonObject; At Ingredient: Unknown item 'spartanweaponry:saber_nickel', At ResourceLocation: JsonObject; At Ingredient: Unknown item 'spartanweaponry:saber_electrum', At ResourceLocation: JsonObject; At Ingredient: Unknown item 'spartanweaponry:saber_platinum', At ResourceLocation: JsonObject; At Ingredient: Unknown item 'spartanweaponry:saber_invar', At ResourceLocation: JsonObject; At Ingredient: Unknown item 'spartanweaponry:saber_silver', At ResourceLocation: JsonObject; At Ingredient: Unknown item 'spartanweaponry:saber_steel', At ResourceLocation: JsonObject; At Ingredient: Unknown item 'spartanweaponry:saber_bronze', At ResourceLocation: JsonObject; At Ingredient: Unknown item 'spartanweaponry:saber_tin', At ResourceLocation: JsonObject; At Ingredient: Unknown item 'spartanweaponry:saber_copper', At ResourceLocation: JsonObject; At Ingredient: Unknown item 'spartanweaponry:saber_netherite', At ResourceLocation: JsonObject; At Ingredient: Unknown item 'spartanweaponry:saber_diamond', At ResourceLocation: JsonObject; At Ingredient: Unknown item 'spartanweaponry:saber_gold', At ResourceLocation: JsonObject; At Ingredient: Unknown item 'spartanweaponry:saber_iron', At ResourceLocation: JsonObject; At Ingredient: Unknown item 'spartanweaponry:saber_stone', At ResourceLocation: JsonObject; At Ingredient: Unknown item 'spartanweaponry:saber_wood', At ResourceLocation: JsonObject; At Ingredient: Unknown item 'spartanweaponry:katana_lead', At ResourceLocation: JsonObject; At Ingredient: Unknown item 'spartanweaponry:katana_nickel', At ResourceLocation: JsonObject; At Ingredient: Unknown item 'spartanweaponry:katana_electrum', At ResourceLocation: JsonObject; At Ingredient: Unknown item 'spartanweaponry:katana_platinum', At ResourceLocation: JsonObject; At Ingredient: Unknown item 'spartanweaponry:katana_invar', At ResourceLocation: JsonObject; At Ingredient: Unknown item 'spartanweaponry:katana_silver', At ResourceLocation: JsonObject; At Ingredient: Unknown item 'spartanweaponry:katana_steel', At ResourceLocation: JsonObject; At Ingredient: Unknown item 'spartanweaponry:katana_bronze', At ResourceLocation: JsonObject; At Ingredient: Unknown item 'spartanweaponry:katana_tin', At ResourceLocation: JsonObject; At Ingredient: Unknown item 'spartanweaponry:katana_copper', At ResourceLocation: JsonObject; At Ingredient: Unknown item 'spartanweaponry:katana_netherite', At ResourceLocation: JsonObject; At Ingredient: Unknown item 'spartanweaponry:katana_diamond', At ResourceLocation: JsonObject; At Ingredient: Unknown item 'spartanweaponry:katana_gold', At ResourceLocation: JsonObject; At Ingredient: Unknown item 'spartanweaponry:katana_iron', At ResourceLocation: JsonObject; At Ingredient: Unknown item 'spartanweaponry:katana_stone', At ResourceLocation: JsonObject; At Ingredient: Unknown item 'spartanweaponry:katana_wood', At ResourceLocation: JsonObject; At Ingredient: Unknown item 'spartanweaponry:longsword_lead', At ResourceLocation: JsonObject; At Ingredient: Unknown item 'spartanweaponry:longsword_nickel', At ResourceLocation: JsonObject; At Ingredient: Unknown item 'spartanweaponry:longsword_electrum', At ResourceLocation: JsonObject; At Ingredient: Unknown item 'spartanweaponry:longsword_platinum', At ResourceLocation: JsonObject; At Ingredient: Unknown item 'spartanweaponry:longsword_invar', At ResourceLocation: JsonObject; At Ingredient: Unknown item 'spartanweaponry:longsword_silver', At ResourceLocation: JsonObject; At Ingredient: Unknown item 'spartanweaponry:longsword_steel', At ResourceLocation: JsonObject; At Ingredient: Unknown item 'spartanweaponry:longsword_bronze', At ResourceLocation: JsonObject; At Ingredient: Unknown item 'spartanweaponry:longsword_tin', At ResourceLocation: JsonObject; At Ingredient: Unknown item 'spartanweaponry:longsword_copper', At ResourceLocation: JsonObject; At Ingredient: Unknown item 'spartanweaponry:longsword_netherite', At ResourceLocation: JsonObject; At Ingredient: Unknown item 'spartanweaponry:longsword_diamond', At ResourceLocation: JsonObject; At Ingredient: Unknown item 'spartanweaponry:longsword_gold', At ResourceLocation: JsonObject; At Ingredient: Unknown item 'spartanweaponry:longsword_iron', At ResourceLocation: JsonObject; At Ingredient: Unknown item 'spartanweaponry:longsword_stone', At ResourceLocation: JsonObject; At Ingredient: Unknown item 'spartanweaponry:longsword_wood', At ResourceLocation: JsonObject, At ResourceLocation: JsonObject
[20Dec2025 16:16:34.376] [main/WARN] [io.github.apace100.apoli.Apoli/]: Power "strictly:skull_wand" will only be partially loaded: At Item: Identifier "orcz:skullwand" was not registered in registry "minecraft:item"., At ResourceLocation: JsonObject, At ResourceLocation: JsonObject
[20Dec2025 16:16:34.384] [main/WARN] [io.github.apace100.apoli.Apoli/]: Power "medievalorigins:goblin/greedy_dungeons_gear" will only be partially loaded: Failed to read fields: At Ingredient: Unknown item 'dungeons_gear:suns_grace', At ResourceLocation: JsonObject; At Ingredient: Unknown item 'dungeons_gear:firebrand', At ResourceLocation: JsonObject; At Ingredient: Unknown item 'dungeons_gear:gold_axe', At ResourceLocation: JsonObject; At Ingredient: Unknown item 'dungeons_gear:gold_sword', At ResourceLocation: JsonObject, At ResourceLocation: JsonObject
[20Dec2025 16:16:34.394] [main/WARN] [io.github.apace100.apoli.Apoli/]: Power "medievalorigins:knight/melee4ever_spartanweaponry" will only be partially loaded: At Ingredient: Unknown item 'spartanweaponry:boomerang_lead', At ResourceLocation: JsonObject; At Ingredient: Unknown item 'spartanweaponry:boomerang_nickel', At ResourceLocation: JsonObject; At Ingredient: Unknown item 'spartanweaponry:boomerang_electrum', At ResourceLocation: JsonObject; At Ingredient: Unknown item 'spartanweaponry:boomerang_platinum', At ResourceLocation: JsonObject; At Ingredient: Unknown item 'spartanweaponry:boomerang_invar', At ResourceLocation: JsonObject; At Ingredient: Unknown item 'spartanweaponry:boomerang_silver', At ResourceLocation: JsonObject; At Ingredient: Unknown item 'spartanweaponry:boomerang_steel', At ResourceLocation: JsonObject; At Ingredient: Unknown item 'spartanweaponry:boomerang_bronze', At ResourceLocation: JsonObject; At Ingredient: Unknown item 'spartanweaponry:boomerang_tin', At ResourceLocation: JsonObject; At Ingredient: Unknown item 'spartanweaponry:boomerang_copper', At ResourceLocation: JsonObject; At Ingredient: Unknown item 'spartanweaponry:boomerang_netherite', At ResourceLocation: JsonObject; At Ingredient: Unknown item 'spartanweaponry:boomerang_diamond', At ResourceLocation: JsonObject; At Ingredient: Unknown item 'spartanweaponry:boomerang_gold', At ResourceLocation: JsonObject; At Ingredient: Unknown item 'spartanweaponry:boomerang_iron', At ResourceLocation: JsonObject; At Ingredient: Unknown item 'spartanweaponry:boomerang_stone', At ResourceLocation: JsonObject; At Ingredient: Unknown item 'spartanweaponry:boomerang_wood', At ResourceLocation: JsonObject; At Ingredient: Unknown item 'spartanweaponry:heavy_crossbow_lead', At ResourceLocation: JsonObject; At Ingredient: Unknown item 'spartanweaponry:heavy_crossbow_nickel', At ResourceLocation: JsonObject; At Ingredient: Unknown item 'spartanweaponry:heavy_crossbow_electrum', At ResourceLocation: JsonObject; At Ingredient: Unknown item 'spartanweaponry:heavy_crossbow_platinum', At ResourceLocation: JsonObject; At Ingredient: Unknown item 'spartanweaponry:heavy_crossbow_invar', At ResourceLocation: JsonObject; At Ingredient: Unknown item 'spartanweaponry:heavy_crossbow_silver', At ResourceLocation: JsonObject; At Ingredient: Unknown item 'spartanweaponry:heavy_crossbow_steel', At ResourceLocation: JsonObject; At Ingredient: Unknown item 'spartanweaponry:heavy_crossbow_bronze', At ResourceLocation: JsonObject; At Ingredient: Unknown item 'spartanweaponry:heavy_crossbow_tin', At ResourceLocation: JsonObject; At Ingredient: Unknown item 'spartanweaponry:heavy_crossbow_copper', At ResourceLocation: JsonObject; At Ingredient: Unknown item 'spartanweaponry:heavy_crossbow_netherite', At ResourceLocation: JsonObject; At Ingredient: Unknown item 'spartanweaponry:heavy_crossbow_diamond', At ResourceLocation: JsonObject; At Ingredient: Unknown item 'spartanweaponry:heavy_crossbow_gold', At ResourceLocation: JsonObject; At Ingredient: Unknown item 'spartanweaponry:heavy_crossbow_iron', At ResourceLocation: JsonObject; At Ingredient: Unknown item 'spartanweaponry:heavy_crossbow_leather', At ResourceLocation: JsonObject; At Ingredient: Unknown item 'spartanweaponry:heavy_crossbow_wood', At ResourceLocation: JsonObject; At Ingredient: Unknown item 'spartanweaponry:longbow_lead', At ResourceLocation: JsonObject; At Ingredient: Unknown item 'spartanweaponry:longbow_nickel', At ResourceLocation: JsonObject; At Ingredient: Unknown item 'spartanweaponry:longbow_electrum', At ResourceLocation: JsonObject; At Ingredient: Unknown item 'spartanweaponry:longbow_platinum', At ResourceLocation: JsonObject; At Ingredient: Unknown item 'spartanweaponry:longbow_invar', At ResourceLocation: JsonObject; At Ingredient: Unknown item 'spartanweaponry:longbow_silver', At ResourceLocation: JsonObject; At Ingredient: Unknown item 'spartanweaponry:longbow_steel', At ResourceLocation: JsonObject; At Ingredient: Unknown item 'spartanweaponry:longbow_bronze', At ResourceLocation: JsonObject; At Ingredient: Unknown item 'spartanweaponry:longbow_tin', At ResourceLocation: JsonObject; At Ingredient: Unknown item 'spartanweaponry:longbow_copper', At ResourceLocation: JsonObject; At Ingredient: Unknown item 'spartanweaponry:longbow_netherite', At ResourceLocation: JsonObject; At Ingredient: Unknown item 'spartanweaponry:longbow_diamond', At ResourceLocation: JsonObject; At Ingredient: Unknown item 'spartanweaponry:longbow_gold', At ResourceLocation: JsonObject; At Ingredient: Unknown item 'spartanweaponry:longbow_iron', At ResourceLocation: JsonObject; At Ingredient: Unknown item 'spartanweaponry:longbow_leather', At ResourceLocation: JsonObject; At Ingredient: Unknown item 'spartanweaponry:longbow_wood', At ResourceLocation: JsonObject, At ResourceLocation: JsonObject
[20Dec2025 16:16:34.400] [main/WARN] [io.github.apace100.apoli.Apoli/]: Power "medievalorigins:werewolf/silver_aversion_werewolf_iceandfire" will only be partially loaded: At Ingredient: Unknown item 'iceandfire:armor_silver_metal_boots', At ResourceLocation: JsonObject, At ResourceLocation: JsonObject; At Ingredient: Unknown item 'iceandfire:armor_silver_metal_leggings', At ResourceLocation: JsonObject, At ResourceLocation: JsonObject; At Ingredient: Unknown item 'iceandfire:armor_silver_metal_chestplate', At ResourceLocation: JsonObject, At ResourceLocation: JsonObject; At Ingredient: Unknown item 'iceandfire:armor_silver_metal_helmets', At ResourceLocation: JsonObject, At ResourceLocation: JsonObject
[20Dec2025 16:16:34.415] [main/WARN] [io.github.apace100.apoli.Apoli/]: Power "medievalorigins:knight/skilled_swordsman_iceandfire" will only be partially loaded: At Ingredient: Unknown item 'iceandfire:ghost_sword', At ResourceLocation: JsonObject; At Ingredient: Unknown item 'iceandfire:dread_queen_sword', At ResourceLocation: JsonObject; At Ingredient: Unknown item 'iceandfire:dread_kinght_sword', At ResourceLocation: JsonObject; At Ingredient: Unknown item 'iceandfire:dread_sword', At ResourceLocation: JsonObject; At Ingredient: Unknown item 'iceandfire:dragonsteel_lightning_sword', At ResourceLocation: JsonObject; At Ingredient: Unknown item 'iceandfire:dragonsteel_ice_sword', At ResourceLocation: JsonObject; At Ingredient: Unknown item 'iceandfire:dragonsteel_fire_sword', At ResourceLocation: JsonObject; At Ingredient: Unknown item 'iceandfire:myrmex_jungle_sword_venom', At ResourceLocation: JsonObject; At Ingredient: Unknown item 'iceandfire:myrmex_jungle_sword', At ResourceLocation: JsonObject; At Ingredient: Unknown item 'iceandfire:myrmex_desert_sword_venom', At ResourceLocation: JsonObject; At Ingredient: Unknown item 'iceandfire:myrmex_desert_sword', At ResourceLocation: JsonObject; At Ingredient: Unknown item 'iceandfire:hippogryph_sword', At ResourceLocation: JsonObject; At Ingredient: Unknown item 'iceandfire:dragonbone_sword_ice', At ResourceLocation: JsonObject; At Ingredient: Unknown item 'iceandfire:dragonbone_sword_fire', At ResourceLocation: JsonObject; At Ingredient: Unknown item 'iceandfire:dragonbone_sword', At ResourceLocation: JsonObject; At Ingredient: Unknown item 'iceandfire:copper_sword', At ResourceLocation: JsonObject; At Ingredient: Unknown item 'iceandfire:silver_sword', At ResourceLocation: JsonObject, At ResourceLocation: JsonObject
[20Dec2025 16:16:34.423] [main/WARN] [io.github.apace100.apoli.Apoli/]: Power "medievalorigins:paladin/holy_instruments_iceandfire" will only be partially loaded: At Ingredient: Unknown item 'iceandfire:troll_weapon_axe', At ResourceLocation: JsonObject; At Ingredient: Unknown item 'iceandfire:dragonsteel_lightning_axe', At ResourceLocation: JsonObject; At Ingredient: Unknown item 'iceandfire:dragonsteel_cold_axe', At ResourceLocation: JsonObject; At Ingredient: Unknown item 'iceandfire:dragonsteel_fire_axe', At ResourceLocation: JsonObject; At Ingredient: Unknown item 'iceandfire:myrmex_jungle_axe', At ResourceLocation: JsonObject; At Ingredient: Unknown item 'iceandfire:myrmex_desert_axe', At ResourceLocation: JsonObject; At Ingredient: Unknown item 'iceandfire:dragonbone_axe', At ResourceLocation: JsonObject; At Ingredient: Unknown item 'iceandfire:copper_axe', At ResourceLocation: JsonObject; At Ingredient: Unknown item 'iceandfire:silver_axe', At ResourceLocation: JsonObject, At ResourceLocation: JsonObject
[20Dec2025 16:16:34.439] [main/WARN] [io.github.apace100.apoli.Apoli/]: Power "medievalorigins:paladin/holy_instruments_spartanweaponry" will only be partially loaded: At Ingredient: Unknown item 'spartanweaponry:battleaxe_lead', At ResourceLocation: JsonObject; At Ingredient: Unknown item 'spartanweaponry:battleaxe_nickel', At ResourceLocation: JsonObject; At Ingredient: Unknown item 'spartanweaponry:battleaxe_electrum', At ResourceLocation: JsonObject; At Ingredient: Unknown item 'spartanweaponry:battleaxe_platinum', At ResourceLocation: JsonObject; At Ingredient: Unknown item 'spartanweaponry:battleaxe_invar', At ResourceLocation: JsonObject; At Ingredient: Unknown item 'spartanweaponry:battleaxe_silver', At ResourceLocation: JsonObject; At Ingredient: Unknown item 'spartanweaponry:battleaxe_steel', At ResourceLocation: JsonObject; At Ingredient: Unknown item 'spartanweaponry:battleaxe_bronze', At ResourceLocation: JsonObject; At Ingredient: Unknown item 'spartanweaponry:battleaxe_tin', At ResourceLocation: JsonObject; At Ingredient: Unknown item 'spartanweaponry:battleaxe_copper', At ResourceLocation: JsonObject; At Ingredient: Unknown item 'spartanweaponry:battleaxe_netherite', At ResourceLocation: JsonObject; At Ingredient: Unknown item 'spartanweaponry:battleaxe_diamond', At ResourceLocation: JsonObject; At Ingredient: Unknown item 'spartanweaponry:battleaxe_gold', At ResourceLocation: JsonObject; At Ingredient: Unknown item 'spartanweaponry:battleaxe_iron', At ResourceLocation: JsonObject; At Ingredient: Unknown item 'spartanweaponry:battleaxe_stone', At ResourceLocation: JsonObject; At Ingredient: Unknown item 'spartanweaponry:battleaxe_wood', At ResourceLocation: JsonObject; At Ingredient: Unknown item 'spartanweaponry:tomahawk_lead', At ResourceLocation: JsonObject; At Ingredient: Unknown item 'spartanweaponry:tomahawk_nickel', At ResourceLocation: JsonObject; At Ingredient: Unknown item 'spartanweaponry:tomahawk_electrum', At ResourceLocation: JsonObject; At Ingredient: Unknown item 'spartanweaponry:tomahawk_platinum', At ResourceLocation: JsonObject; At Ingredient: Unknown item 'spartanweaponry:tomahawk_invar', At ResourceLocation: JsonObject; At Ingredient: Unknown item 'spartanweaponry:tomahawk_silver', At ResourceLocation: JsonObject; At Ingredient: Unknown item 'spartanweaponry:tomahawk_steel', At ResourceLocation: JsonObject; At Ingredient: Unknown item 'spartanweaponry:tomahawk_bronze', At ResourceLocation: JsonObject; At Ingredient: Unknown item 'spartanweaponry:tomahawk_tin', At ResourceLocation: JsonObject; At Ingredient: Unknown item 'spartanweaponry:tomahawk_copper', At ResourceLocation: JsonObject; At Ingredient: Unknown item 'spartanweaponry:tomahawk_netherite', At ResourceLocation: JsonObject; At Ingredient: Unknown item 'spartanweaponry:tomahawk_diamond', At ResourceLocation: JsonObject; At Ingredient: Unknown item 'spartanweaponry:tomahawk_gold', At ResourceLocation: JsonObject; At Ingredient: Unknown item 'spartanweaponry:tomahawk_iron', At ResourceLocation: JsonObject; At Ingredient: Unknown item 'spartanweaponry:tomahawk_stone', At ResourceLocation: JsonObject; At Ingredient: Unknown item 'spartanweaponry:tomahawk_wood', At ResourceLocation: JsonObject; At Ingredient: Unknown item 'spartanweaponry:halberd_lead', At ResourceLocation: JsonObject; At Ingredient: Unknown item 'spartanweaponry:halberd_nickel', At ResourceLocation: JsonObject; At Ingredient: Unknown item 'spartanweaponry:halberd_electrum', At ResourceLocation: JsonObject; At Ingredient: Unknown item 'spartanweaponry:halberd_platinum', At ResourceLocation: JsonObject; At Ingredient: Unknown item 'spartanweaponry:halberd_invar', At ResourceLocation: JsonObject; At Ingredient: Unknown item 'spartanweaponry:halberd_silver', At ResourceLocation: JsonObject; At Ingredient: Unknown item 'spartanweaponry:halberd_steel', At ResourceLocation: JsonObject; At Ingredient: Unknown item 'spartanweaponry:halberd_bronze', At ResourceLocation: JsonObject; At Ingredient: Unknown item 'spartanweaponry:halberd_tin', At ResourceLocation: JsonObject; At Ingredient: Unknown item 'spartanweaponry:halberd_copper', At ResourceLocation: JsonObject; At Ingredient: Unknown item 'spartanweaponry:halberd_netherite', At ResourceLocation: JsonObject; At Ingredient: Unknown item 'spartanweaponry:halberd_diamond', At ResourceLocation: JsonObject; At Ingredient: Unknown item 'spartanweaponry:halberd_gold', At ResourceLocation: JsonObject; At Ingredient: Unknown item 'spartanweaponry:halberd_iron', At ResourceLocation: JsonObject; At Ingredient: Unknown item 'spartanweaponry:halberd_stone', At ResourceLocation: JsonObject; At Ingredient: Unknown item 'spartanweaponry:halberd_wood', At ResourceLocation: JsonObject, At ResourceLocation: JsonObject
[20Dec2025 16:16:34.517] [main/WARN] [io.github.apace100.apoli.Apoli/]: Power "arkwys:woodelf/weak_melee_spartanweaponry" will only be partially loaded: At Ingredient: Unknown item 'spartanweaponry:greatsword_lead', At ResourceLocation: JsonObject; At Ingredient: Unknown item 'spartanweaponry:greatsword_nickel', At ResourceLocation: JsonObject; At Ingredient: Unknown item 'spartanweaponry:greatsword_electrum', At ResourceLocation: JsonObject; At Ingredient: Unknown item 'spartanweaponry:greatsword_platinum', At ResourceLocation: JsonObject; At Ingredient: Unknown item 'spartanweaponry:greatsword_invar', At ResourceLocation: JsonObject; At Ingredient: Unknown item 'spartanweaponry:greatsword_silver', At ResourceLocation: JsonObject; At Ingredient: Unknown item 'spartanweaponry:greatsword_steel', At ResourceLocation: JsonObject; At Ingredient: Unknown item 'spartanweaponry:greatsword_bronze', At ResourceLocation: JsonObject; At Ingredient: Unknown item 'spartanweaponry:greatsword_tin', At ResourceLocation: JsonObject; At Ingredient: Unknown item 'spartanweaponry:greatsword_copper', At ResourceLocation: JsonObject; At Ingredient: Unknown item 'spartanweaponry:greatsword_netherite', At ResourceLocation: JsonObject; At Ingredient: Unknown item 'spartanweaponry:greatsword_diamond', At ResourceLocation: JsonObject; At Ingredient: Unknown item 'spartanweaponry:greatsword_gold', At ResourceLocation: JsonObject; At Ingredient: Unknown item 'spartanweaponry:greatsword_iron', At ResourceLocation: JsonObject; At Ingredient: Unknown item 'spartanweaponry:greatsword_stone', At ResourceLocation: JsonObject; At Ingredient: Unknown item 'spartanweaponry:greatsword_wood', At ResourceLocation: JsonObject; At Ingredient: Unknown item 'spartanweaponry:rapier_lead', At ResourceLocation: JsonObject; At Ingredient: Unknown item 'spartanweaponry:rapier_nickel', At ResourceLocation: JsonObject; At Ingredient: Unknown item 'spartanweaponry:rapier_electrum', At ResourceLocation: JsonObject; At Ingredient: Unknown item 'spartanweaponry:rapier_platinum', At ResourceLocation: JsonObject; At Ingredient: Unknown item 'spartanweaponry:rapier_invar', At ResourceLocation: JsonObject; At Ingredient: Unknown item 'spartanweaponry:rapier_silver', At ResourceLocation: JsonObject; At Ingredient: Unknown item 'spartanweaponry:rapier_steel', At ResourceLocation: JsonObject; At Ingredient: Unknown item 'spartanweaponry:rapier_bronze', At ResourceLocation: JsonObject; At Ingredient: Unknown item 'spartanweaponry:rapier_tin', At ResourceLocation: JsonObject; At Ingredient: Unknown item 'spartanweaponry:rapier_copper', At ResourceLocation: JsonObject; At Ingredient: Unknown item 'spartanweaponry:rapier_netherite', At ResourceLocation: JsonObject; At Ingredient: Unknown item 'spartanweaponry:rapier_diamond', At ResourceLocation: JsonObject; At Ingredient: Unknown item 'spartanweaponry:rapier_gold', At ResourceLocation: JsonObject; At Ingredient: Unknown item 'spartanweaponry:rapier_iron', At ResourceLocation: JsonObject; At Ingredient: Unknown item 'spartanweaponry:rapier_stone', At ResourceLocation: JsonObject; At Ingredient: Unknown item 'spartanweaponry:rapier_wood', At ResourceLocation: JsonObject; At Ingredient: Unknown item 'spartanweaponry:saber_lead', At ResourceLocation: JsonObject; At Ingredient: Unknown item 'spartanweaponry:saber_nickel', At ResourceLocation: JsonObject; At Ingredient: Unknown item 'spartanweaponry:saber_electrum', At ResourceLocation: JsonObject; At Ingredient: Unknown item 'spartanweaponry:saber_platinum', At ResourceLocation: JsonObject; At Ingredient: Unknown item 'spartanweaponry:saber_invar', At ResourceLocation: JsonObject; At Ingredient: Unknown item 'spartanweaponry:saber_silver', At ResourceLocation: JsonObject; At Ingredient: Unknown item 'spartanweaponry:saber_steel', At ResourceLocation: JsonObject; At Ingredient: Unknown item 'spartanweaponry:saber_bronze', At ResourceLocation: JsonObject; At Ingredient: Unknown item 'spartanweaponry:saber_tin', At ResourceLocation: JsonObject; At Ingredient: Unknown item 'spartanweaponry:saber_copper', At ResourceLocation: JsonObject; At Ingredient: Unknown item 'spartanweaponry:saber_netherite', At ResourceLocation: JsonObject; At Ingredient: Unknown item 'spartanweaponry:saber_diamond', At ResourceLocation: JsonObject; At Ingredient: Unknown item 'spartanweaponry:saber_gold', At ResourceLocation: JsonObject; At Ingredient: Unknown item 'spartanweaponry:saber_iron', At ResourceLocation: JsonObject; At Ingredient: Unknown item 'spartanweaponry:saber_stone', At ResourceLocation: JsonObject; At Ingredient: Unknown item 'spartanweaponry:saber_wood', At ResourceLocation: JsonObject; At Ingredient: Unknown item 'spartanweaponry:katana_lead', At ResourceLocation: JsonObject; At Ingredient: Unknown item 'spartanweaponry:katana_nickel', At ResourceLocation: JsonObject; At Ingredient: Unknown item 'spartanweaponry:katana_electrum', At ResourceLocation: JsonObject; At Ingredient: Unknown item 'spartanweaponry:katana_platinum', At ResourceLocation: JsonObject; At Ingredient: Unknown item 'spartanweaponry:katana_invar', At ResourceLocation: JsonObject; At Ingredient: Unknown item 'spartanweaponry:katana_silver', At ResourceLocation: JsonObject; At Ingredient: Unknown item 'spartanweaponry:katana_steel', At ResourceLocation: JsonObject; At Ingredient: Unknown item 'spartanweaponry:katana_bronze', At ResourceLocation: JsonObject; At Ingredient: Unknown item 'spartanweaponry:katana_tin', At ResourceLocation: JsonObject; At Ingredient: Unknown item 'spartanweaponry:katana_copper', At ResourceLocation: JsonObject; At Ingredient: Unknown item 'spartanweaponry:katana_netherite', At ResourceLocation: JsonObject; At Ingredient: Unknown item 'spartanweaponry:katana_diamond', At ResourceLocation: JsonObject; At Ingredient: Unknown item 'spartanweaponry:katana_gold', At ResourceLocation: JsonObject; At Ingredient: Unknown item 'spartanweaponry:katana_iron', At ResourceLocation: JsonObject; At Ingredient: Unknown item 'spartanweaponry:katana_stone', At ResourceLocation: JsonObject; At Ingredient: Unknown item 'spartanweaponry:katana_wood', At ResourceLocation: JsonObject; At Ingredient: Unknown item 'spartanweaponry:longsword_lead', At ResourceLocation: JsonObject; At Ingredient: Unknown item 'spartanweaponry:longsword_nickel', At ResourceLocation: JsonObject; At Ingredient: Unknown item 'spartanweaponry:longsword_electrum', At ResourceLocation: JsonObject; At Ingredient: Unknown item 'spartanweaponry:longsword_platinum', At ResourceLocation: JsonObject; At Ingredient: Unknown item 'spartanweaponry:longsword_invar', At ResourceLocation: JsonObject; At Ingredient: Unknown item 'spartanweaponry:longsword_silver', At ResourceLocation: JsonObject; At Ingredient: Unknown item 'spartanweaponry:longsword_steel', At ResourceLocation: JsonObject; At Ingredient: Unknown item 'spartanweaponry:longsword_bronze', At ResourceLocation: JsonObject; At Ingredient: Unknown item 'spartanweaponry:longsword_tin', At ResourceLocation: JsonObject; At Ingredient: Unknown item 'spartanweaponry:longsword_copper', At ResourceLocation: JsonObject; At Ingredient: Unknown item 'spartanweaponry:longsword_netherite', At ResourceLocation: JsonObject; At Ingredient: Unknown item 'spartanweaponry:longsword_diamond', At ResourceLocation: JsonObject; At Ingredient: Unknown item 'spartanweaponry:longsword_gold', At ResourceLocation: JsonObject; At Ingredient: Unknown item 'spartanweaponry:longsword_iron', At ResourceLocation: JsonObject; At Ingredient: Unknown item 'spartanweaponry:longsword_stone', At ResourceLocation: JsonObject; At Ingredient: Unknown item 'spartanweaponry:longsword_wood', At ResourceLocation: JsonObject; At Ingredient: Unknown item 'spartanweaponry:quarterstaff_lead', At ResourceLocation: JsonObject; At Ingredient: Unknown item 'spartanweaponry:quarterstaff_nickel', At ResourceLocation: JsonObject; At Ingredient: Unknown item 'spartanweaponry:quarterstaff_electrum', At ResourceLocation: JsonObject; At Ingredient: Unknown item 'spartanweaponry:quarterstaff_platinum', At ResourceLocation: JsonObject; At Ingredient: Unknown item 'spartanweaponry:quarterstaff_invar', At ResourceLocation: JsonObject; At Ingredient: Unknown item 'spartanweaponry:quarterstaff_silver', At ResourceLocation: JsonObject; At Ingredient: Unknown item 'spartanweaponry:quarterstaff_steel', At ResourceLocation: JsonObject; At Ingredient: Unknown item 'spartanweaponry:quarterstaff_bronze', At ResourceLocation: JsonObject; At Ingredient: Unknown item 'spartanweaponry:quarterstaff_tin', At ResourceLocation: JsonObject; At Ingredient: Unknown item 'spartanweaponry:quarterstaff_copper', At ResourceLocation: JsonObject; At Ingredient: Unknown item 'spartanweaponry:quarterstaff_netherite', At ResourceLocation: JsonObject; At Ingredient: Unknown item 'spartanweaponry:quarterstaff_diamond', At ResourceLocation: JsonObject; At Ingredient: Unknown item 'spartanweaponry:quarterstaff_gold', At ResourceLocation: JsonObject; At Ingredient: Unknown item 'spartanweaponry:quarterstaff_iron', At ResourceLocation: JsonObject; At Ingredient: Unknown item 'spartanweaponry:quarterstaff_stone', At ResourceLocation: JsonObject; At Ingredient: Unknown item 'spartanweaponry:quarterstaff_wood', At ResourceLocation: JsonObject; At Ingredient: Unknown item 'spartanweaponry:glaive_lead', At ResourceLocation: JsonObject; At Ingredient: Unknown item 'spartanweaponry:glaive_nickel', At ResourceLocation: JsonObject; At Ingredient: Unknown item 'spartanweaponry:glaive_electrum', At ResourceLocation: JsonObject; At Ingredient: Unknown item 'spartanweaponry:glaive_platinum', At ResourceLocation: JsonObject; At Ingredient: Unknown item 'spartanweaponry:glaive_invar', At ResourceLocation: JsonObject; At Ingredient: Unknown item 'spartanweaponry:glaive_silver', At ResourceLocation: JsonObject; At Ingredient: Unknown item 'spartanweaponry:glaive_steel', At ResourceLocation: JsonObject; At Ingredient: Unknown item 'spartanweaponry:glaive_bronze', At ResourceLocation: JsonObject; At Ingredient: Unknown item 'spartanweaponry:glaive_tin', At ResourceLocation: JsonObject; At Ingredient: Unknown item 'spartanweaponry:glaive_copper', At ResourceLocation: JsonObject; At Ingredient: Unknown item 'spartanweaponry:glaive_netherite', At ResourceLocation: JsonObject; At Ingredient: Unknown item 'spartanweaponry:glaive_diamond', At ResourceLocation: JsonObject; At Ingredient: Unknown item 'spartanweaponry:glaive_gold', At ResourceLocation: JsonObject; At Ingredient: Unknown item 'spartanweaponry:glaive_iron', At ResourceLocation: JsonObject; At Ingredient: Unknown item 'spartanweaponry:glaive_stone', At ResourceLocation: JsonObject; At Ingredient: Unknown item 'spartanweaponry:glaive_wood', At ResourceLocation: JsonObject; At Ingredient: Unknown item 'spartanweaponry:flanged_mace_lead', At ResourceLocation: JsonObject; At Ingredient: Unknown item 'spartanweaponry:flanged_mace_nickel', At ResourceLocation: JsonObject; At Ingredient: Unknown item 'spartanweaponry:flanged_mace_electrum', At ResourceLocation: JsonObject; At Ingredient: Unknown item 'spartanweaponry:flanged_mace_platinum', At ResourceLocation: JsonObject; At Ingredient: Unknown item 'spartanweaponry:flanged_mace_invar', At ResourceLocation: JsonObject; At Ingredient: Unknown item 'spartanweaponry:flanged_mace_silver', At ResourceLocation: JsonObject; At Ingredient: Unknown item 'spartanweaponry:flanged_mace_steel', At ResourceLocation: JsonObject; At Ingredient: Unknown item 'spartanweaponry:flanged_mace_bronze', At ResourceLocation: JsonObject; At Ingredient: Unknown item 'spartanweaponry:flanged_mace_tin', At ResourceLocation: JsonObject; At Ingredient: Unknown item 'spartanweaponry:flanged_mace_copper', At ResourceLocation: JsonObject; At Ingredient: Unknown item 'spartanweaponry:flanged_mace_netherite', At ResourceLocation: JsonObject; At Ingredient: Unknown item 'spartanweaponry:flanged_mace_diamond', At ResourceLocation: JsonObject; At Ingredient: Unknown item 'spartanweaponry:flanged_mace_gold', At ResourceLocation: JsonObject; At Ingredient: Unknown item 'spartanweaponry:flanged_mace_iron', At ResourceLocation: JsonObject; At Ingredient: Unknown item 'spartanweaponry:flanged_mace_stone', At ResourceLocation: JsonObject; At Ingredient: Unknown item 'spartanweaponry:flanged_mace_wood', At ResourceLocation: JsonObject; At Ingredient: Unknown item 'spartanweaponry:battleaxe_lead', At ResourceLocation: JsonObject; At Ingredient: Unknown item 'spartanweaponry:battleaxe_nickel', At ResourceLocation: JsonObject; At Ingredient: Unknown item 'spartanweaponry:battleaxe_electrum', At ResourceLocation: JsonObject; At Ingredient: Unknown item 'spartanweaponry:battleaxe_platinum', At ResourceLocation: JsonObject; At Ingredient: Unknown item 'spartanweaponry:battleaxe_invar', At ResourceLocation: JsonObject; At Ingredient: Unknown item 'spartanweaponry:battleaxe_silver', At ResourceLocation: JsonObject; At Ingredient: Unknown item 'spartanweaponry:battleaxe_steel', At ResourceLocation: JsonObject; At Ingredient: Unknown item 'spartanweaponry:battleaxe_bronze', At ResourceLocation: JsonObject; At Ingredient: Unknown item 'spartanweaponry:battleaxe_tin', At ResourceLocation: JsonObject; At Ingredient: Unknown item 'spartanweaponry:battleaxe_copper', At ResourceLocation: JsonObject; At Ingredient: Unknown item 'spartanweaponry:battleaxe_netherite', At ResourceLocation: JsonObject; At Ingredient: Unknown item 'spartanweaponry:battleaxe_diamond', At ResourceLocation: JsonObject; At Ingredient: Unknown item 'spartanweaponry:battleaxe_gold', At ResourceLocation: JsonObject; At Ingredient: Unknown item 'spartanweaponry:battleaxe_iron', At ResourceLocation: JsonObject; At Ingredient: Unknown item 'spartanweaponry:battleaxe_stone', At ResourceLocation: JsonObject; At Ingredient: Unknown item 'spartanweaponry:battleaxe_wood', At ResourceLocation: JsonObject; At Ingredient: Unknown item 'spartanweaponry:javelin_lead', At ResourceLocation: JsonObject; At Ingredient: Unknown item 'spartanweaponry:javelin_nickel', At ResourceLocation: JsonObject; At Ingredient: Unknown item 'spartanweaponry:javelin_electrum', At ResourceLocation: JsonObject; At Ingredient: Unknown item 'spartanweaponry:javelin_platinum', At ResourceLocation: JsonObject; At Ingredient: Unknown item 'spartanweaponry:javelin_invar', At ResourceLocation: JsonObject; At Ingredient: Unknown item 'spartanweaponry:javelin_silver', At ResourceLocation: JsonObject; At Ingredient: Unknown item 'spartanweaponry:javelin_steel', At ResourceLocation: JsonObject; At Ingredient: Unknown item 'spartanweaponry:javelin_bronze', At ResourceLocation: JsonObject; At Ingredient: Unknown item 'spartanweaponry:javelin_tin', At ResourceLocation: JsonObject; At Ingredient: Unknown item 'spartanweaponry:javelin_copper', At ResourceLocation: JsonObject; At Ingredient: Unknown item 'spartanweaponry:javelin_netherite', At ResourceLocation: JsonObject; At Ingredient: Unknown item 'spartanweaponry:javelin_diamond', At ResourceLocation: JsonObject; At Ingredient: Unknown item 'spartanweaponry:javelin_gold', At ResourceLocation: JsonObject; At Ingredient: Unknown item 'spartanweaponry:javelin_iron', At ResourceLocation: JsonObject; At Ingredient: Unknown item 'spartanweaponry:javelin_stone', At ResourceLocation: JsonObject; At Ingredient: Unknown item 'spartanweaponry:javelin_wood', At ResourceLocation: JsonObject; At Ingredient: Unknown item 'spartanweaponry:tomahawk_lead', At ResourceLocation: JsonObject; At Ingredient: Unknown item 'spartanweaponry:tomahawk_nickel', At ResourceLocation: JsonObject; At Ingredient: Unknown item 'spartanweaponry:tomahawk_electrum', At ResourceLocation: JsonObject; At Ingredient: Unknown item 'spartanweaponry:tomahawk_platinum', At ResourceLocation: JsonObject; At Ingredient: Unknown item 'spartanweaponry:tomahawk_invar', At ResourceLocation: JsonObject; At Ingredient: Unknown item 'spartanweaponry:tomahawk_silver', At ResourceLocation: JsonObject; At Ingredient: Unknown item 'spartanweaponry:tomahawk_steel', At ResourceLocation: JsonObject; At Ingredient: Unknown item 'spartanweaponry:tomahawk_bronze', At ResourceLocation: JsonObject; At Ingredient: Unknown item 'spartanweaponry:tomahawk_tin', At ResourceLocation: JsonObject; At Ingredient: Unknown item 'spartanweaponry:tomahawk_copper', At ResourceLocation: JsonObject; At Ingredient: Unknown item 'spartanweaponry:tomahawk_netherite', At ResourceLocation: JsonObject; At Ingredient: Unknown item 'spartanweaponry:tomahawk_diamond', At ResourceLocation: JsonObject; At Ingredient: Unknown item 'spartanweaponry:tomahawk_gold', At ResourceLocation: JsonObject; At Ingredient: Unknown item 'spartanweaponry:tomahawk_iron', At ResourceLocation: JsonObject; At Ingredient: Unknown item 'spartanweaponry:tomahawk_stone', At ResourceLocation: JsonObject; At Ingredient: Unknown item 'spartanweaponry:tomahawk_wood', At ResourceLocation: JsonObject; At Ingredient: Unknown item 'spartanweaponry:throwing_knife_lead', At ResourceLocation: JsonObject; At Ingredient: Unknown item 'spartanweaponry:throwing_knife_nickel', At ResourceLocation: JsonObject; At Ingredient: Unknown item 'spartanweaponry:throwing_knife_electrum', At ResourceLocation: JsonObject; At Ingredient: Unknown item 'spartanweaponry:throwing_knife_platinum', At ResourceLocation: JsonObject; At Ingredient: Unknown item 'spartanweaponry:throwing_knife_invar', At ResourceLocation: JsonObject; At Ingredient: Unknown item 'spartanweaponry:throwing_knife_silver', At ResourceLocation: JsonObject; At Ingredient: Unknown item 'spartanweaponry:throwing_knife_steel', At ResourceLocation: JsonObject; At Ingredient: Unknown item 'spartanweaponry:throwing_knife_bronze', At ResourceLocation: JsonObject; At Ingredient: Unknown item 'spartanweaponry:throwing_knife_tin', At ResourceLocation: JsonObject; At Ingredient: Unknown item 'spartanweaponry:throwing_knife_copper', At ResourceLocation: JsonObject; At Ingredient: Unknown item 'spartanweaponry:throwing_knife_netherite', At ResourceLocation: JsonObject; At Ingredient: Unknown item 'spartanweaponry:throwing_knife_diamond', At ResourceLocation: JsonObject; At Ingredient: Unknown item 'spartanweaponry:throwing_knife_gold', At ResourceLocation: JsonObject; At Ingredient: Unknown item 'spartanweaponry:throwing_knife_iron', At ResourceLocation: JsonObject; At Ingredient: Unknown item 'spartanweaponry:throwing_knife_stone', At ResourceLocation: JsonObject; At Ingredient: Unknown item 'spartanweaponry:throwing_knife_wood', At ResourceLocation: JsonObject; At Ingredient: Unknown item 'spartanweaponry:lance_lead', At ResourceLocation: JsonObject; At Ingredient: Unknown item 'spartanweaponry:lance_nickel', At ResourceLocation: JsonObject; At Ingredient: Unknown item 'spartanweaponry:lance_electrum', At ResourceLocation: JsonObject; At Ingredient: Unknown item 'spartanweaponry:lance_platinum', At ResourceLocation: JsonObject; At Ingredient: Unknown item 'spartanweaponry:lance_invar', At ResourceLocation: JsonObject; At Ingredient: Unknown item 'spartanweaponry:lance_silver', At ResourceLocation: JsonObject; At Ingredient: Unknown item 'spartanweaponry:lance_steel', At ResourceLocation: JsonObject; At Ingredient: Unknown item 'spartanweaponry:lance_bronze', At ResourceLocation: JsonObject; At Ingredient: Unknown item 'spartanweaponry:lance_tin', At ResourceLocation: JsonObject; At Ingredient: Unknown item 'spartanweaponry:lance_copper', At ResourceLocation: JsonObject; At Ingredient: Unknown item 'spartanweaponry:lance_netherite', At ResourceLocation: JsonObject; At Ingredient: Unknown item 'spartanweaponry:lance_diamond', At ResourceLocation: JsonObject; At Ingredient: Unknown item 'spartanweaponry:lance_gold', At ResourceLocation: JsonObject; At Ingredient: Unknown item 'spartanweaponry:lance_iron', At ResourceLocation: JsonObject; At Ingredient: Unknown item 'spartanweaponry:lance_stone', At ResourceLocation: JsonObject; At Ingredient: Unknown item 'spartanweaponry:lance_wood', At ResourceLocation: JsonObject; At Ingredient: Unknown item 'spartanweaponry:pike_lead', At ResourceLocation: JsonObject; At Ingredient: Unknown item 'spartanweaponry:pike_nickel', At ResourceLocation: JsonObject; At Ingredient: Unknown item 'spartanweaponry:pike_electrum', At ResourceLocation: JsonObject; At Ingredient: Unknown item 'spartanweaponry:pike_platinum', At ResourceLocation: JsonObject; At Ingredient: Unknown item 'spartanweaponry:pike_invar', At ResourceLocation: JsonObject; At Ingredient: Unknown item 'spartanweaponry:pike_silver', At ResourceLocation: JsonObject; At Ingredient: Unknown item 'spartanweaponry:pike_steel', At ResourceLocation: JsonObject; At Ingredient: Unknown item 'spartanweaponry:pike_bronze', At ResourceLocation: JsonObject; At Ingredient: Unknown item 'spartanweaponry:pike_tin', At ResourceLocation: JsonObject; At Ingredient: Unknown item 'spartanweaponry:pike_copper', At ResourceLocation: JsonObject; At Ingredient: Unknown item 'spartanweaponry:pike_netherite', At ResourceLocation: JsonObject; At Ingredient: Unknown item 'spartanweaponry:pike_diamond', At ResourceLocation: JsonObject; At Ingredient: Unknown item 'spartanweaponry:pike_gold', At ResourceLocation: JsonObject; At Ingredient: Unknown item 'spartanweaponry:pike_iron', At ResourceLocation: JsonObject; At Ingredient: Unknown item 'spartanweaponry:pike_stone', At ResourceLocation: JsonObject; At Ingredient: Unknown item 'spartanweaponry:pike_wood', At ResourceLocation: JsonObject; At Ingredient: Unknown item 'spartanweaponry:halberd_lead', At ResourceLocation: JsonObject; At Ingredient: Unknown item 'spartanweaponry:halberd_nickel', At ResourceLocation: JsonObject; At Ingredient: Unknown item 'spartanweaponry:halberd_electrum', At ResourceLocation: JsonObject; At Ingredient: Unknown item 'spartanweaponry:halberd_platinum', At ResourceLocation: JsonObject; At Ingredient: Unknown item 'spartanweaponry:halberd_invar', At ResourceLocation: JsonObject; At Ingredient: Unknown item 'spartanweaponry:halberd_silver', At ResourceLocation: JsonObject; At Ingredient: Unknown item 'spartanweaponry:halberd_steel', At ResourceLocation: JsonObject; At Ingredient: Unknown item 'spartanweaponry:halberd_bronze', At ResourceLocation: JsonObject; At Ingredient: Unknown item 'spartanweaponry:halberd_tin', At ResourceLocation: JsonObject; At Ingredient: Unknown item 'spartanweaponry:halberd_copper', At ResourceLocation: JsonObject; At Ingredient: Unknown item 'spartanweaponry:halberd_netherite', At ResourceLocation: JsonObject; At Ingredient: Unknown item 'spartanweaponry:halberd_diamond', At ResourceLocation: JsonObject; At Ingredient: Unknown item 'spartanweaponry:halberd_gold', At ResourceLocation: JsonObject; At Ingredient: Unknown item 'spartanweaponry:halberd_iron', At ResourceLocation: JsonObject; At Ingredient: Unknown item 'spartanweaponry:halberd_stone', At ResourceLocation: JsonObject; At Ingredient: Unknown item 'spartanweaponry:halberd_wood', At ResourceLocation: JsonObject; At Ingredient: Unknown item 'spartanweaponry:spear_lead', At ResourceLocation: JsonObject; At Ingredient: Unknown item 'spartanweaponry:spear_nickel', At ResourceLocation: JsonObject; At Ingredient: Unknown item 'spartanweaponry:spear_electrum', At ResourceLocation: JsonObject; At Ingredient: Unknown item 'spartanweaponry:spear_platinum', At ResourceLocation: JsonObject; At Ingredient: Unknown item 'spartanweaponry:spear_invar', At ResourceLocation: JsonObject; At Ingredient: Unknown item 'spartanweaponry:spear_silver', At ResourceLocation: JsonObject; At Ingredient: Unknown item 'spartanweaponry:spear_steel', At ResourceLocation: JsonObject; At Ingredient: Unknown item 'spartanweaponry:spear_bronze', At ResourceLocation: JsonObject; At Ingredient: Unknown item 'spartanweaponry:spear_tin', At ResourceLocation: JsonObject; At Ingredient: Unknown item 'spartanweaponry:spear_copper', At ResourceLocation: JsonObject; At Ingredient: Unknown item 'spartanweaponry:spear_netherite', At ResourceLocation: JsonObject; At Ingredient: Unknown item 'spartanweaponry:spear_diamond', At ResourceLocation: JsonObject; At Ingredient: Unknown item 'spartanweaponry:spear_gold', At ResourceLocation: JsonObject; At Ingredient: Unknown item 'spartanweaponry:spear_iron', At ResourceLocation: JsonObject; At Ingredient: Unknown item 'spartanweaponry:spear_stone', At ResourceLocation: JsonObject; At Ingredient: Unknown item 'spartanweaponry:spear_wood', At ResourceLocation: JsonObject; At Ingredient: Unknown item 'spartanweaponry:warhammer_lead', At ResourceLocation: JsonObject; At Ingredient: Unknown item 'spartanweaponry:warhammer_nickel', At ResourceLocation: JsonObject; At Ingredient: Unknown item 'spartanweaponry:warhammer_electrum', At ResourceLocation: JsonObject; At Ingredient: Unknown item 'spartanweaponry:warhammer_platinum', At ResourceLocation: JsonObject; At Ingredient: Unknown item 'spartanweaponry:warhammer_invar', At ResourceLocation: JsonObject; At Ingredient: Unknown item 'spartanweaponry:warhammer_silver', At ResourceLocation: JsonObject; At Ingredient: Unknown item 'spartanweaponry:warhammer_steel', At ResourceLocation: JsonObject; At Ingredient: Unknown item 'spartanweaponry:warhammer_bronze', At ResourceLocation: JsonObject; At Ingredient: Unknown item 'spartanweaponry:warhammer_tin', At ResourceLocation: JsonObject; At Ingredient: Unknown item 'spartanweaponry:warhammer_copper', At ResourceLocation: JsonObject; At Ingredient: Unknown item 'spartanweaponry:warhammer_netherite', At ResourceLocation: JsonObject; At Ingredient: Unknown item 'spartanweaponry:warhammer_diamond', At ResourceLocation: JsonObject; At Ingredient: Unknown item 'spartanweaponry:warhammer_gold', At ResourceLocation: JsonObject; At Ingredient: Unknown item 'spartanweaponry:warhammer_iron', At ResourceLocation: JsonObject; At Ingredient: Unknown item 'spartanweaponry:warhammer_stone', At ResourceLocation: JsonObject; At Ingredient: Unknown item 'spartanweaponry:warhammer_wood', At ResourceLocation: JsonObject; At Ingredient: Unknown item 'spartanweaponry:hammer_lead', At ResourceLocation: JsonObject; At Ingredient: Unknown item 'spartanweaponry:hammer_nickel', At ResourceLocation: JsonObject; At Ingredient: Unknown item 'spartanweaponry:hammer_electrum', At ResourceLocation: JsonObject; At Ingredient: Unknown item 'spartanweaponry:hammer_platinum', At ResourceLocation: JsonObject; At Ingredient: Unknown item 'spartanweaponry:hammer_invar', At ResourceLocation: JsonObject; At Ingredient: Unknown item 'spartanweaponry:hammer_silver', At ResourceLocation: JsonObject; At Ingredient: Unknown item 'spartanweaponry:hammer_steel', At ResourceLocation: JsonObject; At Ingredient: Unknown item 'spartanweaponry:hammer_bronze', At ResourceLocation: JsonObject; At Ingredient: Unknown item 'spartanweaponry:hammer_tin', At ResourceLocation: JsonObject; At Ingredient: Unknown item 'spartanweaponry:hammer_copper', At ResourceLocation: JsonObject; At Ingredient: Unknown item 'spartanweaponry:hammer_netherite', At ResourceLocation: JsonObject; At Ingredient: Unknown item 'spartanweaponry:hammer_diamond', At ResourceLocation: JsonObject; At Ingredient: Unknown item 'spartanweaponry:hammer_gold', At ResourceLocation: JsonObject; At Ingredient: Unknown item 'spartanweaponry:hammer_iron', At ResourceLocation: JsonObject; At Ingredient: Unknown item 'spartanweaponry:hammer_stone', At ResourceLocation: JsonObject; At Ingredient: Unknown item 'spartanweaponry:hammer_wood', At ResourceLocation: JsonObject; At Ingredient: Unknown item 'spartanweaponry:dagger_lead', At ResourceLocation: JsonObject; At Ingredient: Unknown item 'spartanweaponry:dagger_nickel', At ResourceLocation: JsonObject; At Ingredient: Unknown item 'spartanweaponry:dagger_electrum', At ResourceLocation: JsonObject; At Ingredient: Unknown item 'spartanweaponry:dagger_platinum', At ResourceLocation: JsonObject; At Ingredient: Unknown item 'spartanweaponry:dagger_invar', At ResourceLocation: JsonObject; At Ingredient: Unknown item 'spartanweaponry:dagger_silver', At ResourceLocation: JsonObject; At Ingredient: Unknown item 'spartanweaponry:dagger_steel', At ResourceLocation: JsonObject; At Ingredient: Unknown item 'spartanweaponry:dagger_bronze', At ResourceLocation: JsonObject; At Ingredient: Unknown item 'spartanweaponry:dagger_tin', At ResourceLocation: JsonObject; At Ingredient: Unknown item 'spartanweaponry:dagger_copper', At ResourceLocation: JsonObject; At Ingredient: Unknown item 'spartanweaponry:dagger_netherite', At ResourceLocation: JsonObject; At Ingredient: Unknown item 'spartanweaponry:dagger_diamond', At ResourceLocation: JsonObject; At Ingredient: Unknown item 'spartanweaponry:dagger_gold', At ResourceLocation: JsonObject; At Ingredient: Unknown item 'spartanweaponry:dagger_iron', At ResourceLocation: JsonObject; At Ingredient: Unknown item 'spartanweaponry:dagger_stone', At ResourceLocation: JsonObject; At Ingredient: Unknown item 'spartanweaponry:dagger_wood', At ResourceLocation: JsonObject, At ResourceLocation: JsonObject
[20Dec2025 16:16:34.524] [main/WARN] [io.github.apace100.apoli.Apoli/]: Power "medievalorigins:paladin/holy_instruments_dungeons_gear" will only be partially loaded: At Ingredient: Unknown item 'dungeons_gear:whirlwind', At ResourceLocation: JsonObject; At Ingredient: Unknown item 'dungeons_gear:cursed_axe', At ResourceLocation: JsonObject; At Ingredient: Unknown item 'dungeons_gear:double_axe', At ResourceLocation: JsonObject; At Ingredient: Unknown item 'dungeons_gear:highland_axe', At ResourceLocation: JsonObject; At Ingredient: Unknown item 'dungeons_gear:firebrand', At ResourceLocation: JsonObject; At Ingredient: Unknown item 'dungeons_gear:gold_axe', At ResourceLocation: JsonObject; At Ingredient: Unknown item 'dungeons_gear:axe', At ResourceLocation: JsonObject, At ResourceLocation: JsonObject
[20Dec2025 16:16:34.528] [main/WARN] [io.github.apace100.apoli.Apoli/]: Power "arkwys:minotaur/axe_proficiency_iceandfire" will only be partially loaded: At Ingredient: Unknown item 'iceandfire:troll_weapon_axe', At ResourceLocation: JsonObject; At Ingredient: Unknown item 'iceandfire:dragonsteel_lightning_axe', At ResourceLocation: JsonObject; At Ingredient: Unknown item 'iceandfire:dragonsteel_cold_axe', At ResourceLocation: JsonObject; At Ingredient: Unknown item 'iceandfire:dragonsteel_fire_axe', At ResourceLocation: JsonObject; At Ingredient: Unknown item 'iceandfire:myrmex_jungle_axe', At ResourceLocation: JsonObject; At Ingredient: Unknown item 'iceandfire:myrmex_desert_axe', At ResourceLocation: JsonObject; At Ingredient: Unknown item 'iceandfire:dragonbone_axe', At ResourceLocation: JsonObject; At Ingredient: Unknown item 'iceandfire:copper_axe', At ResourceLocation: JsonObject; At Ingredient: Unknown item 'iceandfire:silver_axe', At ResourceLocation: JsonObject, At ResourceLocation: JsonObject
[20Dec2025 16:16:34.529] [main/ERROR] [io.github.apace100.apoli.Apoli/]: Error loading power "arkwys:slimefolk/slime_sizeable_health": Unknown registry key: minecraft:generic.max_health; Unknown registry key: origins:attribute, At ResourceLocation: JsonObject
[20Dec2025 16:16:34.529] [main/ERROR] [io.github.apace100.apoli.Apoli/]: Loading for all instances of power arkwys:slimefolk/slime_sizeable_health failed.
[20Dec2025 16:16:34.546] [main/WARN] [io.github.apace100.apoli.Apoli/]: Power "arkwys:minotaur/axe_proficiency" will only be partially loaded: At Ingredient: Unknown item 'iceandfire:troll_weapon_axe', At ResourceLocation: JsonObject; At Ingredient: Unknown item 'iceandfire:dragonsteel_lightning_axe', At ResourceLocation: JsonObject; At Ingredient: Unknown item 'iceandfire:dragonsteel_cold_axe', At ResourceLocation: JsonObject; At Ingredient: Unknown item 'iceandfire:dragonsteel_fire_axe', At ResourceLocation: JsonObject; At Ingredient: Unknown item 'iceandfire:myrmex_jungle_axe', At ResourceLocation: JsonObject; At Ingredient: Unknown item 'iceandfire:myrmex_desert_axe', At ResourceLocation: JsonObject; At Ingredient: Unknown item 'iceandfire:dragonbone_axe', At ResourceLocation: JsonObject; At Ingredient: Unknown item 'iceandfire:copper_axe', At ResourceLocation: JsonObject; At Ingredient: Unknown item 'iceandfire:silver_axe', At ResourceLocation: JsonObject; At Ingredient: Unknown item 'dungeons_gear:whirlwind', At ResourceLocation: JsonObject; At Ingredient: Unknown item 'dungeons_gear:cursed_axe', At ResourceLocation: JsonObject; At Ingredient: Unknown item 'dungeons_gear:double_axe', At ResourceLocation: JsonObject; At Ingredient: Unknown item 'dungeons_gear:highland_axe', At ResourceLocation: JsonObject; At Ingredient: Unknown item 'dungeons_gear:firebrand', At ResourceLocation: JsonObject; At Ingredient: Unknown item 'dungeons_gear:gold_axe', At ResourceLocation: JsonObject; At Ingredient: Unknown item 'dungeons_gear:axe', At ResourceLocation: JsonObject, At ResourceLocation: JsonObject
[20Dec2025 16:16:34.547] [main/ERROR] [io.github.apace100.apoli.Apoli/]: Error loading power "medievalorigins:dwarf/photoallergic": No key interval in MapLike[{"type":"origins:burn","burn_duration":6,"condition":{"type":"origins:and","conditions":[{"type":"origins:exposed_to_sun"},{"type":"origins:equipped_item","equipment_slot":"head","item_condition":{"type":"origins:ingredient","ingredient":{"tag":"medievalorigins:helmet"}},"inverted":true}]}}]
[20Dec2025 16:16:34.547] [main/ERROR] [io.github.apace100.apoli.Apoli/]: Loading for all instances of power medievalorigins:dwarf/photoallergic failed.
[20Dec2025 16:16:34.555] [main/WARN] [io.github.apace100.apoli.Apoli/]: Power "strictly:new_diet" will only be partially loaded: Failed to read fields: No key conditions in MapLike[{"type":"origins:and"}]
[20Dec2025 16:16:34.570] [main/WARN] [io.github.apace100.apoli.Apoli/]: Power "strictly:smoke_sickness" will only be partially loaded: Failed to read fields: Unknown registry key: origins:stacking_status_effect, At ResourceLocation: JsonObject; Unknown registry key: origins:stacking_status_effect, At ResourceLocation: JsonObject, At ResourceLocation: JsonObject
[20Dec2025 16:16:34.576] [main/ERROR] [io.github.apace100.apoli.Apoli/]: Error loading power "medievalorigins:troll/mountainous": Input does not contain a key [type]: MapLike[{"mountainous":{"type":"origins:action_on_callback","entity_action_chosen":{"type":"origins:execute_command","command":"scale set pehkui:base 1.7"},"entity_action_lost":{"type":"origins:execute_command","command":"scale reset pehkui:base"},"execute_chosen_when_orb":true},"mountainous2":{"type":"origins:action_over_time","entity_action":{"type":"origins:execute_command","command":"scale set pehkui:base 1.7"},"interval":100}}]
[20Dec2025 16:16:34.576] [main/ERROR] [io.github.apace100.apoli.Apoli/]: Loading for all instances of power medievalorigins:troll/mountainous failed.
[20Dec2025 16:16:34.596] [main/WARN] [io.github.apace100.apoli.Apoli/]: Power "medievalorigins:knight/melee4ever_dungeons_gear" will only be partially loaded: At Ingredient: Unknown item 'dungeons_gear:nautical_crossbow', At ResourceLocation: JsonObject; At Ingredient: Unknown item 'dungeons_gear:harpoon_crossbow', At ResourceLocation: JsonObject; At Ingredient: Unknown item 'dungeons_gear:pride_of_the_piglins', At ResourceLocation: JsonObject; At Ingredient: Unknown item 'dungeons_gear:cog_crossbow', At ResourceLocation: JsonObject; At Ingredient: Unknown item 'dungeons_gear:baby_crossbow', At ResourceLocation: JsonObject; At Ingredient: Unknown item 'dungeons_gear:dual_crossbow', At ResourceLocation: JsonObject; At Ingredient: Unknown item 'dungeons_gear:soul_hunter_crossbow', At ResourceLocation: JsonObject; At Ingredient: Unknown item 'dungeons_gear:corrupted_crossbow', At ResourceLocation: JsonObject; At Ingredient: Unknown item 'dungeons_gear:burst_crossbow', At ResourceLocation: JsonObject; At Ingredient: Unknown item 'dungeons_gear:imploding_crossbow', At ResourceLocation: JsonObject; At Ingredient: Unknown item 'dungeons_gear:firebolt_thrower', At ResourceLocation: JsonObject; At Ingredient: Unknown item 'dungeons_gear:exploding_crossbow', At ResourceLocation: JsonObject; At Ingredient: Unknown item 'dungeons_gear:lightning_harp_crossbow', At ResourceLocation: JsonObject; At Ingredient: Unknown item 'dungeons_gear:harp_crossbow', At ResourceLocation: JsonObject; At Ingredient: Unknown item 'dungeons_gear:scatter_crossbow', At ResourceLocation: JsonObject; At Ingredient: Unknown item 'dungeons_gear:voidcaller', At ResourceLocation: JsonObject; At Ingredient: Unknown item 'dungeons_gear:feral_soul_crossbow', At ResourceLocation: JsonObject; At Ingredient: Unknown item 'dungeons_gear:soul_crossbow', At ResourceLocation: JsonObject; At Ingredient: Unknown item 'dungeons_gear:slayer_crossbow', At ResourceLocation: JsonObject; At Ingredient: Unknown item 'dungeons_gear:doom_crossbow', At ResourceLocation: JsonObject; At Ingredient: Unknown item 'dungeons_gear:heavy_crossbow', At ResourceLocation: JsonObject; At Ingredient: Unknown item 'dungeons_gear:the_slicer', At ResourceLocation: JsonObject; At Ingredient: Unknown item 'dungeons_gear:azure_seeker', At ResourceLocation: JsonObject; At Ingredient: Unknown item 'dungeons_gear:auto_crossbow', At ResourceLocation: JsonObject; At Ingredient: Unknown item 'dungeons_gear:butterfly_crossbow', At ResourceLocation: JsonObject; At Ingredient: Unknown item 'dungeons_gear:rapid_crossbow', At ResourceLocation: JsonObject; At Ingredient: Unknown item 'dungeons_gear:bubble_burster', At ResourceLocation: JsonObject; At Ingredient: Unknown item 'dungeons_gear:bubble_bow', At ResourceLocation: JsonObject; At Ingredient: Unknown item 'dungeons_gear:weeping_vine_bow', At ResourceLocation: JsonObject; At Ingredient: Unknown item 'dungeons_gear:twisting_vine_bow', At ResourceLocation: JsonObject; At Ingredient: Unknown item 'dungeons_gear:echo_of_the_valley', At ResourceLocation: JsonObject; At Ingredient: Unknown item 'dungeons_gear:burst_gale_bow', At ResourceLocation: JsonObject; At Ingredient: Unknown item 'dungeons_gear:wind_bow', At ResourceLocation: JsonObject; At Ingredient: Unknown item 'dungeons_gear:winters_touch', At ResourceLocation: JsonObject; At Ingredient: Unknown item 'dungeons_gear:snow_bow', At ResourceLocation: JsonObject; At Ingredient: Unknown item 'dungeons_gear:sugar_rush', At ResourceLocation: JsonObject; At Ingredient: Unknown item 'dungeons_gear:the_pink_scoundrel', At ResourceLocation: JsonObject; At Ingredient: Unknown item 'dungeons_gear:the_green_menace', At ResourceLocation: JsonObject; At Ingredient: Unknown item 'dungeons_gear:trickbow', At ResourceLocation: JsonObject; At Ingredient: Unknown item 'dungeons_gear:love_spell_bow', At ResourceLocation: JsonObject; At Ingredient: Unknown item 'dungeons_gear:purple_storm', At ResourceLocation: JsonObject; At Ingredient: Unknown item 'dungeons_gear:mechanical_shortbow', At ResourceLocation: JsonObject; At Ingredient: Unknown item 'dungeons_gear:shortbow', At ResourceLocation: JsonObject; At Ingredient: Unknown item 'dungeons_gear:ancient_bow', At ResourceLocation: JsonObject; At Ingredient: Unknown item 'dungeons_gear:masters_bow', At ResourceLocation: JsonObject; At Ingredient: Unknown item 'dungeons_gear:hunters_promise', At ResourceLocation: JsonObject; At Ingredient: Unknown item 'dungeons_gear:hunting_bow', At ResourceLocation: JsonObject; At Ingredient: Unknown item 'dungeons_gear:red_snake', At ResourceLocation: JsonObject; At Ingredient: Unknown item 'dungeons_gear:guardian_bow', At ResourceLocation: JsonObject; At Ingredient: Unknown item 'dungeons_gear:longbow', At ResourceLocation: JsonObject; At Ingredient: Unknown item 'dungeons_gear:sabrewing', At ResourceLocation: JsonObject; At Ingredient: Unknown item 'dungeons_gear:elite_power_bow', At ResourceLocation: JsonObject; At Ingredient: Unknown item 'dungeons_gear:power_bow', At ResourceLocation: JsonObject; At Ingredient: Unknown item 'dungeons_gear:shivering_bow', At ResourceLocation: JsonObject; At Ingredient: Unknown item 'dungeons_gear:nocturnal_bow', At ResourceLocation: JsonObject; At Ingredient: Unknown item 'dungeons_gear:bow_of_lost_souls', At ResourceLocation: JsonObject; At Ingredient: Unknown item 'dungeons_gear:soul_bow', At ResourceLocation: JsonObject; At Ingredient: Unknown item 'dungeons_gear:haunted_bow', At ResourceLocation: JsonObject; At Ingredient: Unknown item 'dungeons_gear:twin_bow', At ResourceLocation: JsonObject; At Ingredient: Unknown item 'dungeons_gear:bonebow', At ResourceLocation: JsonObject, At ResourceLocation: JsonObject
[20Dec2025 16:16:34.597] [main/ERROR] [io.github.apace100.apoli.Apoli/]: Error loading power "strictly:slowwalker": No key duration_per_stack in MapLike[{"type":"origins:stacking_status_effect","entity_action":{"type":"origins:apply_effect","effects":[{"effect":"minecraft:luck","duration":-1,"is_ambient":false,"show_particles":false,"show_icon":false},{"effect":"minecraft:slowness","duration":-1,"is_ambient":false,"show_particles":false,"show_icon":true}]}}]; No key max_stacks in MapLike[{"type":"origins:stacking_status_effect","entity_action":{"type":"origins:apply_effect","effects":[{"effect":"minecraft:luck","duration":-1,"is_ambient":false,"show_particles":false,"show_icon":false},{"effect":"minecraft:slowness","duration":-1,"is_ambient":false,"show_particles":false,"show_icon":true}]}}]; No key min_stacks in MapLike[{"type":"origins:stacking_status_effect","entity_action":{"type":"origins:apply_effect","effects":[{"effect":"minecraft:luck","duration":-1,"is_ambient":false,"show_particles":false,"show_icon":false},{"effect":"minecraft:slowness","duration":-1,"is_ambient":false,"show_particles":false,"show_icon":true}]}}]
[20Dec2025 16:16:34.597] [main/ERROR] [io.github.apace100.apoli.Apoli/]: Loading for all instances of power strictly:slowwalker failed.
[20Dec2025 16:16:34.598] [main/ERROR] [io.github.apace100.apoli.Apoli/]: Error loading power "cisco_rpg_origins:melee_inapptitude": At Ingredient: Unknown item 'origins:swords', At ResourceLocation: JsonObject
[20Dec2025 16:16:34.598] [main/ERROR] [io.github.apace100.apoli.Apoli/]: Loading for all instances of power cisco_rpg_origins:melee_inapptitude failed.
[20Dec2025 16:16:34.600] [main/WARN] [io.github.apace100.apoli.Apoli/]: Power "medievalorigins:elf/weak_melee_dungeons_gear" will only be partially loaded: At Ingredient: Unknown item 'dungeons_gear:whirlwind', At ResourceLocation: JsonObject; At Ingredient: Unknown item 'dungeons_gear:cursed_axe', At ResourceLocation: JsonObject; At Ingredient: Unknown item 'dungeons_gear:double_axe', At ResourceLocation: JsonObject; At Ingredient: Unknown item 'dungeons_gear:highland_axe', At ResourceLocation: JsonObject; At Ingredient: Unknown item 'dungeons_gear:firebrand', At ResourceLocation: JsonObject; At Ingredient: Unknown item 'dungeons_gear:gold_axe', At ResourceLocation: JsonObject; At Ingredient: Unknown item 'dungeons_gear:axe', At ResourceLocation: JsonObject, At ResourceLocation: JsonObject
[20Dec2025 16:16:34.610] [main/WARN] [io.github.apace100.apoli.Apoli/]: Power "arkwys:woodelf/weak_melee_dungeons_gear" will only be partially loaded: At Ingredient: Unknown item 'dungeons_gear:rapier', At ResourceLocation: JsonObject; At Ingredient: Unknown item 'dungeons_gear:frost_slayer', At ResourceLocation: JsonObject; At Ingredient: Unknown item 'dungeons_gear:heartstealer', At ResourceLocation: JsonObject; At Ingredient: Unknown item 'dungeons_gear:broadsword', At ResourceLocation: JsonObject; At Ingredient: Unknown item 'dungeons_gear:claymore', At ResourceLocation: JsonObject; At Ingredient: Unknown item 'dungeons_gear:truthseeker', At ResourceLocation: JsonObject; At Ingredient: Unknown item 'dungeons_gear:masters_katana', At ResourceLocation: JsonObject; At Ingredient: Unknown item 'dungeons_gear:dark_katana', At ResourceLocation: JsonObject; At Ingredient: Unknown item 'dungeons_gear:katana', At ResourceLocation: JsonObject; At Ingredient: Unknown item 'dungeons_gear:sinister_sword', At ResourceLocation: JsonObject; At Ingredient: Unknown item 'dungeons_gear:hawkbrand', At ResourceLocation: JsonObject; At Ingredient: Unknown item 'dungeons_gear:diamond_sword', At ResourceLocation: JsonObject; At Ingredient: Unknown item 'dungeons_gear:gold_sword', At ResourceLocation: JsonObject; At Ingredient: Unknown item 'dungeons_gear:stone_sword', At ResourceLocation: JsonObject; At Ingredient: Unknown item 'dungeons_gear:sword', At ResourceLocation: JsonObject; At Ingredient: Unknown item 'dungeons_gear:nameless_blade', At ResourceLocation: JsonObject; At Ingredient: Unknown item 'dungeons_gear:cutlass', At ResourceLocation: JsonObject; At Ingredient: Unknown item 'dungeons_gear:freezing_foil', At ResourceLocation: JsonObject; At Ingredient: Unknown item 'dungeons_gear:bee_stinger', At ResourceLocation: JsonObject; At Ingredient: Unknown item 'dungeons_gear:rapier', At ResourceLocation: JsonObject; At Ingredient: Unknown item 'dungeons_gear:whirlwind', At ResourceLocation: JsonObject; At Ingredient: Unknown item 'dungeons_gear:cursed_axe', At ResourceLocation: JsonObject; At Ingredient: Unknown item 'dungeons_gear:double_axe', At ResourceLocation: JsonObject; At Ingredient: Unknown item 'dungeons_gear:highland_axe', At ResourceLocation: JsonObject; At Ingredient: Unknown item 'dungeons_gear:firebrand', At ResourceLocation: JsonObject; At Ingredient: Unknown item 'dungeons_gear:gold_axe', At ResourceLocation: JsonObject; At Ingredient: Unknown item 'dungeons_gear:axe', At ResourceLocation: JsonObject, At ResourceLocation: JsonObject
[20Dec2025 16:16:34.617] [main/WARN] [io.github.apace100.apoli.Apoli/]: Power "medievalorigins:elf/weak_swords_dungeons_gear" will only be partially loaded: At Ingredient: Unknown item 'dungeons_gear:rapier', At ResourceLocation: JsonObject; At Ingredient: Unknown item 'dungeons_gear:frost_slayer', At ResourceLocation: JsonObject; At Ingredient: Unknown item 'dungeons_gear:heartstealer', At ResourceLocation: JsonObject; At Ingredient: Unknown item 'dungeons_gear:broadsword', At ResourceLocation: JsonObject; At Ingredient: Unknown item 'dungeons_gear:claymore', At ResourceLocation: JsonObject; At Ingredient: Unknown item 'dungeons_gear:truthseeker', At ResourceLocation: JsonObject; At Ingredient: Unknown item 'dungeons_gear:masters_katana', At ResourceLocation: JsonObject; At Ingredient: Unknown item 'dungeons_gear:dark_katana', At ResourceLocation: JsonObject; At Ingredient: Unknown item 'dungeons_gear:katana', At ResourceLocation: JsonObject; At Ingredient: Unknown item 'dungeons_gear:sinister_sword', At ResourceLocation: JsonObject; At Ingredient: Unknown item 'dungeons_gear:hawkbrand', At ResourceLocation: JsonObject; At Ingredient: Unknown item 'dungeons_gear:diamond_sword', At ResourceLocation: JsonObject; At Ingredient: Unknown item 'dungeons_gear:gold_sword', At ResourceLocation: JsonObject; At Ingredient: Unknown item 'dungeons_gear:stone_sword', At ResourceLocation: JsonObject; At Ingredient: Unknown item 'dungeons_gear:sword', At ResourceLocation: JsonObject; At Ingredient: Unknown item 'dungeons_gear:nameless_blade', At ResourceLocation: JsonObject; At Ingredient: Unknown item 'dungeons_gear:cutlass', At ResourceLocation: JsonObject; At Ingredient: Unknown item 'dungeons_gear:freezing_foil', At ResourceLocation: JsonObject; At Ingredient: Unknown item 'dungeons_gear:bee_stinger', At ResourceLocation: JsonObject; At Ingredient: Unknown item 'dungeons_gear:rapier', At ResourceLocation: JsonObject, At ResourceLocation: JsonObject
[20Dec2025 16:16:34.620] [main/WARN] [io.github.apace100.apoli.Apoli/]: Power "medievalorigins:knight/melee4ever_iceandfire" will only be partially loaded: At Ingredient: Unknown item 'iceandfire:dragonbone_bow', At ResourceLocation: JsonObject, At ResourceLocation: JsonObject
[20Dec2025 16:16:34.632] [main/WARN] [io.github.apace100.apoli.Apoli/]: Power "arkwys:minotaur/axe_proficiency_dungeons_gear" will only be partially loaded: At Ingredient: Unknown item 'dungeons_gear:whirlwind', At ResourceLocation: JsonObject; At Ingredient: Unknown item 'dungeons_gear:cursed_axe', At ResourceLocation: JsonObject; At Ingredient: Unknown item 'dungeons_gear:double_axe', At ResourceLocation: JsonObject; At Ingredient: Unknown item 'dungeons_gear:highland_axe', At ResourceLocation: JsonObject; At Ingredient: Unknown item 'dungeons_gear:firebrand', At ResourceLocation: JsonObject; At Ingredient: Unknown item 'dungeons_gear:gold_axe', At ResourceLocation: JsonObject; At Ingredient: Unknown item 'dungeons_gear:axe', At ResourceLocation: JsonObject, At ResourceLocation: JsonObject
[20Dec2025 16:16:34.637] [main/WARN] [io.github.apace100.apoli.Apoli/]: Power "arkwys:brute/axe_efficient_spartanweaponry" will only be partially loaded: At Ingredient: Unknown item 'spartanweaponry:battleaxe_gold', At ResourceLocation: JsonObject; At Ingredient: Unknown item 'spartanweaponry:tomahawk_gold', At ResourceLocation: JsonObject; At Ingredient: Unknown item 'spartanweaponry:halberd_gold', At ResourceLocation: JsonObject, At ResourceLocation: JsonObject
[20Dec2025 16:16:34.643] [main/WARN] [io.github.apace100.apoli.Apoli/]: Power "medievalorigins:elf/weak_swords_iceandfire" will only be partially loaded: At Ingredient: Unknown item 'iceandfire:ghost_sword', At ResourceLocation: JsonObject; At Ingredient: Unknown item 'iceandfire:dread_queen_sword', At ResourceLocation: JsonObject; At Ingredient: Unknown item 'iceandfire:dread_kinght_sword', At ResourceLocation: JsonObject; At Ingredient: Unknown item 'iceandfire:dread_sword', At ResourceLocation: JsonObject; At Ingredient: Unknown item 'iceandfire:dragonsteel_lightning_sword', At ResourceLocation: JsonObject; At Ingredient: Unknown item 'iceandfire:dragonsteel_ice_sword', At ResourceLocation: JsonObject; At Ingredient: Unknown item 'iceandfire:dragonsteel_fire_sword', At ResourceLocation: JsonObject; At Ingredient: Unknown item 'iceandfire:myrmex_jungle_sword_venom', At ResourceLocation: JsonObject; At Ingredient: Unknown item 'iceandfire:myrmex_jungle_sword', At ResourceLocation: JsonObject; At Ingredient: Unknown item 'iceandfire:myrmex_desert_sword_venom', At ResourceLocation: JsonObject; At Ingredient: Unknown item 'iceandfire:myrmex_desert_sword', At ResourceLocation: JsonObject; At Ingredient: Unknown item 'iceandfire:hippogryph_sword', At ResourceLocation: JsonObject; At Ingredient: Unknown item 'iceandfire:dragonbone_sword_ice', At ResourceLocation: JsonObject; At Ingredient: Unknown item 'iceandfire:dragonbone_sword_fire', At ResourceLocation: JsonObject; At Ingredient: Unknown item 'iceandfire:dragonbone_sword', At ResourceLocation: JsonObject; At Ingredient: Unknown item 'iceandfire:copper_sword', At ResourceLocation: JsonObject; At Ingredient: Unknown item 'iceandfire:silver_sword', At ResourceLocation: JsonObject, At ResourceLocation: JsonObject
[20Dec2025 16:16:34.661] [main/WARN] [io.github.apace100.apoli.Apoli/]: Power "medievalorigins:knight/skilled_swordsman_spartanweaponry" will only be partially loaded: At Ingredient: Unknown item 'spartanweaponry:greatsword_lead', At ResourceLocation: JsonObject; At Ingredient: Unknown item 'spartanweaponry:greatsword_nickel', At ResourceLocation: JsonObject; At Ingredient: Unknown item 'spartanweaponry:greatsword_electrum', At ResourceLocation: JsonObject; At Ingredient: Unknown item 'spartanweaponry:greatsword_platinum', At ResourceLocation: JsonObject; At Ingredient: Unknown item 'spartanweaponry:greatsword_invar', At ResourceLocation: JsonObject; At Ingredient: Unknown item 'spartanweaponry:greatsword_silver', At ResourceLocation: JsonObject; At Ingredient: Unknown item 'spartanweaponry:greatsword_steel', At ResourceLocation: JsonObject; At Ingredient: Unknown item 'spartanweaponry:greatsword_bronze', At ResourceLocation: JsonObject; At Ingredient: Unknown item 'spartanweaponry:greatsword_tin', At ResourceLocation: JsonObject; At Ingredient: Unknown item 'spartanweaponry:greatsword_copper', At ResourceLocation: JsonObject; At Ingredient: Unknown item 'spartanweaponry:greatsword_netherite', At ResourceLocation: JsonObject; At Ingredient: Unknown item 'spartanweaponry:greatsword_diamond', At ResourceLocation: JsonObject; At Ingredient: Unknown item 'spartanweaponry:greatsword_gold', At ResourceLocation: JsonObject; At Ingredient: Unknown item 'spartanweaponry:greatsword_iron', At ResourceLocation: JsonObject; At Ingredient: Unknown item 'spartanweaponry:greatsword_stone', At ResourceLocation: JsonObject; At Ingredient: Unknown item 'spartanweaponry:greatsword_wood', At ResourceLocation: JsonObject; At Ingredient: Unknown item 'spartanweaponry:rapier_lead', At ResourceLocation: JsonObject; At Ingredient: Unknown item 'spartanweaponry:rapier_nickel', At ResourceLocation: JsonObject; At Ingredient: Unknown item 'spartanweaponry:rapier_electrum', At ResourceLocation: JsonObject; At Ingredient: Unknown item 'spartanweaponry:rapier_platinum', At ResourceLocation: JsonObject; At Ingredient: Unknown item 'spartanweaponry:rapier_invar', At ResourceLocation: JsonObject; At Ingredient: Unknown item 'spartanweaponry:rapier_silver', At ResourceLocation: JsonObject; At Ingredient: Unknown item 'spartanweaponry:rapier_steel', At ResourceLocation: JsonObject; At Ingredient: Unknown item 'spartanweaponry:rapier_bronze', At ResourceLocation: JsonObject; At Ingredient: Unknown item 'spartanweaponry:rapier_tin', At ResourceLocation: JsonObject; At Ingredient: Unknown item 'spartanweaponry:rapier_copper', At ResourceLocation: JsonObject; At Ingredient: Unknown item 'spartanweaponry:rapier_netherite', At ResourceLocation: JsonObject; At Ingredient: Unknown item 'spartanweaponry:rapier_diamond', At ResourceLocation: JsonObject; At Ingredient: Unknown item 'spartanweaponry:rapier_gold', At ResourceLocation: JsonObject; At Ingredient: Unknown item 'spartanweaponry:rapier_iron', At ResourceLocation: JsonObject; At Ingredient: Unknown item 'spartanweaponry:rapier_stone', At ResourceLocation: JsonObject; At Ingredient: Unknown item 'spartanweaponry:rapier_wood', At ResourceLocation: JsonObject; At Ingredient: Unknown item 'spartanweaponry:saber_lead', At ResourceLocation: JsonObject; At Ingredient: Unknown item 'spartanweaponry:saber_nickel', At ResourceLocation: JsonObject; At Ingredient: Unknown item 'spartanweaponry:saber_electrum', At ResourceLocation: JsonObject; At Ingredient: Unknown item 'spartanweaponry:saber_platinum', At ResourceLocation: JsonObject; At Ingredient: Unknown item 'spartanweaponry:saber_invar', At ResourceLocation: JsonObject; At Ingredient: Unknown item 'spartanweaponry:saber_silver', At ResourceLocation: JsonObject; At Ingredient: Unknown item 'spartanweaponry:saber_steel', At ResourceLocation: JsonObject; At Ingredient: Unknown item 'spartanweaponry:saber_bronze', At ResourceLocation: JsonObject; At Ingredient: Unknown item 'spartanweaponry:saber_tin', At ResourceLocation: JsonObject; At Ingredient: Unknown item 'spartanweaponry:saber_copper', At ResourceLocation: JsonObject; At Ingredient: Unknown item 'spartanweaponry:saber_netherite', At ResourceLocation: JsonObject; At Ingredient: Unknown item 'spartanweaponry:saber_diamond', At ResourceLocation: JsonObject; At Ingredient: Unknown item 'spartanweaponry:saber_gold', At ResourceLocation: JsonObject; At Ingredient: Unknown item 'spartanweaponry:saber_iron', At ResourceLocation: JsonObject; At Ingredient: Unknown item 'spartanweaponry:saber_stone', At ResourceLocation: JsonObject; At Ingredient: Unknown item 'spartanweaponry:saber_wood', At ResourceLocation: JsonObject; At Ingredient: Unknown item 'spartanweaponry:katana_lead', At ResourceLocation: JsonObject; At Ingredient: Unknown item 'spartanweaponry:katana_nickel', At ResourceLocation: JsonObject; At Ingredient: Unknown item 'spartanweaponry:katana_electrum', At ResourceLocation: JsonObject; At Ingredient: Unknown item 'spartanweaponry:katana_platinum', At ResourceLocation: JsonObject; At Ingredient: Unknown item 'spartanweaponry:katana_invar', At ResourceLocation: JsonObject; At Ingredient: Unknown item 'spartanweaponry:katana_silver', At ResourceLocation: JsonObject; At Ingredient: Unknown item 'spartanweaponry:katana_steel', At ResourceLocation: JsonObject; At Ingredient: Unknown item 'spartanweaponry:katana_bronze', At ResourceLocation: JsonObject; At Ingredient: Unknown item 'spartanweaponry:katana_tin', At ResourceLocation: JsonObject; At Ingredient: Unknown item 'spartanweaponry:katana_copper', At ResourceLocation: JsonObject; At Ingredient: Unknown item 'spartanweaponry:katana_netherite', At ResourceLocation: JsonObject; At Ingredient: Unknown item 'spartanweaponry:katana_diamond', At ResourceLocation: JsonObject; At Ingredient: Unknown item 'spartanweaponry:katana_gold', At ResourceLocation: JsonObject; At Ingredient: Unknown item 'spartanweaponry:katana_iron', At ResourceLocation: JsonObject; At Ingredient: Unknown item 'spartanweaponry:katana_stone', At ResourceLocation: JsonObject; At Ingredient: Unknown item 'spartanweaponry:katana_wood', At ResourceLocation: JsonObject; At Ingredient: Unknown item 'spartanweaponry:longsword_lead', At ResourceLocation: JsonObject; At Ingredient: Unknown item 'spartanweaponry:longsword_nickel', At ResourceLocation: JsonObject; At Ingredient: Unknown item 'spartanweaponry:longsword_electrum', At ResourceLocation: JsonObject; At Ingredient: Unknown item 'spartanweaponry:longsword_platinum', At ResourceLocation: JsonObject; At Ingredient: Unknown item 'spartanweaponry:longsword_invar', At ResourceLocation: JsonObject; At Ingredient: Unknown item 'spartanweaponry:longsword_silver', At ResourceLocation: JsonObject; At Ingredient: Unknown item 'spartanweaponry:longsword_steel', At ResourceLocation: JsonObject; At Ingredient: Unknown item 'spartanweaponry:longsword_bronze', At ResourceLocation: JsonObject; At Ingredient: Unknown item 'spartanweaponry:longsword_tin', At ResourceLocation: JsonObject; At Ingredient: Unknown item 'spartanweaponry:longsword_copper', At ResourceLocation: JsonObject; At Ingredient: Unknown item 'spartanweaponry:longsword_netherite', At ResourceLocation: JsonObject; At Ingredient: Unknown item 'spartanweaponry:longsword_diamond', At ResourceLocation: JsonObject; At Ingredient: Unknown item 'spartanweaponry:longsword_gold', At ResourceLocation: JsonObject; At Ingredient: Unknown item 'spartanweaponry:longsword_iron', At ResourceLocation: JsonObject; At Ingredient: Unknown item 'spartanweaponry:longsword_stone', At ResourceLocation: JsonObject; At Ingredient: Unknown item 'spartanweaponry:longsword_wood', At ResourceLocation: JsonObject, At ResourceLocation: JsonObject
[20Dec2025 16:16:34.665] [main/ERROR] [io.github.apace100.apoli.Apoli/]: Error loading power "strictly:holy_shield": At MobEffectInstance: Error reading status effect: could not find status effect with id: dungeons_gear:shielding, At ResourceLocation: JsonObject; At MobEffect: Identifier "dungeons_gear:shielding" was not registered in registry "minecraft:mob_effect"., At ResourceLocation: JsonObject; At MobEffect: Identifier "dungeons_gear:shielding" was not registered in registry "minecraft:mob_effect"., At ResourceLocation: JsonObject
[20Dec2025 16:16:34.665] [main/ERROR] [io.github.apace100.apoli.Apoli/]: Loading for all instances of power strictly:holy_shield failed.
[20Dec2025 16:16:34.666] [main/WARN] [io.github.apace100.apoli.Apoli/]: Power "cisco_rpg_origins:lokis_boon_minor2" will only be partially loaded: At Attribute: Identifier "reach-entity-attributes:attack_range" was not registered in registry "minecraft:attribute".; At Attribute: Identifier "reach-entity-attributes:reach" was not registered in registry "minecraft:attribute".
[20Dec2025 16:16:34.669] [main/WARN] [io.github.apace100.apoli.Apoli/]: Power "cisco_rpg_origins:divine_hunger" will only be partially loaded: At Ingredient: Unknown item 'minecolonies:golden_bread', At ResourceLocation: JsonObject; At Ingredient: Unknown item 'galosphere:golden_lichen_cordyceps', At ResourceLocation: JsonObject
[20Dec2025 16:16:34.683] [main/WARN] [io.github.apace100.apoli.Apoli/]: Power "arkwys:woodelf/weak_melee_iceandfire" will only be partially loaded: At Ingredient: Unknown item 'iceandfire:ghost_sword', At ResourceLocation: JsonObject; At Ingredient: Unknown item 'iceandfire:dread_queen_sword', At ResourceLocation: JsonObject; At Ingredient: Unknown item 'iceandfire:dread_kinght_sword', At ResourceLocation: JsonObject; At Ingredient: Unknown item 'iceandfire:dread_sword', At ResourceLocation: JsonObject; At Ingredient: Unknown item 'iceandfire:dragonsteel_lightning_sword', At ResourceLocation: JsonObject; At Ingredient: Unknown item 'iceandfire:dragonsteel_ice_sword', At ResourceLocation: JsonObject; At Ingredient: Unknown item 'iceandfire:dragonsteel_fire_sword', At ResourceLocation: JsonObject; At Ingredient: Unknown item 'iceandfire:myrmex_jungle_sword_venom', At ResourceLocation: JsonObject; At Ingredient: Unknown item 'iceandfire:myrmex_jungle_sword', At ResourceLocation: JsonObject; At Ingredient: Unknown item 'iceandfire:myrmex_desert_sword_venom', At ResourceLocation: JsonObject; At Ingredient: Unknown item 'iceandfire:myrmex_desert_sword', At ResourceLocation: JsonObject; At Ingredient: Unknown item 'iceandfire:hippogryph_sword', At ResourceLocation: JsonObject; At Ingredient: Unknown item 'iceandfire:dragonbone_sword_ice', At ResourceLocation: JsonObject; At Ingredient: Unknown item 'iceandfire:dragonbone_sword_fire', At ResourceLocation: JsonObject; At Ingredient: Unknown item 'iceandfire:dragonbone_sword', At ResourceLocation: JsonObject; At Ingredient: Unknown item 'iceandfire:copper_sword', At ResourceLocation: JsonObject; At Ingredient: Unknown item 'iceandfire:silver_sword', At ResourceLocation: JsonObject; At Ingredient: Unknown item 'iceandfire:troll_weapon_axe', At ResourceLocation: JsonObject; At Ingredient: Unknown item 'iceandfire:dragonsteel_lightning_axe', At ResourceLocation: JsonObject; At Ingredient: Unknown item 'iceandfire:dragonsteel_cold_axe', At ResourceLocation: JsonObject; At Ingredient: Unknown item 'iceandfire:dragonsteel_fire_axe', At ResourceLocation: JsonObject; At Ingredient: Unknown item 'iceandfire:myrmex_jungle_axe', At ResourceLocation: JsonObject; At Ingredient: Unknown item 'iceandfire:myrmex_desert_axe', At ResourceLocation: JsonObject; At Ingredient: Unknown item 'iceandfire:dragonbone_axe', At ResourceLocation: JsonObject; At Ingredient: Unknown item 'iceandfire:copper_axe', At ResourceLocation: JsonObject; At Ingredient: Unknown item 'iceandfire:silver_axe', At ResourceLocation: JsonObject, At ResourceLocation: JsonObject
[20Dec2025 16:16:34.692] [main/WARN] [io.github.apace100.apoli.Apoli/]: Power "strictly:withers_immunity" will only be partially loaded: At MobEffect: Identifier "orcz:stunspam" was not registered in registry "minecraft:mob_effect".; At MobEffect: Identifier "orcz:stunlock" was not registered in registry "minecraft:mob_effect".
[20Dec2025 16:16:34.697] [main/WARN] [io.github.apace100.apoli.Apoli/]: Power "arkwys:moth/glowaffinity" will only be partially loaded: At MobEffectInstance: Error reading status effect: could not find status effect with id: netherite_plus:lava_vision, At ResourceLocation: JsonObject, At ResourceLocation: JsonObject
[20Dec2025 16:16:34.702] [main/WARN] [io.github.apace100.apoli.Apoli/]: Power "medievalorigins:paladin/weak_swords_dungeons_gear" will only be partially loaded: At Ingredient: Unknown item 'dungeons_gear:rapier', At ResourceLocation: JsonObject; At Ingredient: Unknown item 'dungeons_gear:frost_slayer', At ResourceLocation: JsonObject; At Ingredient: Unknown item 'dungeons_gear:heartstealer', At ResourceLocation: JsonObject; At Ingredient: Unknown item 'dungeons_gear:broadsword', At ResourceLocation: JsonObject; At Ingredient: Unknown item 'dungeons_gear:claymore', At ResourceLocation: JsonObject; At Ingredient: Unknown item 'dungeons_gear:truthseeker', At ResourceLocation: JsonObject; At Ingredient: Unknown item 'dungeons_gear:masters_katana', At ResourceLocation: JsonObject; At Ingredient: Unknown item 'dungeons_gear:dark_katana', At ResourceLocation: JsonObject; At Ingredient: Unknown item 'dungeons_gear:katana', At ResourceLocation: JsonObject; At Ingredient: Unknown item 'dungeons_gear:sinister_sword', At ResourceLocation: JsonObject; At Ingredient: Unknown item 'dungeons_gear:hawkbrand', At ResourceLocation: JsonObject; At Ingredient: Unknown item 'dungeons_gear:diamond_sword', At ResourceLocation: JsonObject; At Ingredient: Unknown item 'dungeons_gear:gold_sword', At ResourceLocation: JsonObject; At Ingredient: Unknown item 'dungeons_gear:stone_sword', At ResourceLocation: JsonObject; At Ingredient: Unknown item 'dungeons_gear:sword', At ResourceLocation: JsonObject; At Ingredient: Unknown item 'dungeons_gear:nameless_blade', At ResourceLocation: JsonObject; At Ingredient: Unknown item 'dungeons_gear:cutlass', At ResourceLocation: JsonObject; At Ingredient: Unknown item 'dungeons_gear:freezing_foil', At ResourceLocation: JsonObject; At Ingredient: Unknown item 'dungeons_gear:bee_stinger', At ResourceLocation: JsonObject; At Ingredient: Unknown item 'dungeons_gear:rapier', At ResourceLocation: JsonObject, At ResourceLocation: JsonObject
[20Dec2025 16:16:34.711] [main/WARN] [io.github.apace100.apoli.Apoli/]: Power "strictly:shaman_hood" will only be partially loaded: At Item: Identifier "skillcloaks:slayer_hood" was not registered in registry "minecraft:item"., At ResourceLocation: JsonObject, At ResourceLocation: JsonObject
[20Dec2025 16:16:34.712] [main/WARN] [io.github.apace100.apoli.Apoli/]: Power "arkwys:brute/axe_efficient_dungeons_gear" will only be partially loaded: At Ingredient: Unknown item 'dungeons_gear:firebrand', At ResourceLocation: JsonObject; At Ingredient: Unknown item 'dungeons_gear:gold_axe', At ResourceLocation: JsonObject, At ResourceLocation: JsonObject
[20Dec2025 16:16:34.715] [main/WARN] [io.github.apace100.apoli.Apoli/]: Power "medievalorigins:paladin/weak_swords_iceandfire" will only be partially loaded: At Ingredient: Unknown item 'iceandfire:ghost_sword', At ResourceLocation: JsonObject; At Ingredient: Unknown item 'iceandfire:dread_queen_sword', At ResourceLocation: JsonObject; At Ingredient: Unknown item 'iceandfire:dread_kinght_sword', At ResourceLocation: JsonObject; At Ingredient: Unknown item 'iceandfire:dread_sword', At ResourceLocation: JsonObject; At Ingredient: Unknown item 'iceandfire:dragonsteel_lightning_sword', At ResourceLocation: JsonObject; At Ingredient: Unknown item 'iceandfire:dragonsteel_ice_sword', At ResourceLocation: JsonObject; At Ingredient: Unknown item 'iceandfire:dragonsteel_fire_sword', At ResourceLocation: JsonObject; At Ingredient: Unknown item 'iceandfire:myrmex_jungle_sword_venom', At ResourceLocation: JsonObject; At Ingredient: Unknown item 'iceandfire:myrmex_jungle_sword', At ResourceLocation: JsonObject; At Ingredient: Unknown item 'iceandfire:myrmex_desert_sword_venom', At ResourceLocation: JsonObject; At Ingredient: Unknown item 'iceandfire:myrmex_desert_sword', At ResourceLocation: JsonObject; At Ingredient: Unknown item 'iceandfire:hippogryph_sword', At ResourceLocation: JsonObject; At Ingredient: Unknown item 'iceandfire:dragonbone_sword_ice', At ResourceLocation: JsonObject; At Ingredient: Unknown item 'iceandfire:dragonbone_sword_fire', At ResourceLocation: JsonObject; At Ingredient: Unknown item 'iceandfire:dragonbone_sword', At ResourceLocation: JsonObject; At Ingredient: Unknown item 'iceandfire:copper_sword', At ResourceLocation: JsonObject; At Ingredient: Unknown item 'iceandfire:silver_sword', At ResourceLocation: JsonObject, At ResourceLocation: JsonObject
[20Dec2025 16:16:34.738] [main/ERROR] [io.github.apace100.origins.Origins/]: There was a problem reading Origin file strictly:orcs_shaman (skipping): Identifier "orcz:skullwand" was not registered in registry "minecraft:item".
[20Dec2025 16:16:34.738] [main/ERROR] [io.github.apace100.origins.Origins/]: All instances of origin strictly:orcs_shaman failed to load. Skipped
[20Dec2025 16:16:34.758] [main/ERROR] [io.github.apace100.origins.Origins/]: Removed 1 missing powers from strictly:priest
[20Dec2025 16:16:34.760] [main/ERROR] [io.github.apace100.origins.Origins/]: Removed 2 missing powers from strictly:otter
[20Dec2025 16:16:34.761] [main/ERROR] [io.github.apace100.origins.Origins/]: Removed 1 missing powers from arkwys:piglinbrute
[20Dec2025 16:16:34.762] [main/ERROR] [io.github.apace100.origins.Origins/]: Removed 1 missing powers from strictly:birdofparadise
[20Dec2025 16:16:34.829] [main/INFO] [ModdingLegacy/blue_skies/SkiesDataManager/]: Loaded 8 tool_handle_types
[20Dec2025 16:16:34.829] [main/INFO] [ModdingLegacy/blue_skies/SkiesDataManager/]: Loaded 37 snowcap_oven_freezing_recipes
[20Dec2025 16:16:34.829] [main/INFO] [ModdingLegacy/blue_skies/SkiesDataManager/]: Loaded 7 horizonite_forge_fuels
[20Dec2025 16:16:34.830] [main/INFO] [ModdingLegacy/blue_skies/SkiesDataManager/]: Loaded 12 snowcap_mushroom_freezing
[20Dec2025 16:16:34.860] [main/INFO] [ModdingLegacy/blue_skies/SkiesDataManager/]: Loaded 70 alchemy_recipes
[20Dec2025 16:16:34.862] [main/INFO] [ModdingLegacy/blue_skies/SkiesDataManager/]: Loaded 81 journal/entries
[20Dec2025 16:16:34.862] [main/INFO] [ModdingLegacy/blue_skies/SkiesDataManager/]: Loaded 3 journal/sections
[20Dec2025 16:16:34.863] [main/INFO] [ModdingLegacy/blue_skies/SkiesDataManager/]: Loaded 7 journal/requirements
[20Dec2025 16:16:34.870] [main/INFO] [com.cupboard.Cupboard/]: Loaded config for: lootintegrations.json
[20Dec2025 16:16:34.878] [main/INFO] [com.teampotato.redirector.Redirector/]: Redirecting twilightforest/data/custom/stalactites/entry/Stalactite$HollowHillType
[20Dec2025 16:16:34.879] [main/INFO] [twilightforest/]: Loaded 9 Stalactite configs!
[20Dec2025 16:16:34.894] [main/INFO] [Dungeon Crawl/]: Loading data...
[20Dec2025 16:16:34.914] [main/INFO] [com.teampotato.redirector.Redirector/]: Redirecting xiroc/dungeoncrawl/dungeon/model/DungeonModelBlockType
[20Dec2025 16:16:35.148] [main/INFO] [com.teampotato.redirector.Redirector/]: Redirecting xiroc/dungeoncrawl/dungeon/DungeonLayerType
[20Dec2025 16:16:35.416] [main/INFO] [Dungeon Crawl/]: Done.
[20Dec2025 16:16:35.417] [main/INFO] [com.teamabnormals.blueprint.core.Blueprint/]: Skipped structure repaletter named 'atmospheric:grimwood_chests_in_ancient_cities' as its conditions were not met
[20Dec2025 16:16:35.417] [main/INFO] [com.teamabnormals.blueprint.core.Blueprint/]: Skipped structure repaletter named 'atmospheric:yucca_fences_in_desert_villages' as its conditions were not met
[20Dec2025 16:16:35.417] [main/INFO] [com.teamabnormals.blueprint.core.Blueprint/]: Skipped structure repaletter named 'atmospheric:yucca_trapdoors_in_desert_villages' as its conditions were not met
[20Dec2025 16:16:35.417] [main/INFO] [com.teamabnormals.blueprint.core.Blueprint/]: Skipped structure repaletter named 'atmospheric:grimwood_fences_in_ancient_cities' as its conditions were not met
[20Dec2025 16:16:35.417] [main/INFO] [com.teamabnormals.blueprint.core.Blueprint/]: Skipped structure repaletter named 'atmospheric:laurel_ladders_in_scrubland_villages' as its conditions were not met
[20Dec2025 16:16:35.417] [main/INFO] [com.teamabnormals.blueprint.core.Blueprint/]: Skipped structure repaletter named 'atmospheric:yucca_ladders_in_desert_villages' as its conditions were not met
[20Dec2025 16:16:35.417] [main/INFO] [com.teamabnormals.blueprint.core.Blueprint/]: Skipped structure repaletter named 'atmospheric:yucca_buttons_in_desert_villages' as its conditions were not met
[20Dec2025 16:16:35.417] [main/INFO] [com.teamabnormals.blueprint.core.Blueprint/]: Skipped structure repaletter named 'atmospheric:yucca_chests_in_desert_villages' as its conditions were not met
[20Dec2025 16:16:35.417] [main/INFO] [com.teamabnormals.blueprint.core.Blueprint/]: Skipped structure repaletter named 'atmospheric:yucca_doors_in_desert_villages' as its conditions were not met
[20Dec2025 16:16:35.417] [main/INFO] [com.teamabnormals.blueprint.core.Blueprint/]: Skipped structure repaletter named 'atmospheric:grimwood_ladders_in_ancient_cities' as its conditions were not met
[20Dec2025 16:16:35.417] [main/INFO] [com.teamabnormals.blueprint.core.Blueprint/]: Skipped structure repaletter named 'atmospheric:laurel_and_morado_chests_in_scrubland_villages' as its conditions were not met
[20Dec2025 16:16:35.417] [main/INFO] [com.teamabnormals.blueprint.core.Blueprint/]: Skipped structure repaletter named 'atmospheric:grimwood_planks_in_ancient_cities' as its conditions were not met
[20Dec2025 16:16:35.417] [main/INFO] [com.teamabnormals.blueprint.core.Blueprint/]: Skipped structure repaletter named 'atmospheric:yucca_bookshelves_in_desert_villages' as its conditions were not met
[20Dec2025 16:16:35.417] [main/INFO] [com.teamabnormals.blueprint.core.Blueprint/]: Skipped structure repaletter named 'atmospheric:laurel_bookshelves_in_scrubland_villages' as its conditions were not met
[20Dec2025 16:16:35.417] [main/INFO] [com.teamabnormals.blueprint.core.Blueprint/]: Skipped structure repaletter named 'atmospheric:grimwood_logs_in_ancient_cities' as its conditions were not met
[20Dec2025 16:16:35.418] [main/INFO] [com.teamabnormals.blueprint.core.Blueprint/]: Skipped structure repaletter named 'atmospheric:yucca_fence_gates_in_desert_villages' as its conditions were not met
[20Dec2025 16:16:35.418] [main/INFO] [com.teamabnormals.blueprint.core.Blueprint/]: Structure Repaletter Manager has loaded 0 repaletters
[20Dec2025 16:16:35.706] [main/INFO] [com.teamabnormals.blueprint.core.Blueprint/]: Modded Biome Slice Manager has loaded 2 slices
[20Dec2025 16:16:35.710] [main/INFO] [com.teamabnormals.blueprint.core.Blueprint/]: Chunk Generator Modification Manager has loaded 1 modifier groups
[20Dec2025 16:16:35.718] [main/INFO] [com.teampotato.redirector.Redirector/]: Redirecting daripher/skilltree/skill/bonus/condition/item/EquipmentCondition$Type
[20Dec2025 16:16:35.722] [main/INFO] [com.teampotato.redirector.Redirector/]: Redirecting daripher/skilltree/skill/bonus/condition/enchantment/NoneEnchantmentCondition
[20Dec2025 16:16:35.727] [main/INFO] [com.teampotato.redirector.Redirector/]: Redirecting daripher/skilltree/skill/bonus/SkillBonus$Target
[20Dec2025 16:16:35.730] [main/INFO] [com.teampotato.redirector.Redirector/]: Redirecting daripher/skilltree/skill/bonus/player/GainedExperienceBonus$ExperienceSource
[20Dec2025 16:16:35.853] [main/INFO] [com.teampotato.redirector.Redirector/]: Redirecting daripher/skilltree/skill/bonus/condition/item/NoneItemCondition
[20Dec2025 16:16:35.892] [main/INFO] [com.brutalbosses.BrutalBosses/]: Loaded boss variant for: minecraft:snow_golem
[20Dec2025 16:16:35.893] [main/INFO] [com.brutalbosses.BrutalBosses/]: Loaded boss variant for: minecraft:wandering_trader
[20Dec2025 16:16:35.893] [main/INFO] [com.brutalbosses.BrutalBosses/]: Loaded boss variant for: minecraft:pillager
[20Dec2025 16:16:35.894] [main/INFO] [com.brutalbosses.BrutalBosses/]: Loaded boss variant for: minecraft:evoker
[20Dec2025 16:16:35.894] [main/INFO] [com.brutalbosses.BrutalBosses/]: Loaded boss variant for: minecraft:zombie
[20Dec2025 16:16:35.894] [main/INFO] [com.brutalbosses.BrutalBosses/]: Loaded boss variant for: minecraft:evoker
[20Dec2025 16:16:35.895] [main/INFO] [com.brutalbosses.BrutalBosses/]: Loaded boss variant for: minecraft:shulker
[20Dec2025 16:16:35.895] [main/INFO] [com.brutalbosses.BrutalBosses/]: Loaded boss variant for: minecraft:blaze
[20Dec2025 16:16:35.895] [main/INFO] [com.brutalbosses.BrutalBosses/]: Loaded boss variant for: minecraft:phantom
[20Dec2025 16:16:35.895] [main/INFO] [com.brutalbosses.BrutalBosses/]: Loaded boss variant for: minecraft:mooshroom
[20Dec2025 16:16:35.896] [main/INFO] [com.brutalbosses.BrutalBosses/]: Loaded boss variant for: minecraft:skeleton
[20Dec2025 16:16:35.896] [main/INFO] [com.brutalbosses.BrutalBosses/]: Loaded boss variant for: minecraft:zombie
[20Dec2025 16:16:35.896] [main/INFO] [com.brutalbosses.BrutalBosses/]: Loaded boss variant for: minecraft:wither_skeleton
[20Dec2025 16:16:35.897] [main/INFO] [com.brutalbosses.BrutalBosses/]: Loaded boss variant for: minecraft:cave_spider
[20Dec2025 16:16:35.897] [main/INFO] [com.brutalbosses.BrutalBosses/]: Loaded boss variant for: minecraft:vindicator
[20Dec2025 16:16:35.898] [main/INFO] [com.brutalbosses.BrutalBosses/]: Loaded boss variant for: minecraft:zoglin
[20Dec2025 16:16:35.898] [main/INFO] [com.brutalbosses.BrutalBosses/]: Loaded boss variant for: minecraft:chicken
[20Dec2025 16:16:35.898] [main/INFO] [com.brutalbosses.BrutalBosses/]: Loaded boss variant for: minecraft:rabbit
[20Dec2025 16:16:35.898] [main/INFO] [com.brutalbosses.BrutalBosses/]: Loaded boss variant for: minecraft:piglin_brute
[20Dec2025 16:16:35.899] [main/INFO] [com.brutalbosses.BrutalBosses/]: Loaded boss variant for: minecraft:stray
[20Dec2025 16:16:35.899] [main/INFO] [com.brutalbosses.BrutalBosses/]: Loaded boss variant for: minecraft:drowned
[20Dec2025 16:16:35.899] [main/INFO] [com.brutalbosses.BrutalBosses/]: Loaded boss variant for: minecraft:iron_golem
[20Dec2025 16:16:35.899] [main/INFO] [com.brutalbosses.BrutalBosses/]: Loaded boss variant for: minecraft:zombie
[20Dec2025 16:16:35.900] [main/INFO] [com.brutalbosses.BrutalBosses/]: Loaded boss variant for: minecraft:vex
[20Dec2025 16:16:35.900] [main/INFO] [com.brutalbosses.BrutalBosses/]: Loaded boss variant for: minecraft:vindicator
[20Dec2025 16:16:35.900] [main/INFO] [com.brutalbosses.BrutalBosses/]: Loaded boss variant for: minecraft:wither_skeleton
[20Dec2025 16:16:35.900] [main/INFO] [com.brutalbosses.BrutalBosses/]: Loaded boss variant for: minecraft:husk
[20Dec2025 16:16:35.901] [main/INFO] [com.brutalbosses.BrutalBosses/]: Loaded boss variant for: minecraft:guardian
[20Dec2025 16:16:35.901] [main/INFO] [com.brutalbosses.BrutalBosses/]: Loaded boss variant for: minecraft:witch
[20Dec2025 16:16:35.901] [main/INFO] [com.brutalbosses.BrutalBosses/]: Loaded boss variant for: minecraft:ghast
[20Dec2025 16:16:35.905] [main/INFO] [com.teampotato.redirector.Redirector/]: Redirecting com/stal111/forbidden_arcanus/common/block/entity/forge/ritual/Ritual$PedestalType
[20Dec2025 16:16:35.934] [main/INFO] [Gateways to Eternity/]: Registered 35 gateways.
[20Dec2025 16:16:35.936] [main/INFO] [Apotheosis : Enchantment/]: Registered 33 enchanting_stats.
[20Dec2025 16:16:35.945] [main/ERROR] [Apotheosis : Adventure/]: Failed parsing affixes file apothiccurios:apothcurios/attribute/ironforged.
[20Dec2025 16:16:35.945] [main/ERROR] [Apotheosis : Adventure/]: Underlying Exception: 
java.lang.IllegalArgumentException: null
	at com.google.common.base.Preconditions.checkArgument(Preconditions.java:131) ~[guava-31.0.1-jre.jar%2372!/:?]
	at shadows.placebo.util.StepFunction.<init>(StepFunction.java:49) ~[Placebo-1.19.2-7.4.1.jar%23456!/:7.4.1]
	at com.mojang.datafixers.util.Function3.lambda$curry$0(Function3.java:10) ~[datafixerupper-5.0.28.jar%2375!/:?]
	at com.mojang.datafixers.kinds.Applicative.lambda$ap2$8(Applicative.java:75) ~[datafixerupper-5.0.28.jar%2375!/:?]
	at com.mojang.serialization.DataResult.lambda$ap$17(DataResult.java:159) ~[datafixerupper-5.0.28.jar%2375!/:?]
	at java.util.Optional.map(Optional.java:260) ~[?:?]
	at com.mojang.serialization.DataResult.lambda$ap$18(DataResult.java:159) ~[datafixerupper-5.0.28.jar%2375!/:?]
	at com.mojang.datafixers.util.Either$Right.mapBoth(Either.java:94) ~[datafixerupper-5.0.28.jar%2375!/:?]
	at com.mojang.serialization.DataResult.lambda$ap$19(DataResult.java:157) ~[datafixerupper-5.0.28.jar%2375!/:?]
	at com.mojang.datafixers.util.Either$Left.map(Either.java:38) ~[datafixerupper-5.0.28.jar%2375!/:?]
	at com.mojang.serialization.DataResult.ap(DataResult.java:156) ~[datafixerupper-5.0.28.jar%2375!/:?]
	at com.mojang.serialization.DataResult$Instance.ap(DataResult.java:301) ~[datafixerupper-5.0.28.jar%2375!/:?]
	at com.mojang.datafixers.kinds.Applicative.ap2(Applicative.java:76) ~[datafixerupper-5.0.28.jar%2375!/:?]
	at com.mojang.serialization.DataResult$Instance.ap2(DataResult.java:321) ~[datafixerupper-5.0.28.jar%2375!/:?]
	at com.mojang.datafixers.kinds.Applicative.ap3(Applicative.java:80) ~[datafixerupper-5.0.28.jar%2375!/:?]
	at com.mojang.serialization.DataResult$Instance.ap3(DataResult.java:344) ~[datafixerupper-5.0.28.jar%2375!/:?]
	at com.mojang.serialization.codecs.RecordCodecBuilder$Instance$5.decode(RecordCodecBuilder.java:321) ~[datafixerupper-5.0.28.jar%2375!/:?]
	at com.mojang.serialization.codecs.RecordCodecBuilder$2.decode(RecordCodecBuilder.java:107) ~[datafixerupper-5.0.28.jar%2375!/:?]
	at com.mojang.serialization.MapDecoder.lambda$compressedDecode$0(MapDecoder.java:52) ~[datafixerupper-5.0.28.jar%2375!/:?]
	at com.mojang.serialization.DataResult.lambda$flatMap$10(DataResult.java:138) ~[datafixerupper-5.0.28.jar%2375!/:?]
	at com.mojang.datafixers.util.Either$Left.map(Either.java:38) ~[datafixerupper-5.0.28.jar%2375!/:?]
	at com.mojang.serialization.DataResult.flatMap(DataResult.java:136) ~[datafixerupper-5.0.28.jar%2375!/:?]
	at com.mojang.serialization.MapDecoder.compressedDecode(MapDecoder.java:52) ~[datafixerupper-5.0.28.jar%2375!/:?]
	at com.mojang.serialization.MapCodec$MapCodecCodec.decode(MapCodec.java:91) ~[datafixerupper-5.0.28.jar%2375!/:?]
	at com.mojang.serialization.codecs.EitherCodec.decode(EitherCodec.java:28) ~[datafixerupper-5.0.28.jar%2375!/:?]
	at com.mojang.serialization.Decoder$2.decode(Decoder.java:63) ~[datafixerupper-5.0.28.jar%2375!/:?]
	at com.mojang.serialization.Codec$2.decode(Codec.java:71) ~[datafixerupper-5.0.28.jar%2375!/:?]
	at com.mojang.serialization.Decoder.parse(Decoder.java:18) ~[datafixerupper-5.0.28.jar%2375!/:?]
	at com.mojang.serialization.codecs.BaseMapCodec.lambda$decode$2(BaseMapCodec.java:31) ~[datafixerupper-5.0.28.jar%2375!/:?]
	at java.util.stream.ReduceOps$1ReducingSink.accept(ReduceOps.java:80) ~[?:?]
	at java.util.stream.ReferencePipeline$3$1.accept(ReferencePipeline.java:197) ~[?:?]
	at java.util.Iterator.forEachRemaining(Iterator.java:133) ~[?:?]
	at java.util.Spliterators$IteratorSpliterator.forEachRemaining(Spliterators.java:1845) ~[?:?]
	at java.util.stream.AbstractPipeline.copyInto(AbstractPipeline.java:509) ~[?:?]
	at java.util.stream.AbstractPipeline.wrapAndCopyInto(AbstractPipeline.java:499) ~[?:?]
	at java.util.stream.ReduceOps$ReduceOp.evaluateSequential(ReduceOps.java:921) ~[?:?]
	at java.util.stream.AbstractPipeline.evaluate(AbstractPipeline.java:234) ~[?:?]
	at java.util.stream.ReferencePipeline.reduce(ReferencePipeline.java:667) ~[?:?]
	at com.mojang.serialization.codecs.BaseMapCodec.decode(BaseMapCodec.java:27) ~[datafixerupper-5.0.28.jar%2375!/:?]
	at com.mojang.serialization.codecs.SimpleMapCodec.decode(SimpleMapCodec.java:48) ~[datafixerupper-5.0.28.jar%2375!/:?]
	at com.mojang.serialization.MapDecoder.lambda$compressedDecode$0(MapDecoder.java:52) ~[datafixerupper-5.0.28.jar%2375!/:?]
	at com.mojang.serialization.DataResult.lambda$flatMap$10(DataResult.java:138) ~[datafixerupper-5.0.28.jar%2375!/:?]
	at com.mojang.datafixers.util.Either$Left.map(Either.java:38) ~[datafixerupper-5.0.28.jar%2375!/:?]
	at com.mojang.serialization.DataResult.flatMap(DataResult.java:136) ~[datafixerupper-5.0.28.jar%2375!/:?]
	at com.mojang.serialization.MapDecoder.compressedDecode(MapDecoder.java:52) ~[datafixerupper-5.0.28.jar%2375!/:?]
	at com.mojang.serialization.MapCodec$MapCodecCodec.decode(MapCodec.java:91) ~[datafixerupper-5.0.28.jar%2375!/:?]
	at com.mojang.serialization.Decoder.parse(Decoder.java:18) ~[datafixerupper-5.0.28.jar%2375!/:?]
	at com.mojang.serialization.codecs.FieldDecoder.decode(FieldDecoder.java:29) ~[datafixerupper-5.0.28.jar%2375!/:?]
	at com.mojang.serialization.MapCodec$1.decode(MapCodec.java:34) ~[datafixerupper-5.0.28.jar%2375!/:?]
	at com.mojang.serialization.codecs.RecordCodecBuilder$Instance$7.decode(RecordCodecBuilder.java:408) ~[datafixerupper-5.0.28.jar%2375!/:?]
	at com.mojang.serialization.codecs.RecordCodecBuilder$2.decode(RecordCodecBuilder.java:107) ~[datafixerupper-5.0.28.jar%2375!/:?]
	at com.mojang.serialization.MapDecoder.lambda$compressedDecode$0(MapDecoder.java:52) ~[datafixerupper-5.0.28.jar%2375!/:?]
	at com.mojang.serialization.DataResult.lambda$flatMap$10(DataResult.java:138) ~[datafixerupper-5.0.28.jar%2375!/:?]
	at com.mojang.datafixers.util.Either$Left.map(Either.java:38) ~[datafixerupper-5.0.28.jar%2375!/:?]
	at com.mojang.serialization.DataResult.flatMap(DataResult.java:136) ~[datafixerupper-5.0.28.jar%2375!/:?]
	at com.mojang.serialization.MapDecoder.compressedDecode(MapDecoder.java:52) ~[datafixerupper-5.0.28.jar%2375!/:?]
	at com.mojang.serialization.MapCodec$MapCodecCodec.decode(MapCodec.java:91) ~[datafixerupper-5.0.28.jar%2375!/:?]
	at shadows.placebo.json.PSerializer.lambda$fromCodec$2(PSerializer.java:122) ~[Placebo-1.19.2-7.4.1.jar%23456!/:7.4.1]
	at shadows.placebo.json.PSerializer.read(PSerializer.java:76) ~[Placebo-1.19.2-7.4.1.jar%23456!/:7.4.1]
	at shadows.placebo.json.SerializerMap.read(SerializerMap.java:112) ~[Placebo-1.19.2-7.4.1.jar%23456!/:7.4.1]
	at shadows.placebo.json.PlaceboJsonReloadListener.lambda$apply$0(PlaceboJsonReloadListener.java:97) ~[Placebo-1.19.2-7.4.1.jar%23456!/:7.4.1]
	at java.util.HashMap.forEach(HashMap.java:1421) ~[?:?]
	at shadows.placebo.json.PlaceboJsonReloadListener.apply(PlaceboJsonReloadListener.java:91) ~[Placebo-1.19.2-7.4.1.jar%23456!/:7.4.1]
	at shadows.placebo.json.PlaceboJsonReloadListener.m_5787_(PlaceboJsonReloadListener.java:47) ~[Placebo-1.19.2-7.4.1.jar%23456!/:7.4.1]
	at net.minecraft.server.packs.resources.SimplePreparableReloadListener.m_10789_(SimplePreparableReloadListener.java:13) ~[server-1.19.2-20220805.130853-srg.jar%23521!/:?]
	at java.util.concurrent.CompletableFuture$UniAccept.tryFire(CompletableFuture.java:718) ~[?:?]
	at java.util.concurrent.CompletableFuture$Completion.run(CompletableFuture.java:482) ~[?:?]
	at net.minecraft.server.packs.resources.SimpleReloadInstance.m_143940_(SimpleReloadInstance.java:69) ~[server-1.19.2-20220805.130853-srg.jar%23521!/:?]
	at net.minecraft.Util.m_214652_(Util.java:781) ~[server-1.19.2-20220805.130853-srg.jar%23521!/:?]
	at net.minecraft.Util.m_214679_(Util.java:770) ~[server-1.19.2-20220805.130853-srg.jar%23521!/:?]
	at net.minecraft.server.Main.main(Main.java:157) ~[server-1.19.2-20220805.130853-srg.jar%23521!/:?]
	at jdk.internal.reflect.NativeMethodAccessorImpl.invoke0(Native Method) ~[?:?]
	at jdk.internal.reflect.NativeMethodAccessorImpl.invoke(NativeMethodAccessorImpl.java:77) ~[?:?]
	at jdk.internal.reflect.DelegatingMethodAccessorImpl.invoke(DelegatingMethodAccessorImpl.java:43) ~[?:?]
	at java.lang.reflect.Method.invoke(Method.java:569) ~[?:?]
	at net.minecraftforge.fml.loading.targets.CommonServerLaunchHandler.lambda$launchService$0(CommonServerLaunchHandler.java:29) ~[fmlloader-1.19.2-43.3.5.jar%2367!/:?]
	at cpw.mods.modlauncher.LaunchServiceHandlerDecorator.launch(LaunchServiceHandlerDecorator.java:30) [modlauncher-10.0.8.jar%2354!/:?]
	at cpw.mods.modlauncher.LaunchServiceHandler.launch(LaunchServiceHandler.java:53) [modlauncher-10.0.8.jar%2354!/:?]
	at cpw.mods.modlauncher.LaunchServiceHandler.launch(LaunchServiceHandler.java:71) [modlauncher-10.0.8.jar%2354!/:?]
	at cpw.mods.modlauncher.Launcher.run(Launcher.java:106) [modlauncher-10.0.8.jar%2354!/:?]
	at cpw.mods.modlauncher.Launcher.main(Launcher.java:77) [modlauncher-10.0.8.jar%2354!/:?]
	at cpw.mods.modlauncher.BootstrapLaunchConsumer.accept(BootstrapLaunchConsumer.java:26) [modlauncher-10.0.8.jar%2354!/:?]
	at cpw.mods.modlauncher.BootstrapLaunchConsumer.accept(BootstrapLaunchConsumer.java:23) [modlauncher-10.0.8.jar%2354!/:?]
	at cpw.mods.bootstraplauncher.BootstrapLauncher.main(BootstrapLauncher.java:141) [bootstraplauncher-1.1.2.jar:?]
[20Dec2025 16:16:35.952] [main/ERROR] [Apotheosis : Adventure/]: Failed parsing affixes file apothiccurios:apothcurios/attribute/immortal.
[20Dec2025 16:16:35.955] [main/ERROR] [Apotheosis : Adventure/]: Underlying Exception: 
java.lang.IllegalArgumentException: null
	at com.google.common.base.Preconditions.checkArgument(Preconditions.java:131) ~[guava-31.0.1-jre.jar%2372!/:?]
	at shadows.placebo.util.StepFunction.<init>(StepFunction.java:49) ~[Placebo-1.19.2-7.4.1.jar%23456!/:7.4.1]
	at com.mojang.datafixers.util.Function3.lambda$curry$0(Function3.java:10) ~[datafixerupper-5.0.28.jar%2375!/:?]
	at com.mojang.datafixers.kinds.Applicative.lambda$ap2$8(Applicative.java:75) ~[datafixerupper-5.0.28.jar%2375!/:?]
	at com.mojang.serialization.DataResult.lambda$ap$17(DataResult.java:159) ~[datafixerupper-5.0.28.jar%2375!/:?]
	at java.util.Optional.map(Optional.java:260) ~[?:?]
	at com.mojang.serialization.DataResult.lambda$ap$18(DataResult.java:159) ~[datafixerupper-5.0.28.jar%2375!/:?]
	at com.mojang.datafixers.util.Either$Right.mapBoth(Either.java:94) ~[datafixerupper-5.0.28.jar%2375!/:?]
	at com.mojang.serialization.DataResult.lambda$ap$19(DataResult.java:157) ~[datafixerupper-5.0.28.jar%2375!/:?]
	at com.mojang.datafixers.util.Either$Left.map(Either.java:38) ~[datafixerupper-5.0.28.jar%2375!/:?]
	at com.mojang.serialization.DataResult.ap(DataResult.java:156) ~[datafixerupper-5.0.28.jar%2375!/:?]
	at com.mojang.serialization.DataResult$Instance.ap(DataResult.java:301) ~[datafixerupper-5.0.28.jar%2375!/:?]
	at com.mojang.datafixers.kinds.Applicative.ap2(Applicative.java:76) ~[datafixerupper-5.0.28.jar%2375!/:?]
	at com.mojang.serialization.DataResult$Instance.ap2(DataResult.java:321) ~[datafixerupper-5.0.28.jar%2375!/:?]
	at com.mojang.datafixers.kinds.Applicative.ap3(Applicative.java:80) ~[datafixerupper-5.0.28.jar%2375!/:?]
	at com.mojang.serialization.DataResult$Instance.ap3(DataResult.java:344) ~[datafixerupper-5.0.28.jar%2375!/:?]
	at com.mojang.serialization.codecs.RecordCodecBuilder$Instance$5.decode(RecordCodecBuilder.java:321) ~[datafixerupper-5.0.28.jar%2375!/:?]
	at com.mojang.serialization.codecs.RecordCodecBuilder$2.decode(RecordCodecBuilder.java:107) ~[datafixerupper-5.0.28.jar%2375!/:?]
	at com.mojang.serialization.MapDecoder.lambda$compressedDecode$0(MapDecoder.java:52) ~[datafixerupper-5.0.28.jar%2375!/:?]
	at com.mojang.serialization.DataResult.lambda$flatMap$10(DataResult.java:138) ~[datafixerupper-5.0.28.jar%2375!/:?]
	at com.mojang.datafixers.util.Either$Left.map(Either.java:38) ~[datafixerupper-5.0.28.jar%2375!/:?]
	at com.mojang.serialization.DataResult.flatMap(DataResult.java:136) ~[datafixerupper-5.0.28.jar%2375!/:?]
	at com.mojang.serialization.MapDecoder.compressedDecode(MapDecoder.java:52) ~[datafixerupper-5.0.28.jar%2375!/:?]
	at com.mojang.serialization.MapCodec$MapCodecCodec.decode(MapCodec.java:91) ~[datafixerupper-5.0.28.jar%2375!/:?]
	at com.mojang.serialization.codecs.EitherCodec.decode(EitherCodec.java:28) ~[datafixerupper-5.0.28.jar%2375!/:?]
	at com.mojang.serialization.Decoder$2.decode(Decoder.java:63) ~[datafixerupper-5.0.28.jar%2375!/:?]
	at com.mojang.serialization.Codec$2.decode(Codec.java:71) ~[datafixerupper-5.0.28.jar%2375!/:?]
	at com.mojang.serialization.Decoder.parse(Decoder.java:18) ~[datafixerupper-5.0.28.jar%2375!/:?]
	at com.mojang.serialization.codecs.BaseMapCodec.lambda$decode$2(BaseMapCodec.java:31) ~[datafixerupper-5.0.28.jar%2375!/:?]
	at java.util.stream.ReduceOps$1ReducingSink.accept(ReduceOps.java:80) ~[?:?]
	at java.util.stream.ReferencePipeline$3$1.accept(ReferencePipeline.java:197) ~[?:?]
	at java.util.Iterator.forEachRemaining(Iterator.java:133) ~[?:?]
	at java.util.Spliterators$IteratorSpliterator.forEachRemaining(Spliterators.java:1845) ~[?:?]
	at java.util.stream.AbstractPipeline.copyInto(AbstractPipeline.java:509) ~[?:?]
	at java.util.stream.AbstractPipeline.wrapAndCopyInto(AbstractPipeline.java:499) ~[?:?]
	at java.util.stream.ReduceOps$ReduceOp.evaluateSequential(ReduceOps.java:921) ~[?:?]
	at java.util.stream.AbstractPipeline.evaluate(AbstractPipeline.java:234) ~[?:?]
	at java.util.stream.ReferencePipeline.reduce(ReferencePipeline.java:667) ~[?:?]
	at com.mojang.serialization.codecs.BaseMapCodec.decode(BaseMapCodec.java:27) ~[datafixerupper-5.0.28.jar%2375!/:?]
	at com.mojang.serialization.codecs.SimpleMapCodec.decode(SimpleMapCodec.java:48) ~[datafixerupper-5.0.28.jar%2375!/:?]
	at com.mojang.serialization.MapDecoder.lambda$compressedDecode$0(MapDecoder.java:52) ~[datafixerupper-5.0.28.jar%2375!/:?]
	at com.mojang.serialization.DataResult.lambda$flatMap$10(DataResult.java:138) ~[datafixerupper-5.0.28.jar%2375!/:?]
	at com.mojang.datafixers.util.Either$Left.map(Either.java:38) ~[datafixerupper-5.0.28.jar%2375!/:?]
	at com.mojang.serialization.DataResult.flatMap(DataResult.java:136) ~[datafixerupper-5.0.28.jar%2375!/:?]
	at com.mojang.serialization.MapDecoder.compressedDecode(MapDecoder.java:52) ~[datafixerupper-5.0.28.jar%2375!/:?]
	at com.mojang.serialization.MapCodec$MapCodecCodec.decode(MapCodec.java:91) ~[datafixerupper-5.0.28.jar%2375!/:?]
	at com.mojang.serialization.Decoder.parse(Decoder.java:18) ~[datafixerupper-5.0.28.jar%2375!/:?]
	at com.mojang.serialization.codecs.FieldDecoder.decode(FieldDecoder.java:29) ~[datafixerupper-5.0.28.jar%2375!/:?]
	at com.mojang.serialization.MapCodec$1.decode(MapCodec.java:34) ~[datafixerupper-5.0.28.jar%2375!/:?]
	at com.mojang.serialization.codecs.RecordCodecBuilder$Instance$7.decode(RecordCodecBuilder.java:408) ~[datafixerupper-5.0.28.jar%2375!/:?]
	at com.mojang.serialization.codecs.RecordCodecBuilder$2.decode(RecordCodecBuilder.java:107) ~[datafixerupper-5.0.28.jar%2375!/:?]
	at com.mojang.serialization.MapDecoder.lambda$compressedDecode$0(MapDecoder.java:52) ~[datafixerupper-5.0.28.jar%2375!/:?]
	at com.mojang.serialization.DataResult.lambda$flatMap$10(DataResult.java:138) ~[datafixerupper-5.0.28.jar%2375!/:?]
	at com.mojang.datafixers.util.Either$Left.map(Either.java:38) ~[datafixerupper-5.0.28.jar%2375!/:?]
	at com.mojang.serialization.DataResult.flatMap(DataResult.java:136) ~[datafixerupper-5.0.28.jar%2375!/:?]
	at com.mojang.serialization.MapDecoder.compressedDecode(MapDecoder.java:52) ~[datafixerupper-5.0.28.jar%2375!/:?]
	at com.mojang.serialization.MapCodec$MapCodecCodec.decode(MapCodec.java:91) ~[datafixerupper-5.0.28.jar%2375!/:?]
	at shadows.placebo.json.PSerializer.lambda$fromCodec$2(PSerializer.java:122) ~[Placebo-1.19.2-7.4.1.jar%23456!/:7.4.1]
	at shadows.placebo.json.PSerializer.read(PSerializer.java:76) ~[Placebo-1.19.2-7.4.1.jar%23456!/:7.4.1]
	at shadows.placebo.json.SerializerMap.read(SerializerMap.java:112) ~[Placebo-1.19.2-7.4.1.jar%23456!/:7.4.1]
	at shadows.placebo.json.PlaceboJsonReloadListener.lambda$apply$0(PlaceboJsonReloadListener.java:97) ~[Placebo-1.19.2-7.4.1.jar%23456!/:7.4.1]
	at java.util.HashMap.forEach(HashMap.java:1421) ~[?:?]
	at shadows.placebo.json.PlaceboJsonReloadListener.apply(PlaceboJsonReloadListener.java:91) ~[Placebo-1.19.2-7.4.1.jar%23456!/:7.4.1]
	at shadows.placebo.json.PlaceboJsonReloadListener.m_5787_(PlaceboJsonReloadListener.java:47) ~[Placebo-1.19.2-7.4.1.jar%23456!/:7.4.1]
	at net.minecraft.server.packs.resources.SimplePreparableReloadListener.m_10789_(SimplePreparableReloadListener.java:13) ~[server-1.19.2-20220805.130853-srg.jar%23521!/:?]
	at java.util.concurrent.CompletableFuture$UniAccept.tryFire(CompletableFuture.java:718) ~[?:?]
	at java.util.concurrent.CompletableFuture$Completion.run(CompletableFuture.java:482) ~[?:?]
	at net.minecraft.server.packs.resources.SimpleReloadInstance.m_143940_(SimpleReloadInstance.java:69) ~[server-1.19.2-20220805.130853-srg.jar%23521!/:?]
	at net.minecraft.Util.m_214652_(Util.java:781) ~[server-1.19.2-20220805.130853-srg.jar%23521!/:?]
	at net.minecraft.Util.m_214679_(Util.java:770) ~[server-1.19.2-20220805.130853-srg.jar%23521!/:?]
	at net.minecraft.server.Main.main(Main.java:157) ~[server-1.19.2-20220805.130853-srg.jar%23521!/:?]
	at jdk.internal.reflect.NativeMethodAccessorImpl.invoke0(Native Method) ~[?:?]
	at jdk.internal.reflect.NativeMethodAccessorImpl.invoke(NativeMethodAccessorImpl.java:77) ~[?:?]
	at jdk.internal.reflect.DelegatingMethodAccessorImpl.invoke(DelegatingMethodAccessorImpl.java:43) ~[?:?]
	at java.lang.reflect.Method.invoke(Method.java:569) ~[?:?]
	at net.minecraftforge.fml.loading.targets.CommonServerLaunchHandler.lambda$launchService$0(CommonServerLaunchHandler.java:29) ~[fmlloader-1.19.2-43.3.5.jar%2367!/:?]
	at cpw.mods.modlauncher.LaunchServiceHandlerDecorator.launch(LaunchServiceHandlerDecorator.java:30) [modlauncher-10.0.8.jar%2354!/:?]
	at cpw.mods.modlauncher.LaunchServiceHandler.launch(LaunchServiceHandler.java:53) [modlauncher-10.0.8.jar%2354!/:?]
	at cpw.mods.modlauncher.LaunchServiceHandler.launch(LaunchServiceHandler.java:71) [modlauncher-10.0.8.jar%2354!/:?]
	at cpw.mods.modlauncher.Launcher.run(Launcher.java:106) [modlauncher-10.0.8.jar%2354!/:?]
	at cpw.mods.modlauncher.Launcher.main(Launcher.java:77) [modlauncher-10.0.8.jar%2354!/:?]
	at cpw.mods.modlauncher.BootstrapLaunchConsumer.accept(BootstrapLaunchConsumer.java:26) [modlauncher-10.0.8.jar%2354!/:?]
	at cpw.mods.modlauncher.BootstrapLaunchConsumer.accept(BootstrapLaunchConsumer.java:23) [modlauncher-10.0.8.jar%2354!/:?]
	at cpw.mods.bootstraplauncher.BootstrapLauncher.main(BootstrapLauncher.java:141) [bootstraplauncher-1.1.2.jar:?]
[20Dec2025 16:16:35.974] [main/ERROR] [Apotheosis : Adventure/]: Failed parsing affixes file apothiccurios:apothcurios/attribute/steel_touched.
[20Dec2025 16:16:35.974] [main/ERROR] [Apotheosis : Adventure/]: Underlying Exception: 
java.lang.IllegalArgumentException: null
	at com.google.common.base.Preconditions.checkArgument(Preconditions.java:131) ~[guava-31.0.1-jre.jar%2372!/:?]
	at shadows.placebo.util.StepFunction.<init>(StepFunction.java:49) ~[Placebo-1.19.2-7.4.1.jar%23456!/:7.4.1]
	at com.mojang.datafixers.util.Function3.lambda$curry$0(Function3.java:10) ~[datafixerupper-5.0.28.jar%2375!/:?]
	at com.mojang.datafixers.kinds.Applicative.lambda$ap2$8(Applicative.java:75) ~[datafixerupper-5.0.28.jar%2375!/:?]
	at com.mojang.serialization.DataResult.lambda$ap$17(DataResult.java:159) ~[datafixerupper-5.0.28.jar%2375!/:?]
	at java.util.Optional.map(Optional.java:260) ~[?:?]
	at com.mojang.serialization.DataResult.lambda$ap$18(DataResult.java:159) ~[datafixerupper-5.0.28.jar%2375!/:?]
	at com.mojang.datafixers.util.Either$Right.mapBoth(Either.java:94) ~[datafixerupper-5.0.28.jar%2375!/:?]
	at com.mojang.serialization.DataResult.lambda$ap$19(DataResult.java:157) ~[datafixerupper-5.0.28.jar%2375!/:?]
	at com.mojang.datafixers.util.Either$Left.map(Either.java:38) ~[datafixerupper-5.0.28.jar%2375!/:?]
	at com.mojang.serialization.DataResult.ap(DataResult.java:156) ~[datafixerupper-5.0.28.jar%2375!/:?]
	at com.mojang.serialization.DataResult$Instance.ap(DataResult.java:301) ~[datafixerupper-5.0.28.jar%2375!/:?]
	at com.mojang.datafixers.kinds.Applicative.ap2(Applicative.java:76) ~[datafixerupper-5.0.28.jar%2375!/:?]
	at com.mojang.serialization.DataResult$Instance.ap2(DataResult.java:321) ~[datafixerupper-5.0.28.jar%2375!/:?]
	at com.mojang.datafixers.kinds.Applicative.ap3(Applicative.java:80) ~[datafixerupper-5.0.28.jar%2375!/:?]
	at com.mojang.serialization.DataResult$Instance.ap3(DataResult.java:344) ~[datafixerupper-5.0.28.jar%2375!/:?]
	at com.mojang.serialization.codecs.RecordCodecBuilder$Instance$5.decode(RecordCodecBuilder.java:321) ~[datafixerupper-5.0.28.jar%2375!/:?]
	at com.mojang.serialization.codecs.RecordCodecBuilder$2.decode(RecordCodecBuilder.java:107) ~[datafixerupper-5.0.28.jar%2375!/:?]
	at com.mojang.serialization.MapDecoder.lambda$compressedDecode$0(MapDecoder.java:52) ~[datafixerupper-5.0.28.jar%2375!/:?]
	at com.mojang.serialization.DataResult.lambda$flatMap$10(DataResult.java:138) ~[datafixerupper-5.0.28.jar%2375!/:?]
	at com.mojang.datafixers.util.Either$Left.map(Either.java:38) ~[datafixerupper-5.0.28.jar%2375!/:?]
	at com.mojang.serialization.DataResult.flatMap(DataResult.java:136) ~[datafixerupper-5.0.28.jar%2375!/:?]
	at com.mojang.serialization.MapDecoder.compressedDecode(MapDecoder.java:52) ~[datafixerupper-5.0.28.jar%2375!/:?]
	at com.mojang.serialization.MapCodec$MapCodecCodec.decode(MapCodec.java:91) ~[datafixerupper-5.0.28.jar%2375!/:?]
	at com.mojang.serialization.codecs.EitherCodec.decode(EitherCodec.java:28) ~[datafixerupper-5.0.28.jar%2375!/:?]
	at com.mojang.serialization.Decoder$2.decode(Decoder.java:63) ~[datafixerupper-5.0.28.jar%2375!/:?]
	at com.mojang.serialization.Codec$2.decode(Codec.java:71) ~[datafixerupper-5.0.28.jar%2375!/:?]
	at com.mojang.serialization.Decoder.parse(Decoder.java:18) ~[datafixerupper-5.0.28.jar%2375!/:?]
	at com.mojang.serialization.codecs.BaseMapCodec.lambda$decode$2(BaseMapCodec.java:31) ~[datafixerupper-5.0.28.jar%2375!/:?]
	at java.util.stream.ReduceOps$1ReducingSink.accept(ReduceOps.java:80) ~[?:?]
	at java.util.stream.ReferencePipeline$3$1.accept(ReferencePipeline.java:197) ~[?:?]
	at java.util.Iterator.forEachRemaining(Iterator.java:133) ~[?:?]
	at java.util.Spliterators$IteratorSpliterator.forEachRemaining(Spliterators.java:1845) ~[?:?]
	at java.util.stream.AbstractPipeline.copyInto(AbstractPipeline.java:509) ~[?:?]
	at java.util.stream.AbstractPipeline.wrapAndCopyInto(AbstractPipeline.java:499) ~[?:?]
	at java.util.stream.ReduceOps$ReduceOp.evaluateSequential(ReduceOps.java:921) ~[?:?]
	at java.util.stream.AbstractPipeline.evaluate(AbstractPipeline.java:234) ~[?:?]
	at java.util.stream.ReferencePipeline.reduce(ReferencePipeline.java:667) ~[?:?]
	at com.mojang.serialization.codecs.BaseMapCodec.decode(BaseMapCodec.java:27) ~[datafixerupper-5.0.28.jar%2375!/:?]
	at com.mojang.serialization.codecs.SimpleMapCodec.decode(SimpleMapCodec.java:48) ~[datafixerupper-5.0.28.jar%2375!/:?]
	at com.mojang.serialization.MapDecoder.lambda$compressedDecode$0(MapDecoder.java:52) ~[datafixerupper-5.0.28.jar%2375!/:?]
	at com.mojang.serialization.DataResult.lambda$flatMap$10(DataResult.java:138) ~[datafixerupper-5.0.28.jar%2375!/:?]
	at com.mojang.datafixers.util.Either$Left.map(Either.java:38) ~[datafixerupper-5.0.28.jar%2375!/:?]
	at com.mojang.serialization.DataResult.flatMap(DataResult.java:136) ~[datafixerupper-5.0.28.jar%2375!/:?]
	at com.mojang.serialization.MapDecoder.compressedDecode(MapDecoder.java:52) ~[datafixerupper-5.0.28.jar%2375!/:?]
	at com.mojang.serialization.MapCodec$MapCodecCodec.decode(MapCodec.java:91) ~[datafixerupper-5.0.28.jar%2375!/:?]
	at com.mojang.serialization.Decoder.parse(Decoder.java:18) ~[datafixerupper-5.0.28.jar%2375!/:?]
	at com.mojang.serialization.codecs.FieldDecoder.decode(FieldDecoder.java:29) ~[datafixerupper-5.0.28.jar%2375!/:?]
	at com.mojang.serialization.MapCodec$1.decode(MapCodec.java:34) ~[datafixerupper-5.0.28.jar%2375!/:?]
	at com.mojang.serialization.codecs.RecordCodecBuilder$Instance$7.decode(RecordCodecBuilder.java:408) ~[datafixerupper-5.0.28.jar%2375!/:?]
	at com.mojang.serialization.codecs.RecordCodecBuilder$2.decode(RecordCodecBuilder.java:107) ~[datafixerupper-5.0.28.jar%2375!/:?]
	at com.mojang.serialization.MapDecoder.lambda$compressedDecode$0(MapDecoder.java:52) ~[datafixerupper-5.0.28.jar%2375!/:?]
	at com.mojang.serialization.DataResult.lambda$flatMap$10(DataResult.java:138) ~[datafixerupper-5.0.28.jar%2375!/:?]
	at com.mojang.datafixers.util.Either$Left.map(Either.java:38) ~[datafixerupper-5.0.28.jar%2375!/:?]
	at com.mojang.serialization.DataResult.flatMap(DataResult.java:136) ~[datafixerupper-5.0.28.jar%2375!/:?]
	at com.mojang.serialization.MapDecoder.compressedDecode(MapDecoder.java:52) ~[datafixerupper-5.0.28.jar%2375!/:?]
	at com.mojang.serialization.MapCodec$MapCodecCodec.decode(MapCodec.java:91) ~[datafixerupper-5.0.28.jar%2375!/:?]
	at shadows.placebo.json.PSerializer.lambda$fromCodec$2(PSerializer.java:122) ~[Placebo-1.19.2-7.4.1.jar%23456!/:7.4.1]
	at shadows.placebo.json.PSerializer.read(PSerializer.java:76) ~[Placebo-1.19.2-7.4.1.jar%23456!/:7.4.1]
	at shadows.placebo.json.SerializerMap.read(SerializerMap.java:112) ~[Placebo-1.19.2-7.4.1.jar%23456!/:7.4.1]
	at shadows.placebo.json.PlaceboJsonReloadListener.lambda$apply$0(PlaceboJsonReloadListener.java:97) ~[Placebo-1.19.2-7.4.1.jar%23456!/:7.4.1]
	at java.util.HashMap.forEach(HashMap.java:1421) ~[?:?]
	at shadows.placebo.json.PlaceboJsonReloadListener.apply(PlaceboJsonReloadListener.java:91) ~[Placebo-1.19.2-7.4.1.jar%23456!/:7.4.1]
	at shadows.placebo.json.PlaceboJsonReloadListener.m_5787_(PlaceboJsonReloadListener.java:47) ~[Placebo-1.19.2-7.4.1.jar%23456!/:7.4.1]
	at net.minecraft.server.packs.resources.SimplePreparableReloadListener.m_10789_(SimplePreparableReloadListener.java:13) ~[server-1.19.2-20220805.130853-srg.jar%23521!/:?]
	at java.util.concurrent.CompletableFuture$UniAccept.tryFire(CompletableFuture.java:718) ~[?:?]
	at java.util.concurrent.CompletableFuture$Completion.run(CompletableFuture.java:482) ~[?:?]
	at net.minecraft.server.packs.resources.SimpleReloadInstance.m_143940_(SimpleReloadInstance.java:69) ~[server-1.19.2-20220805.130853-srg.jar%23521!/:?]
	at net.minecraft.Util.m_214652_(Util.java:781) ~[server-1.19.2-20220805.130853-srg.jar%23521!/:?]
	at net.minecraft.Util.m_214679_(Util.java:770) ~[server-1.19.2-20220805.130853-srg.jar%23521!/:?]
	at net.minecraft.server.Main.main(Main.java:157) ~[server-1.19.2-20220805.130853-srg.jar%23521!/:?]
	at jdk.internal.reflect.NativeMethodAccessorImpl.invoke0(Native Method) ~[?:?]
	at jdk.internal.reflect.NativeMethodAccessorImpl.invoke(NativeMethodAccessorImpl.java:77) ~[?:?]
	at jdk.internal.reflect.DelegatingMethodAccessorImpl.invoke(DelegatingMethodAccessorImpl.java:43) ~[?:?]
	at java.lang.reflect.Method.invoke(Method.java:569) ~[?:?]
	at net.minecraftforge.fml.loading.targets.CommonServerLaunchHandler.lambda$launchService$0(CommonServerLaunchHandler.java:29) ~[fmlloader-1.19.2-43.3.5.jar%2367!/:?]
	at cpw.mods.modlauncher.LaunchServiceHandlerDecorator.launch(LaunchServiceHandlerDecorator.java:30) [modlauncher-10.0.8.jar%2354!/:?]
	at cpw.mods.modlauncher.LaunchServiceHandler.launch(LaunchServiceHandler.java:53) [modlauncher-10.0.8.jar%2354!/:?]
	at cpw.mods.modlauncher.LaunchServiceHandler.launch(LaunchServiceHandler.java:71) [modlauncher-10.0.8.jar%2354!/:?]
	at cpw.mods.modlauncher.Launcher.run(Launcher.java:106) [modlauncher-10.0.8.jar%2354!/:?]
	at cpw.mods.modlauncher.Launcher.main(Launcher.java:77) [modlauncher-10.0.8.jar%2354!/:?]
	at cpw.mods.modlauncher.BootstrapLaunchConsumer.accept(BootstrapLaunchConsumer.java:26) [modlauncher-10.0.8.jar%2354!/:?]
	at cpw.mods.modlauncher.BootstrapLaunchConsumer.accept(BootstrapLaunchConsumer.java:23) [modlauncher-10.0.8.jar%2354!/:?]
	at cpw.mods.bootstraplauncher.BootstrapLauncher.main(BootstrapLauncher.java:141) [bootstraplauncher-1.1.2.jar:?]
[20Dec2025 16:16:35.978] [main/INFO] [Apotheosis : Adventure/]: Registered 209 affixes.
[20Dec2025 16:16:36.006] [main/INFO] [Apotheosis : Adventure/]: Registered 74 gems.
[20Dec2025 16:16:36.023] [main/INFO] [Apotheosis : Adventure/]: Registered 197 affix_loot_entries.
[20Dec2025 16:16:36.025] [main/INFO] [Apotheosis : Adventure/]: Registered 29 boss_gear.
[20Dec2025 16:16:36.034] [main/INFO] [Apotheosis : Adventure/]: Registered 50 bosses.
[20Dec2025 16:16:36.041] [main/INFO] [Apotheosis : Adventure/]: Registered 8 random_spawners.
[20Dec2025 16:16:36.042] [main/INFO] [Apotheosis : Adventure/]: Registered 6 rarities.
[20Dec2025 16:16:36.059] [main/INFO] [Apotheosis : Adventure/]: Registered 9 minibosses.
[20Dec2025 16:16:36.069] [main/INFO] [Apotheosis : Village/]: Registered 74 wanderer_trades.
[20Dec2025 16:16:36.079] [main/INFO] [CraftTweaker/]: crafttweaker.reload.start
[20Dec2025 16:16:36.170] [main/INFO] [com.teampotato.redirector.Redirector/]: Redirecting net/minecraft/world/level/block/SupportType
[20Dec2025 16:16:36.185] [main/INFO] [com.teampotato.redirector.Redirector/]: Redirecting net/minecraft/world/ticks/TickPriority
[20Dec2025 16:16:36.202] [main/INFO] [com.teampotato.redirector.Redirector/]: Redirecting net/minecraft/world/entity/player/PlayerModelPart
[20Dec2025 16:16:36.256] [main/INFO] [com.teampotato.redirector.Redirector/]: Redirecting net/minecraft/world/entity/projectile/AbstractArrow$Pickup
[20Dec2025 16:16:36.270] [main/INFO] [com.teampotato.redirector.Redirector/]: Redirecting net/minecraft/world/entity/player/ChatVisiblity
[20Dec2025 16:16:36.727] [main/INFO] [com.teampotato.redirector.Redirector/]: Redirecting com/blamejared/crafttweaker/api/data/visitor/DataToStringVisitor
[20Dec2025 16:16:36.732] [main/INFO] [CraftTweaker/]: crafttweaker.reload.complete
[20Dec2025 16:16:36.746] [main/WARN] [net.minecraft.core.MappedRegistry/]: Not all defined tags for registry ResourceKey[minecraft:root / minecraft:worldgen/biome] are present in data pack: forge:is_eyestalker, forge:is_forest, forge:is_oecean
[20Dec2025 16:16:36.881] [main/INFO] [com.teampotato.redirector.Redirector/]: Redirecting net/minecraftforge/event/TagsUpdatedEvent$UpdateCause
[20Dec2025 16:16:37.214] [main/INFO] [majruszlibrary/]: [majruszsdifficulty.json] Reloading configuration file took 7 milliseconds
[20Dec2025 16:16:37.216] [main/INFO] [majruszlibrary/]: [majruszlibrary.json] Reloading configuration file took 0 milliseconds
[20Dec2025 16:16:37.219] [main/INFO] [majruszlibrary/]: [majruszsaccessories.json] Reloading configuration file took 3 milliseconds
[20Dec2025 16:16:37.222] [main/INFO] [majruszlibrary/]: [majruszsenchantments.json] Reloading configuration file took 1 milliseconds
[20Dec2025 16:16:37.225] [Server thread/INFO] [net.minecraft.server.dedicated.DedicatedServer/]: Starting minecraft server version 1.19.2
[20Dec2025 16:16:37.226] [Server thread/INFO] [net.minecraft.server.dedicated.DedicatedServer/]: Loading properties
[20Dec2025 16:16:37.226] [Server thread/INFO] [net.minecraft.server.dedicated.DedicatedServer/]: Default game type: SURVIVAL
[20Dec2025 16:16:37.226] [Server thread/INFO] [net.minecraft.server.MinecraftServer/]: Generating keypair
[20Dec2025 16:16:37.281] [Server thread/INFO] [net.minecraft.server.dedicated.DedicatedServer/]: Starting Minecraft server on *:25565
[20Dec2025 16:16:37.315] [Server thread/INFO] [net.minecraft.server.network.ServerConnectionListener/]: Using epoll channel type
[20Dec2025 16:16:37.398] [Server thread/WARN] [net.minecraft.server.dedicated.DedicatedServer/]: **** SERVER IS RUNNING IN OFFLINE/INSECURE MODE!
[20Dec2025 16:16:37.399] [Server thread/WARN] [net.minecraft.server.dedicated.DedicatedServer/]: The server will make no attempt to authenticate usernames. Beware.
[20Dec2025 16:16:37.399] [Server thread/WARN] [net.minecraft.server.dedicated.DedicatedServer/]: While this makes the game possible to play without internet access, it also opens up the ability for hackers to connect with any username they choose.
[20Dec2025 16:16:37.399] [Server thread/WARN] [net.minecraft.server.dedicated.DedicatedServer/]: To change this, set "online-mode" to "true" in the server.properties file.
[20Dec2025 16:16:37.458] [Server thread/INFO] [com.tom.storagemod.StorageMod/]: Loaded Tom's Simple Storage config file toms_storage-server.toml
[20Dec2025 16:16:37.933] [Server thread/INFO] [com.teampotato.redirector.Redirector/]: Redirecting net/minecraftforge/common/world/StructureModifier$Phase
[20Dec2025 16:16:37.986] [Server thread/INFO] [com.teampotato.redirector.Redirector/]: Redirecting dev/ftb/mods/ftbteams/data/TeamType
[20Dec2025 16:16:37.994] [Server thread/INFO] [com.teampotato.redirector.Redirector/]: Redirecting dev/ftb/mods/ftbteams/data/PrivacyMode
[20Dec2025 16:16:37.996] [Server thread/INFO] [com.teampotato.redirector.Redirector/]: Redirecting dev/ftb/mods/ftbteams/data/TeamRank
[20Dec2025 16:16:38.078] [Server thread/INFO] [FTB Teams/]: loaded team data: 5 known players, 5 teams total
[20Dec2025 16:16:38.080] [Server thread/INFO] [com.teampotato.redirector.Redirector/]: Redirecting dev/ftb/mods/ftbquests/quest/reward/RewardAutoClaim
[20Dec2025 16:16:38.081] [Server thread/INFO] [com.teampotato.redirector.Redirector/]: Redirecting dev/ftb/mods/ftbquests/quest/ProgressionMode
[20Dec2025 16:16:38.083] [Server thread/INFO] [com.teampotato.redirector.Redirector/]: Redirecting dev/ftb/mods/ftbchunks/data/ProtectionOverride
[20Dec2025 16:16:38.083] [Server thread/INFO] [com.teampotato.redirector.Redirector/]: Redirecting dev/ftb/mods/ftbchunks/data/ForceLoadMode
[20Dec2025 16:16:38.084] [Server thread/INFO] [com.teampotato.redirector.Redirector/]: Redirecting dev/ftb/mods/ftbchunks/data/AllyMode
[20Dec2025 16:16:38.085] [Server thread/INFO] [com.teampotato.redirector.Redirector/]: Redirecting dev/ftb/mods/ftbchunks/data/PartyLimitMode
[20Dec2025 16:16:38.397] [Server thread/INFO] [com.teampotato.redirector.Redirector/]: Redirecting terrablender/worldgen/noise/ZoomLayer
[20Dec2025 16:16:38.401] [Server thread/INFO] [terrablender/]: Initialized TerraBlender biomes for level stem minecraft:the_nether
[20Dec2025 16:16:38.560] [Server thread/INFO] [terrablender/]: Initialized TerraBlender biomes for level stem minecraft:overworld
[20Dec2025 16:16:38.562] [Server thread/INFO] [terrablender/]: Initialized TerraBlender biomes for level stem aether:the_aether
[20Dec2025 16:16:38.562] [Server thread/INFO] [net.minecraft.server.dedicated.DedicatedServer/]: Preparing level "world"
[20Dec2025 16:16:38.577] [Server thread/INFO] [com.teampotato.redirector.Redirector/]: Redirecting net/minecraft/util/ModCheck$Confidence
[20Dec2025 16:16:38.578] [Server thread/INFO] [mixin/]: Mixing MixinPhantomSpawner from enigmaticlegacy.mixins.json into net.minecraft.world.level.levelgen.PhantomSpawner
[20Dec2025 16:16:38.593] [Server thread/INFO] [com.teampotato.redirector.Redirector/]: Redirecting net/minecraft/world/entity/ai/village/VillageSiege$State
[20Dec2025 16:16:38.648] [Server thread/INFO] [com.teampotato.redirector.Redirector/]: Redirecting net/minecraft/world/level/chunk/storage/IOWorker$Priority
[20Dec2025 16:16:38.677] [Server thread/INFO] [com.teampotato.redirector.Redirector/]: Redirecting net/minecraft/world/level/entity/Visibility
[20Dec2025 16:16:38.678] [Server thread/INFO] [com.teampotato.redirector.Redirector/]: Redirecting net/minecraft/world/level/entity/PersistentEntitySectionManager$ChunkLoadStatus
[20Dec2025 16:16:38.691] [Server thread/INFO] [com.teampotato.redirector.Redirector/]: Redirecting net/minecraft/server/level/ChunkHolder$FullChunkStatus
[20Dec2025 16:16:39.195] [Server thread/INFO] [com.teampotato.redirector.Redirector/]: Redirecting net/minecraft/world/scores/Team$Visibility
[20Dec2025 16:16:39.196] [Server thread/INFO] [com.teampotato.redirector.Redirector/]: Redirecting net/minecraft/world/scores/Team$CollisionRule
[20Dec2025 16:16:39.199] [Server thread/INFO] [com.teampotato.redirector.Redirector/]: Redirecting net/minecraft/network/protocol/game/ClientboundSetPlayerTeamPacket$Action
[20Dec2025 16:16:39.221] [Server thread/INFO] [com.teampotato.redirector.Redirector/]: Redirecting net/minecraft/world/level/lighting/LayerLightEventListener$DummyLightLayerEventListener
[20Dec2025 16:16:39.235] [Server thread/INFO] [com.teampotato.redirector.Redirector/]: Redirecting net/minecraft/world/BossEvent$BossBarColor
[20Dec2025 16:16:39.236] [Server thread/INFO] [com.teampotato.redirector.Redirector/]: Redirecting net/minecraft/world/BossEvent$BossBarOverlay
[20Dec2025 16:16:39.238] [Server thread/INFO] [com.teampotato.redirector.Redirector/]: Redirecting net/minecraft/network/protocol/game/ClientboundBossEventPacket$OperationType
[20Dec2025 16:16:39.250] [Server thread/INFO] [com.teampotato.redirector.Redirector/]: Redirecting com/aetherteam/nitrogen/capability/INBTSynchable$Type
[20Dec2025 16:16:39.258] [Server thread/INFO] [net.minecraft.server.MinecraftServer/]: Preparing start region for dimension minecraft:overworld
[20Dec2025 16:16:39.261] [Server thread/WARN] [mixin/]: Method overwrite conflict for removeIf in canary.mixins.json:world.chunk_tickets.SortedArraySetMixin, previously written by org.embeddedt.modernfix.common.mixin.bugfix.paper_chunk_patches.SortedArraySetMixin. Skipping method.
[20Dec2025 16:16:39.408] [Server thread/INFO] [com.teampotato.redirector.Redirector/]: Redirecting net/minecraft/world/level/EmptyBlockGetter
[20Dec2025 16:16:39.409] [Server thread/INFO] [com.teampotato.redirector.Redirector/]: Redirecting net/minecraft/core/Direction8
[20Dec2025 16:16:39.575] [Server thread/INFO] [com.teampotato.redirector.Redirector/]: Redirecting ca/spottedleaf/starlight/common/light/StarLightEngine$AxisDirection
[20Dec2025 16:16:39.627] [Server thread/INFO] [net.minecraft.server.level.progress.LoggerChunkProgressListener/]: Preparing spawn area: 0%
[20Dec2025 16:16:39.630] [Server thread/INFO] [com.teampotato.redirector.Redirector/]: Redirecting net/minecraft/server/level/ThreadedLevelLightEngine$TaskType
[20Dec2025 16:16:39.834] [Server thread/INFO] [net.minecraft.server.level.progress.LoggerChunkProgressListener/]: Preparing spawn area: 2%
[20Dec2025 16:16:40.053] [Server thread/INFO] [com.teampotato.redirector.Redirector/]: Redirecting com/teamabnormals/blueprint/core/endimator/PlayableEndimation$LoopType
[20Dec2025 16:16:40.264] [Server thread/INFO] [net.minecraft.server.level.progress.LoggerChunkProgressListener/]: Preparing spawn area: 14%
[20Dec2025 16:16:40.470] [Server thread/INFO] [com.teampotato.redirector.Redirector/]: Redirecting net/minecraft/world/entity/ai/village/poi/PoiManager$Occupancy
[20Dec2025 16:16:40.762] [Server thread/INFO] [net.minecraft.server.level.progress.LoggerChunkProgressListener/]: Preparing spawn area: 17%
[20Dec2025 16:16:40.930] [Server thread/INFO] [com.teampotato.redirector.Redirector/]: Redirecting net/minecraft/world/entity/ai/control/MoveControl$Operation
[20Dec2025 16:16:40.957] [Server thread/INFO] [com.teampotato.redirector.Redirector/]: Redirecting net/mehvahdjukaar/dummmmmmy/common/DummyMobType
[20Dec2025 16:16:40.963] [Server thread/INFO] [com.teampotato.redirector.Redirector/]: Redirecting com/talhanation/smallships/client/model/sail/SailModel$Color
[20Dec2025 16:16:41.259] [Server thread/INFO] [net.minecraft.server.level.progress.LoggerChunkProgressListener/]: Preparing spawn area: 69%
[20Dec2025 16:16:41.454] [Server thread/INFO] [net.minecraft.server.level.progress.LoggerChunkProgressListener/]: Time elapsed: 2197 ms
[20Dec2025 16:16:41.455] [Server thread/INFO] [net.minecraft.server.dedicated.DedicatedServer/]: Done (4.020s)! For help, type "help"
[20Dec2025 16:16:41.807] [Server thread/INFO] [net.minecraftforge.server.permission.PermissionAPI/]: Successfully initialized permission handler forge:default_handler
[20Dec2025 16:16:41.807] [Server thread/INFO] [dev.qther.nanny.NaNny/]: Scouting a NaNny...
[20Dec2025 16:16:41.809] [Server thread/WARN] [solapplepie/]: Item is not food: largemeals:sweet_berry_custard
[20Dec2025 16:16:41.809] [Server thread/WARN] [solapplepie/]: Item is not food: largemeals:pufferfish_broth
[20Dec2025 16:16:41.809] [Server thread/WARN] [solapplepie/]: Item is not food: largemeals:mushroom_pot_pie
[20Dec2025 16:16:41.809] [Server thread/WARN] [solapplepie/]: Item is not food: largemeals:hearty_lunch
[20Dec2025 16:16:41.812] [Server thread/INFO] [com.amuzil.omegasource.dragonenchants.DragonEnchants/]: HELLO from server starting
[20Dec2025 16:16:41.815] [Server thread/INFO] [xaero.hud.minimap.MinimapLogs/]: Registered synced player tracker system: ftb_teams
[20Dec2025 16:16:41.816] [Server thread/INFO] [net.stardustlabs.incendium.Incendium/]: Thanks for choosing Incendium!
[20Dec2025 16:16:41.817] [Server thread/INFO] [xaero.map.WorldMap/]: Registered synced player tracker system: ftb_teams
[20Dec2025 16:16:41.819] [Server thread/INFO] [com.teampotato.redirector.Redirector/]: Redirecting cpw/mods/inventorysorter/InventorySorterCommand$CommandAction
[20Dec2025 16:16:41.821] [Server thread/INFO] [net.stardustlabs.structory.Structory/]: Thanks for choosing Structory!
[20Dec2025 16:16:41.821] [Server thread/INFO] [net.stardustlabs.terralith.Terralith/]: Thanks for choosing Terralith!
[20Dec2025 16:16:41.825] [Server thread/INFO] [FTB Quests/]: Loading quests from /workspaces/testing23/servidor_minecraft/config/ftbquests/quests
[20Dec2025 16:16:41.832] [Server thread/INFO] [com.teampotato.redirector.Redirector/]: Redirecting dev/ftb/mods/ftbquests/quest/DependencyRequirement
[20Dec2025 16:16:41.979] [Server thread/INFO] [FTB Quests/]: Loaded 6 chapter groups, 15 chapters, 325 quests, 15 reward tables
[20Dec2025 16:16:42.085] [Server thread/INFO] [dev.qther.nanny.NaNny/]: NaNny hired!
[20Dec2025 16:16:42.096] [Server thread/INFO] [atomicstryker.infernalmobs.common.InfernalMobsCore/]: item config parser finished, item count: 14
[20Dec2025 16:16:42.097] [Server thread/INFO] [atomicstryker.infernalmobs.common.InfernalMobsCore/]: item config parser finished, item count: 17
[20Dec2025 16:16:42.097] [Server thread/ERROR] [atomicstryker.infernalmobs.common.InfernalMobsCore/]: item config parser could not build item: {Count:3b,id:"minecraft:apotheosis:mythic_material"}
[20Dec2025 16:16:42.097] [Server thread/INFO] [atomicstryker.infernalmobs.common.InfernalMobsCore/]: item config parser finished, item count: 15
[20Dec2025 16:16:42.098] [Server thread/INFO] [atomicstryker.infernalmobs.common.InfernalMobsCore/]: InfernalMobsCore commonSetup completed! Modifiers ready: 22
[20Dec2025 16:16:42.098] [Server thread/INFO] [atomicstryker.infernalmobs.common.InfernalMobsCore/]: InfernalMobsCore commonSetup completed! config file at: /workspaces/testing23/servidor_minecraft/./config/infernalmobs.cfg
[20Dec2025 16:16:42.116] [Server thread/INFO] [com.teampotato.redirector.Redirector/]: Redirecting net/bettercombat/api/WeaponAttributes$Condition
[20Dec2025 16:16:42.117] [Server thread/INFO] [com.teampotato.redirector.Redirector/]: Redirecting net/bettercombat/api/WeaponAttributes$HitBoxShape
[20Dec2025 16:16:42.250] [Server thread/INFO] [net.bettercombat.logic.WeaponRegistry/]: Encoded Weapon Attribute registry size (with package overhead): 323338 bytes (in 33 string chunks with the size of 10000)
[20Dec2025 16:16:42.251] [Server thread/INFO] [com.cupboard.Cupboard/]: Loaded config for: chunksending.json
[20Dec2025 16:16:42.251] [Server thread/INFO] [com.cupboard.Cupboard/]: Loaded config for: biomemusic.json
[20Dec2025 16:16:42.252] [Server thread/INFO] [com.cupboard.Cupboard/]: Loaded config for: brutalbosses.json
[20Dec2025 16:16:42.252] [Server thread/INFO] [com.cupboard.Cupboard/]: Loaded config for: smoothchunk.json
[20Dec2025 16:16:42.252] [Server thread/INFO] [com.cupboard.Cupboard/]: Loaded config for: betterfpsdist.json
[20Dec2025 16:16:42.256] [Server thread/INFO] [patchouli/]: Sending reload packet to clients
[20Dec2025 16:16:42.257] [Server thread/WARN] [ModernFix/]: Dedicated server took 81.812 seconds to load
[20Dec2025 16:16:42.748] [Server thread/INFO] [com.teampotato.redirector.Redirector/]: Redirecting net/minecraft/world/level/border/BorderStatus
[20Dec2025 16:16:42.836] [Server thread/INFO] [com.teampotato.redirector.Redirector/]: Redirecting dev/ftb/mods/ftbchunks/data/ClaimExpirationManager
[20Dec2025 16:16:42.837] [Server thread/INFO] [com.teampotato.redirector.Redirector/]: Redirecting dev/ftb/mods/ftbchunks/LongRangePlayerTracker
[20Dec2025 16:17:12.262] [Server thread/INFO] [com.teampotato.redirector.Redirector/]: Redirecting net/minecraft/network/protocol/game/ClientboundPlayerInfoPacket$Action
[20Dec2025 16:17:17.486] [Netty Epoll Server IO #1/INFO] [com.teampotato.redirector.Redirector/]: Redirecting com/abdelaziz/pluto/common/network/VarintByteDecoder$DecodeResult
[20Dec2025 16:17:17.494] [Netty Epoll Server IO #1/INFO] [com.teampotato.redirector.Redirector/]: Redirecting net/minecraft/network/ConnectionProtocol
[20Dec2025 16:17:17.512] [Netty Epoll Server IO #1/INFO] [com.teampotato.redirector.Redirector/]: Redirecting net/minecraft/network/protocol/game/ClientboundCustomChatCompletionsPacket$Action
[20Dec2025 16:17:17.539] [Netty Epoll Server IO #1/INFO] [com.teampotato.redirector.Redirector/]: Redirecting net/minecraft/network/protocol/game/ClientboundRecipePacket$State
[20Dec2025 16:17:17.551] [Netty Epoll Server IO #1/INFO] [com.teampotato.redirector.Redirector/]: Redirecting net/minecraft/server/ServerScoreboard$Method
[20Dec2025 16:17:17.561] [Netty Epoll Server IO #1/INFO] [com.teampotato.redirector.Redirector/]: Redirecting net/minecraft/network/protocol/game/ServerboundClientCommandPacket$Action
[20Dec2025 16:17:17.564] [Netty Epoll Server IO #1/INFO] [com.teampotato.redirector.Redirector/]: Redirecting net/minecraft/world/inventory/ClickType
[20Dec2025 16:17:17.568] [Netty Epoll Server IO #1/INFO] [com.teampotato.redirector.Redirector/]: Redirecting net/minecraft/network/protocol/game/ServerboundInteractPacket$ActionType
[20Dec2025 16:17:17.574] [Netty Epoll Server IO #1/INFO] [com.teampotato.redirector.Redirector/]: Redirecting net/minecraft/network/protocol/game/ServerboundPlayerActionPacket$Action
[20Dec2025 16:17:17.574] [Netty Epoll Server IO #1/INFO] [com.teampotato.redirector.Redirector/]: Redirecting net/minecraft/network/protocol/game/ServerboundPlayerCommandPacket$Action
[20Dec2025 16:17:17.577] [Netty Epoll Server IO #1/INFO] [com.teampotato.redirector.Redirector/]: Redirecting net/minecraft/network/protocol/game/ServerboundResourcePackPacket$Action
[20Dec2025 16:17:17.578] [Netty Epoll Server IO #1/INFO] [com.teampotato.redirector.Redirector/]: Redirecting net/minecraft/network/protocol/game/ServerboundSeenAdvancementsPacket$Action
[20Dec2025 16:17:17.580] [Netty Epoll Server IO #1/INFO] [com.teampotato.redirector.Redirector/]: Redirecting net/minecraft/world/level/block/entity/CommandBlockEntity$Mode
[20Dec2025 16:17:17.582] [Netty Epoll Server IO #1/INFO] [com.teampotato.redirector.Redirector/]: Redirecting net/minecraft/world/level/block/entity/StructureBlockEntity$UpdateType
[20Dec2025 16:17:17.662] [Netty Epoll Server IO #2/INFO] [com.teampotato.redirector.Redirector/]: Redirecting net/minecraftforge/network/ConnectionType
[20Dec2025 16:17:17.680] [Netty Epoll Server IO #1/INFO] [com.teampotato.redirector.Redirector/]: Redirecting shadow/kyori/adventure/text/serializer/json/JSONOptions$HoverEventValueMode
[20Dec2025 16:17:17.681] [Netty Epoll Server IO #1/INFO] [com.teampotato.redirector.Redirector/]: Redirecting shadow/kyori/adventure/text/serializer/json/JSONOptions$ShowItemHoverDataMode
[20Dec2025 16:17:17.693] [Netty Epoll Server IO #1/INFO] [com.teampotato.redirector.Redirector/]: Redirecting shadow/kyori/adventure/text/event/ClickEvent$Action
[20Dec2025 16:17:17.696] [Netty Epoll Server IO #1/INFO] [com.teampotato.redirector.Redirector/]: Redirecting shadow/kyori/adventure/text/format/TextDecoration
[20Dec2025 16:17:17.702] [Netty Epoll Server IO #1/INFO] [com.teampotato.redirector.Redirector/]: Redirecting shadow/kyori/adventure/text/ComponentIteratorFlag
[20Dec2025 16:17:17.726] [Netty Epoll Server IO #1/INFO] [com.teampotato.redirector.Redirector/]: Redirecting shadow/kyori/adventure/text/format/TextDecoration$State
[20Dec2025 16:17:17.727] [Netty Epoll Server IO #1/INFO] [com.teampotato.redirector.Redirector/]: Redirecting shadow/kyori/adventure/util/TriState
[20Dec2025 16:17:17.940] [Netty Epoll Server IO #2/INFO] [com.teampotato.redirector.Redirector/]: Redirecting net/minecraft/server/network/ServerLoginPacketListenerImpl$State
[20Dec2025 16:17:28.688] [Netty Epoll Server IO #2/INFO] [Calio/]: Received acknowledgment for login packet with id 211
[20Dec2025 16:17:28.731] [Netty Epoll Server IO #2/INFO] [Calio/]: Received acknowledgment for login packet with id 212
[20Dec2025 16:17:28.770] [Netty Epoll Server IO #2/INFO] [Calio/]: Received acknowledgment for login packet with id 213
[20Dec2025 16:17:28.822] [Netty Epoll Server IO #2/INFO] [Calio/]: Received acknowledgment for login packet with id 214
[20Dec2025 16:17:28.874] [Netty Epoll Server IO #2/INFO] [Calio/]: Received acknowledgment for login packet with id 215
[20Dec2025 16:17:28.920] [Netty Epoll Server IO #2/INFO] [Calio/]: Received acknowledgment for login packet with id 216
[20Dec2025 16:17:28.970] [Netty Epoll Server IO #2/INFO] [Calio/]: Received acknowledgment for login packet with id 217
[20Dec2025 16:17:29.024] [Netty Epoll Server IO #2/INFO] [Calio/]: Received acknowledgment for login packet with id 218
[20Dec2025 16:17:29.070] [Netty Epoll Server IO #2/INFO] [Calio/]: Received acknowledgment for login packet with id 219
[20Dec2025 16:17:29.118] [Netty Epoll Server IO #2/INFO] [Calio/]: Received acknowledgment for login packet with id 220
[20Dec2025 16:17:29.169] [Netty Epoll Server IO #2/INFO] [Calio/]: Received acknowledgment for login packet with id 221
[20Dec2025 16:17:29.221] [Netty Epoll Server IO #2/INFO] [Calio/]: Received acknowledgment for login packet with id 222
[20Dec2025 16:17:30.235] [Netty Epoll Server IO #2/INFO] [Calio/]: Received acknowledgment for login packet with id 223
[20Dec2025 16:17:30.242] [Netty Epoll Server IO #2/INFO] [Calio/]: Received acknowledgment for login packet with id 224
[20Dec2025 16:17:30.248] [Netty Epoll Server IO #2/INFO] [Calio/]: Received acknowledgment for login packet with id 225
[20Dec2025 16:17:30.317] [Netty Epoll Server IO #2/INFO] [com.teampotato.redirector.Redirector/]: Redirecting com/velocitypowered/natives/util/NativeCodeLoader$Status
[20Dec2025 16:17:30.328] [Netty Epoll Server IO #2/INFO] [com.teampotato.redirector.Redirector/]: Redirecting com/velocitypowered/natives/util/BufferPreference
[20Dec2025 16:17:30.458] [Server thread/INFO] [net.minecraftforge.common.AdvancementLoadFix/]: Using new advancement loading for net.minecraft.server.PlayerAdvancements@59b7af36
[20Dec2025 16:17:30.519] [Server thread/INFO] [com.teampotato.redirector.Redirector/]: Redirecting io/redspace/ironsspellbooks/player/SpinAttackType
[20Dec2025 16:17:30.534] [Server thread/INFO] [net.minecraft.server.players.PlayerList/]: claco21[/10.228.82.35:6574] logged in with entity id 228 at (782.2665036170414, -16.0, -757.7845095028334)
[20Dec2025 16:17:30.542] [Server thread/INFO] [com.teampotato.redirector.Redirector/]: Redirecting net/minecraftforge/network/filters/VanillaPacketSplitter$RemoteCompatibility
[20Dec2025 16:17:30.547] [Server thread/INFO] [com.teampotato.redirector.Redirector/]: Redirecting com/github/L_Ender/cataclysm/entity/AnimationMonster/BossMonsters/Nameless_Sorcerer_Entity$SpellType
[20Dec2025 16:17:30.551] [Server thread/INFO] [com.teampotato.redirector.Redirector/]: Redirecting com/hollingsworth/arsnouveau/common/entity/Starbuncle$StarbuncleGoalState
[20Dec2025 16:17:30.552] [Server thread/INFO] [com.teampotato.redirector.Redirector/]: Redirecting twilightforest/entity/boss/KnightPhantom$Formation
[20Dec2025 16:17:30.556] [Server thread/INFO] [com.teampotato.redirector.Redirector/]: Redirecting com/github/alexthe666/alexsmobs/entity/EntityMimicOctopus$MimicState
[20Dec2025 16:17:30.558] [Server thread/INFO] [com.teampotato.redirector.Redirector/]: Redirecting com/github/L_Ender/cataclysm/entity/InternalAnimationMonster/IABossMonsters/Ancient_Remnant/Ancient_Remnant_Entity$AttackMode
[20Dec2025 16:17:30.562] [Server thread/INFO] [com.teampotato.redirector.Redirector/]: Redirecting com/github/L_Ender/cataclysm/entity/Pet/Modern_Remnant_Entity$AttackMode
[20Dec2025 16:17:30.566] [Server thread/INFO] [com.teampotato.redirector.Redirector/]: Redirecting com/legacy/blue_skies/entities/util/base/SkiesIllagerBossEntity$BossSpellColor
[20Dec2025 16:17:30.568] [Server thread/INFO] [com.teampotato.redirector.Redirector/]: Redirecting com/github/L_Ender/cataclysm/entity/AnimationMonster/BossMonsters/Ancient_Ancient_Remnant_Entity$AttackMode
[20Dec2025 16:17:30.569] [Server thread/INFO] [com.teampotato.redirector.Redirector/]: Redirecting com/hollingsworth/arsnouveau/common/entity/AmethystGolem$AmethystGolemGoalState
[20Dec2025 16:17:30.570] [Server thread/INFO] [com.teampotato.redirector.Redirector/]: Redirecting com/github/L_Ender/cataclysm/entity/AnimationMonster/BossMonsters/The_Leviathan/The_Leviathan_Entity$AttackMode
[20Dec2025 16:17:30.573] [Server thread/INFO] [com.teampotato.redirector.Redirector/]: Redirecting com/github/L_Ender/cataclysm/entity/Pet/The_Baby_Leviathan_Entity$AttackMode
[20Dec2025 16:17:30.574] [Server thread/INFO] [com.teampotato.redirector.Redirector/]: Redirecting net/minecraft/world/entity/monster/SpellcasterIllager$IllagerSpell
[20Dec2025 16:17:30.575] [Server thread/ERROR] [ModernFix/]: Skipping entity ID sync for com.talhanation.smallships.world.entity.ship.Ship: java.lang.NoClassDefFoundError: net/minecraft/client/CameraType
[20Dec2025 16:17:30.577] [Server thread/INFO] [com.teampotato.redirector.Redirector/]: Redirecting net/minecraft/world/entity/vehicle/Boat$Status
[20Dec2025 16:17:30.579] [Server thread/INFO] [com.teampotato.redirector.Redirector/]: Redirecting com/bobmowzie/mowziesmobs/server/entity/grottol/EntityGrottol$EnumDeathType
[20Dec2025 16:17:30.579] [Server thread/INFO] [com.teampotato.redirector.Redirector/]: Redirecting com/bobmowzie/mowziesmobs/server/entity/naga/EntityNaga$EnumNagaMovement
[20Dec2025 16:17:30.672] [Server thread/INFO] [ModdingLegacy/blue_skies/]: Sending ToolHandleTypeManager to claco21
[20Dec2025 16:17:30.673] [Server thread/INFO] [ModdingLegacy/blue_skies/]: Sending SnowcapOvenFreezingManager to claco21
[20Dec2025 16:17:30.673] [Server thread/INFO] [ModdingLegacy/blue_skies/]: Sending HorizoniteForgeFuelManager to claco21
[20Dec2025 16:17:30.673] [Server thread/INFO] [ModdingLegacy/blue_skies/]: Sending AlchemyRecipeManager to claco21
[20Dec2025 16:17:30.686] [Server thread/INFO] [ModdingLegacy/blue_skies/]: Sending JournalEntryManager to claco21
[20Dec2025 16:17:30.688] [Server thread/INFO] [ModdingLegacy/blue_skies/]: Sending JournalSectionManager to claco21
[20Dec2025 16:17:30.688] [Server thread/INFO] [ModdingLegacy/blue_skies/]: Sending JournalRequirementManager to claco21
[20Dec2025 16:17:30.939] [Server thread/INFO] [net.minecraft.server.MinecraftServer/]: claco21 joined the game
[20Dec2025 16:17:30.940] [Server thread/INFO] [com.teampotato.redirector.Redirector/]: Redirecting net/minecraft/network/protocol/game/ClientboundPlayerPositionPacket$RelativeArgument
[20Dec2025 16:17:30.943] [Server thread/INFO] [com.teampotato.redirector.Redirector/]: Redirecting com/bobmowzie/mowziesmobs/server/ability/AbilityHandler
[20Dec2025 16:17:30.959] [Server thread/INFO] [com.teampotato.redirector.Redirector/]: Redirecting com/bobmowzie/mowziesmobs/server/ability/AbilitySection$AbilitySectionType
[20Dec2025 16:17:30.997] [Server thread/INFO] [com.teampotato.redirector.Redirector/]: Redirecting net/minecraftforge/event/entity/player/AdvancementEvent$AdvancementProgressEvent$ProgressType
[20Dec2025 16:17:31.001] [Server thread/INFO] [com.teampotato.redirector.Redirector/]: Redirecting net/minecraft/server/commands/AdvancementCommands$Action
[20Dec2025 16:17:31.464] [Server thread/WARN] [solapplepie/]: Invalid attribute specified in config: generic.speed
[20Dec2025 16:17:31.498] [Server thread/INFO] [Jade/]: Syncing config to claco21 (e1e8ac53-c473-30f8-8dcf-a99b284708a7)
[20Dec2025 16:17:31.520] [Server thread/INFO] [Enigmatic Legacy/INFO]: Synchronizing omniconfig files to claco21...
[20Dec2025 16:17:31.520] [Server thread/INFO] [Enigmatic Legacy/INFO]: Sending data for enigmaticlegacy-common.omniconf
[20Dec2025 16:17:31.522] [Server thread/INFO] [Enigmatic Legacy/INFO]: Granting starter gear to claco21
[20Dec2025 16:17:31.708] [Server thread/INFO] [mixin/]: Mixing MixinEnchantmentHelper from enigmaticlegacy.mixins.json into net.minecraft.world.item.enchantment.EnchantmentHelper
[20Dec2025 16:17:31.723] [Server thread/INFO] [com.teampotato.redirector.Redirector/]: Redirecting com/aetherteam/nitrogen/capability/INBTSynchable$Direction
[20Dec2025 16:17:31.732] [Server thread/INFO] [Enigmatic Legacy/INFO]: Blue Skies detected: true
[20Dec2025 16:17:31.950] [Netty Epoll Server IO #2/INFO] [com.teampotato.redirector.Redirector/]: Redirecting net/minecraftforge/network/NetworkEvent$RegistrationChangeType
[20Dec2025 16:17:32.393] [Server thread/INFO] [com.teampotato.redirector.Redirector/]: Redirecting software/bernie/geckolib3/core/PlayState
[20Dec2025 16:17:32.501] [Server thread/INFO] [com.teampotato.redirector.Redirector/]: Redirecting net/minecraft/util/profiling/metrics/MetricCategory
[20Dec2025 16:17:32.847] [Server thread/INFO] [com.teampotato.redirector.Redirector/]: Redirecting net/minecraft/world/entity/ai/memory/MemoryStatus
[20Dec2025 16:17:32.848] [Server thread/INFO] [com.teampotato.redirector.Redirector/]: Redirecting net/minecraft/world/entity/ai/behavior/Behavior$Status
[20Dec2025 16:17:32.863] [Server thread/INFO] [com.teampotato.redirector.Redirector/]: Redirecting net/minecraft/world/entity/ai/behavior/GateBehavior$OrderPolicy
[20Dec2025 16:17:32.869] [Server thread/INFO] [com.teampotato.redirector.Redirector/]: Redirecting net/minecraft/world/entity/ai/behavior/GateBehavior$RunningPolicy
[20Dec2025 16:17:32.942] [Server thread/INFO] [com.teampotato.redirector.Redirector/]: Redirecting com/legacy/blue_skies/entities/ai/NightwatcherRobGoal$Task
[20Dec2025 16:17:32.947] [Server thread/INFO] [com.teampotato.redirector.Redirector/]: Redirecting net/minecraft/world/level/chunk/LevelChunk$EntityCreationType
[20Dec2025 16:17:33.517] [Server thread/INFO] [com.teampotato.redirector.Redirector/]: Redirecting com/github/alexthe666/citadel/animation/AnimationHandler
[20Dec2025 16:17:33.816] [Server thread/INFO] [com.teampotato.redirector.Redirector/]: Redirecting net/minecraft/world/entity/ai/gossip/GossipType
[20Dec2025 16:17:34.034] [Server thread/INFO] [com.teampotato.redirector.Redirector/]: Redirecting shadows/apotheosis/ench/table/ApothEnchantmentMenu$Arcana
[20Dec2025 16:17:34.311] [Server thread/INFO] [com.teampotato.redirector.Redirector/]: Redirecting com/yungnickyoung/minecraft/bettermineshafts/world/generator/pieces/SmallTunnelTurn$TurnDirection
[20Dec2025 16:17:34.312] [Server thread/INFO] [com.teampotato.redirector.Redirector/]: Redirecting com/yungnickyoung/minecraft/bettermineshafts/world/generator/pieces/OreDeposit$OreType
[20Dec2025 16:17:37.260] [Server thread/INFO] [com.teampotato.redirector.Redirector/]: Redirecting com/stal111/forbidden_arcanus/common/entity/lostsoul/LostSoul$Variant
[20Dec2025 16:17:46.524] [Server thread/INFO] [com.teampotato.redirector.Redirector/]: Redirecting net/minecraft/world/entity/animal/IronGolem$Crackiness
[20Dec2025 16:19:37.663] [Server thread/INFO] [com.teampotato.redirector.Redirector/]: Redirecting net/minecraft/world/entity/monster/AbstractIllager$IllagerArmPose
[20Dec2025 16:26:49.272] [Netty Epoll Server IO #2/INFO] [com.teampotato.redirector.Redirector/]: Redirecting net/combatroll/client/RollEffect$Particles
[20Dec2025 16:37:05.040] [Netty Epoll Server IO #2/INFO] [com.teampotato.redirector.Redirector/]: Redirecting net/minecraft/network/chat/LastSeenMessagesValidator$ErrorCondition
[20Dec2025 16:37:05.043] [Server thread/INFO] [com.teampotato.redirector.Redirector/]: Redirecting net/minecraft/network/chat/FilterMask$Type
[20Dec2025 16:37:05.046] [Server thread/INFO] [net.minecraft.server.MinecraftServer/]: [Not Secure] <claco21> hello
[20Dec2025 16:37:49.960] [Server thread/INFO] [net.minecraft.server.MinecraftServer/]: [claco21: Set own game mode to Survival Mode]
[20Dec2025 16:40:23.880] [Netty Epoll Server IO #2/INFO] [com.teampotato.redirector.Redirector/]: Redirecting cpw/mods/inventorysorter/Action
[20Dec2025 16:40:23.881] [Netty Epoll Server IO #2/INFO] [com.teampotato.redirector.Redirector/]: Redirecting cpw/mods/inventorysorter/SortingHandler
[20Dec2025 16:40:23.882] [Netty Epoll Server IO #2/INFO] [com.teampotato.redirector.Redirector/]: Redirecting cpw/mods/inventorysorter/ScrollWheelHandler
[20Dec2025 16:40:23.885] [Server thread/INFO] [com.teampotato.redirector.Redirector/]: Redirecting cpw/mods/inventorysorter/InventoryHandler
[20Dec2025 16:48:18.866] [Netty Epoll Server IO #2/INFO] [com.teampotato.redirector.Redirector/]: Redirecting net/bettercombat/logic/AnimatedHand
[20Dec2025 16:59:16.964] [Server thread/INFO] [com.teampotato.redirector.Redirector/]: Redirecting net/minecraft/world/entity/ai/goal/RangedCrossbowAttackGoal$CrossbowState
[20Dec2025 16:59:16.967] [Server thread/INFO] [com.teampotato.redirector.Redirector/]: Redirecting com/teamabnormals/savage_and_ravage/common/entity/ai/goal/ImprovedCrossbowGoal$CrossbowState
[20Dec2025 17:07:09.764] [Server thread/INFO] [net.minecraft.server.network.ServerGamePacketListenerImpl/]: claco21 lost connection: Disconnected
[20Dec2025 17:07:09.765] [Server thread/INFO] [net.minecraft.server.MinecraftServer/]: claco21 left the game
[20Dec2025 17:07:09.772] [Server thread/INFO] [com.teampotato.redirector.Redirector/]: Redirecting io/redspace/ironsspellbooks/api/spells/CastType
[20Dec2025 17:10:30.796] [Netty Epoll Server IO #5/INFO] [Calio/]: Received acknowledgment for login packet with id 211
[20Dec2025 17:11:33.753] [Netty Epoll Server IO #5/INFO] [Calio/]: Received acknowledgment for login packet with id 212
[20Dec2025 17:11:33.755] [Netty Epoll Server IO #5/INFO] [Calio/]: Received acknowledgment for login packet with id 213
[20Dec2025 17:11:33.756] [Netty Epoll Server IO #5/INFO] [Calio/]: Received acknowledgment for login packet with id 214
[20Dec2025 17:11:33.768] [Server thread/INFO] [net.minecraft.server.network.ServerLoginPacketListenerImpl/]: com.mojang.authlib.GameProfile@20c58b2a[id=<null>,name=claco21,properties={},legacy=false] (/10.228.82.35:39644) lost connection: Disconnected
[20Dec2025 17:12:16.120] [Netty Epoll Server IO #7/INFO] [Calio/]: Received acknowledgment for login packet with id 211
[20Dec2025 17:12:16.167] [Netty Epoll Server IO #7/INFO] [Calio/]: Received acknowledgment for login packet with id 212
[20Dec2025 17:12:16.219] [Netty Epoll Server IO #7/INFO] [Calio/]: Received acknowledgment for login packet with id 213
[20Dec2025 17:12:16.283] [Netty Epoll Server IO #7/INFO] [Calio/]: Received acknowledgment for login packet with id 214
[20Dec2025 17:12:16.321] [Netty Epoll Server IO #7/INFO] [Calio/]: Received acknowledgment for login packet with id 215
[20Dec2025 17:12:16.371] [Netty Epoll Server IO #7/INFO] [Calio/]: Received acknowledgment for login packet with id 216
[20Dec2025 17:12:16.419] [Netty Epoll Server IO #7/INFO] [Calio/]: Received acknowledgment for login packet with id 217
[20Dec2025 17:12:16.483] [Netty Epoll Server IO #7/INFO] [Calio/]: Received acknowledgment for login packet with id 218
[20Dec2025 17:12:16.524] [Netty Epoll Server IO #7/INFO] [Calio/]: Received acknowledgment for login packet with id 219
[20Dec2025 17:12:16.571] [Netty Epoll Server IO #7/INFO] [Calio/]: Received acknowledgment for login packet with id 220
[20Dec2025 17:12:16.621] [Netty Epoll Server IO #7/INFO] [Calio/]: Received acknowledgment for login packet with id 221
[20Dec2025 17:12:16.670] [Netty Epoll Server IO #7/INFO] [Calio/]: Received acknowledgment for login packet with id 222
[20Dec2025 17:12:17.808] [Netty Epoll Server IO #7/INFO] [Calio/]: Received acknowledgment for login packet with id 223
[20Dec2025 17:12:17.808] [Netty Epoll Server IO #7/INFO] [Calio/]: Received acknowledgment for login packet with id 224
[20Dec2025 17:12:17.815] [Netty Epoll Server IO #7/INFO] [Calio/]: Received acknowledgment for login packet with id 225
[20Dec2025 17:12:17.922] [Server thread/INFO] [net.minecraftforge.common.AdvancementLoadFix/]: Using new advancement loading for net.minecraft.server.PlayerAdvancements@5eb94c27
[20Dec2025 17:12:17.942] [Server thread/INFO] [net.minecraft.server.players.PlayerList/]: claco21[/10.228.82.35:39708] logged in with entity id 1122 at (793.5141131470932, -15.625, -760.1859272692257)
[20Dec2025 17:12:18.008] [Server thread/INFO] [ModdingLegacy/blue_skies/]: Sending ToolHandleTypeManager to claco21
[20Dec2025 17:12:18.011] [Server thread/INFO] [ModdingLegacy/blue_skies/]: Sending SnowcapOvenFreezingManager to claco21
[20Dec2025 17:12:18.011] [Server thread/INFO] [ModdingLegacy/blue_skies/]: Sending HorizoniteForgeFuelManager to claco21
[20Dec2025 17:12:18.012] [Server thread/INFO] [ModdingLegacy/blue_skies/]: Sending AlchemyRecipeManager to claco21
[20Dec2025 17:12:18.018] [Server thread/INFO] [ModdingLegacy/blue_skies/]: Sending JournalEntryManager to claco21
[20Dec2025 17:12:18.023] [Server thread/INFO] [ModdingLegacy/blue_skies/]: Sending JournalSectionManager to claco21
[20Dec2025 17:12:18.023] [Server thread/INFO] [ModdingLegacy/blue_skies/]: Sending JournalRequirementManager to claco21
[20Dec2025 17:12:18.137] [Server thread/INFO] [net.minecraft.server.MinecraftServer/]: claco21 joined the game
[20Dec2025 17:12:18.236] [Server thread/INFO] [Jade/]: Syncing config to claco21 (e1e8ac53-c473-30f8-8dcf-a99b284708a7)
[20Dec2025 17:12:18.245] [Server thread/INFO] [Enigmatic Legacy/INFO]: Synchronizing omniconfig files to claco21...
[20Dec2025 17:12:18.246] [Server thread/INFO] [Enigmatic Legacy/INFO]: Sending data for enigmaticlegacy-common.omniconf
[20Dec2025 17:12:18.249] [Server thread/INFO] [Enigmatic Legacy/INFO]: Granting starter gear to claco21
[20Dec2025 17:17:11.862] [Server thread/INFO] [net.minecraft.server.network.ServerGamePacketListenerImpl/]: claco21 lost connection: Disconnected
[20Dec2025 17:17:11.862] [Server thread/INFO] [net.minecraft.server.MinecraftServer/]: claco21 left the game
[20Dec2025 17:17:30.619] [Netty Epoll Server IO #1/INFO] [Calio/]: Received acknowledgment for login packet with id 211
[20Dec2025 17:17:30.676] [Netty Epoll Server IO #1/INFO] [Calio/]: Received acknowledgment for login packet with id 212
[20Dec2025 17:17:30.719] [Netty Epoll Server IO #1/INFO] [Calio/]: Received acknowledgment for login packet with id 213
[20Dec2025 17:17:30.769] [Netty Epoll Server IO #1/INFO] [Calio/]: Received acknowledgment for login packet with id 214
[20Dec2025 17:17:30.819] [Netty Epoll Server IO #1/INFO] [Calio/]: Received acknowledgment for login packet with id 215
[20Dec2025 17:17:30.871] [Netty Epoll Server IO #1/INFO] [Calio/]: Received acknowledgment for login packet with id 216
[20Dec2025 17:17:30.928] [Netty Epoll Server IO #1/INFO] [Calio/]: Received acknowledgment for login packet with id 217
[20Dec2025 17:17:30.966] [Netty Epoll Server IO #1/INFO] [Calio/]: Received acknowledgment for login packet with id 218
[20Dec2025 17:17:31.021] [Netty Epoll Server IO #1/INFO] [Calio/]: Received acknowledgment for login packet with id 219
[20Dec2025 17:17:31.067] [Netty Epoll Server IO #1/INFO] [Calio/]: Received acknowledgment for login packet with id 220
[20Dec2025 17:17:31.123] [Netty Epoll Server IO #1/INFO] [Calio/]: Received acknowledgment for login packet with id 221
[20Dec2025 17:17:31.174] [Netty Epoll Server IO #1/INFO] [Calio/]: Received acknowledgment for login packet with id 222
[20Dec2025 17:17:31.435] [Netty Epoll Server IO #1/INFO] [Calio/]: Received acknowledgment for login packet with id 223
[20Dec2025 17:17:31.435] [Netty Epoll Server IO #1/INFO] [Calio/]: Received acknowledgment for login packet with id 224
[20Dec2025 17:17:31.444] [Netty Epoll Server IO #1/INFO] [Calio/]: Received acknowledgment for login packet with id 225
[20Dec2025 17:17:31.518] [Server thread/INFO] [net.minecraftforge.common.AdvancementLoadFix/]: Using new advancement loading for net.minecraft.server.PlayerAdvancements@3d5769d7
[20Dec2025 17:17:31.530] [Server thread/INFO] [net.minecraft.server.players.PlayerList/]: claco21[/10.228.82.35:39899] logged in with entity id 1583 at (793.5141131470932, -15.625, -760.1859272692257)
[20Dec2025 17:17:31.575] [Server thread/INFO] [ModdingLegacy/blue_skies/]: Sending ToolHandleTypeManager to claco21
[20Dec2025 17:17:31.575] [Server thread/INFO] [ModdingLegacy/blue_skies/]: Sending SnowcapOvenFreezingManager to claco21
[20Dec2025 17:17:31.578] [Server thread/INFO] [ModdingLegacy/blue_skies/]: Sending HorizoniteForgeFuelManager to claco21
[20Dec2025 17:17:31.578] [Server thread/INFO] [ModdingLegacy/blue_skies/]: Sending AlchemyRecipeManager to claco21
[20Dec2025 17:17:31.581] [Server thread/INFO] [ModdingLegacy/blue_skies/]: Sending JournalEntryManager to claco21
[20Dec2025 17:17:31.582] [Server thread/INFO] [ModdingLegacy/blue_skies/]: Sending JournalSectionManager to claco21
[20Dec2025 17:17:31.583] [Server thread/INFO] [ModdingLegacy/blue_skies/]: Sending JournalRequirementManager to claco21
[20Dec2025 17:17:31.661] [Server thread/INFO] [net.minecraft.server.MinecraftServer/]: claco21 joined the game
[20Dec2025 17:17:31.711] [Server thread/INFO] [Jade/]: Syncing config to claco21 (e1e8ac53-c473-30f8-8dcf-a99b284708a7)
[20Dec2025 17:17:31.727] [Server thread/INFO] [Enigmatic Legacy/INFO]: Synchronizing omniconfig files to claco21...
[20Dec2025 17:17:31.728] [Server thread/INFO] [Enigmatic Legacy/INFO]: Sending data for enigmaticlegacy-common.omniconf
[20Dec2025 17:17:31.729] [Server thread/INFO] [Enigmatic Legacy/INFO]: Granting starter gear to claco21
[20Dec2025 17:19:01.062] [Server thread/INFO] [net.minecraft.server.network.ServerGamePacketListenerImpl/]: claco21 lost connection: Disconnected
[20Dec2025 17:19:01.063] [Server thread/INFO] [net.minecraft.server.MinecraftServer/]: claco21 left the game
[20Dec2025 18:04:33.771] [Netty Epoll Server IO #4/INFO] [Calio/]: Received acknowledgment for login packet with id 211
[20Dec2025 18:04:33.822] [Netty Epoll Server IO #4/INFO] [Calio/]: Received acknowledgment for login packet with id 212
[20Dec2025 18:04:33.872] [Netty Epoll Server IO #4/INFO] [Calio/]: Received acknowledgment for login packet with id 213
[20Dec2025 18:04:33.922] [Netty Epoll Server IO #4/INFO] [Calio/]: Received acknowledgment for login packet with id 214
[20Dec2025 18:04:33.971] [Netty Epoll Server IO #4/INFO] [Calio/]: Received acknowledgment for login packet with id 215
[20Dec2025 18:04:34.030] [Netty Epoll Server IO #4/INFO] [Calio/]: Received acknowledgment for login packet with id 216
[20Dec2025 18:04:34.071] [Netty Epoll Server IO #4/INFO] [Calio/]: Received acknowledgment for login packet with id 217
[20Dec2025 18:04:34.124] [Netty Epoll Server IO #4/INFO] [Calio/]: Received acknowledgment for login packet with id 218
[20Dec2025 18:04:34.172] [Netty Epoll Server IO #4/INFO] [Calio/]: Received acknowledgment for login packet with id 219
[20Dec2025 18:04:34.223] [Netty Epoll Server IO #4/INFO] [Calio/]: Received acknowledgment for login packet with id 220
[20Dec2025 18:04:34.271] [Netty Epoll Server IO #4/INFO] [Calio/]: Received acknowledgment for login packet with id 221
[20Dec2025 18:04:34.324] [Netty Epoll Server IO #4/INFO] [Calio/]: Received acknowledgment for login packet with id 222
[20Dec2025 18:04:34.732] [Netty Epoll Server IO #4/INFO] [Calio/]: Received acknowledgment for login packet with id 223
[20Dec2025 18:04:34.732] [Netty Epoll Server IO #4/INFO] [Calio/]: Received acknowledgment for login packet with id 224
[20Dec2025 18:04:34.733] [Netty Epoll Server IO #4/INFO] [Calio/]: Received acknowledgment for login packet with id 225
[20Dec2025 18:04:34.819] [Server thread/INFO] [net.minecraftforge.common.AdvancementLoadFix/]: Using new advancement loading for net.minecraft.server.PlayerAdvancements@662dd1ef
[20Dec2025 18:04:34.828] [Server thread/INFO] [net.minecraft.server.players.PlayerList/]: claco21[/10.228.82.35:58667] logged in with entity id 2047 at (791.9032283880449, -16.0, -761.6999999880791)
[20Dec2025 18:04:34.864] [Server thread/INFO] [ModdingLegacy/blue_skies/]: Sending ToolHandleTypeManager to claco21
[20Dec2025 18:04:34.865] [Server thread/INFO] [ModdingLegacy/blue_skies/]: Sending SnowcapOvenFreezingManager to claco21
[20Dec2025 18:04:34.865] [Server thread/INFO] [ModdingLegacy/blue_skies/]: Sending HorizoniteForgeFuelManager to claco21
[20Dec2025 18:04:34.865] [Server thread/INFO] [ModdingLegacy/blue_skies/]: Sending AlchemyRecipeManager to claco21
[20Dec2025 18:04:34.866] [Server thread/INFO] [ModdingLegacy/blue_skies/]: Sending JournalEntryManager to claco21
[20Dec2025 18:04:34.868] [Server thread/INFO] [ModdingLegacy/blue_skies/]: Sending JournalSectionManager to claco21
[20Dec2025 18:04:34.868] [Server thread/INFO] [ModdingLegacy/blue_skies/]: Sending JournalRequirementManager to claco21
[20Dec2025 18:04:34.918] [Server thread/INFO] [net.minecraft.server.MinecraftServer/]: claco21 joined the game
[20Dec2025 18:04:34.957] [Server thread/INFO] [Jade/]: Syncing config to claco21 (e1e8ac53-c473-30f8-8dcf-a99b284708a7)
[20Dec2025 18:04:34.971] [Server thread/INFO] [Enigmatic Legacy/INFO]: Synchronizing omniconfig files to claco21...
[20Dec2025 18:04:34.972] [Server thread/INFO] [Enigmatic Legacy/INFO]: Sending data for enigmaticlegacy-common.omniconf
[20Dec2025 18:04:34.976] [Server thread/INFO] [Enigmatic Legacy/INFO]: Granting starter gear to claco21
[20Dec2025 18:08:01.764] [Server thread/INFO] [com.teampotato.redirector.Redirector/]: Redirecting net/minecraftforge/event/entity/living/LivingChangeTargetEvent$LivingTargetType
[20Dec2025 18:08:46.229] [Server thread/INFO] [mixin/]: Mixing MixinPiglinTasks from enigmaticlegacy.mixins.json into net.minecraft.world.entity.monster.piglin.PiglinAi
[20Dec2025 18:08:46.229] [Server thread/INFO] [mixin/]: Renaming synthetic method lambda$onPiglinBarter$0(Ljava/util/List;Lnet/minecraft/world/item/ItemStack;)V to mdeae48a$lambda$onPiglinBarter$0$2 in enigmaticlegacy.mixins.json:MixinPiglinTasks
[20Dec2025 18:08:48.373] [Server thread/INFO] [com.teampotato.redirector.Redirector/]: Redirecting net/minecraft/server/commands/AdvancementCommands$Mode
[20Dec2025 18:09:15.361] [Server thread/INFO] [com.teampotato.redirector.Redirector/]: Redirecting software/bernie/geckolib3/core/builder/ILoopType$EDefaultLoopTypes
[20Dec2025 18:09:15.362] [Server thread/INFO] [com.teampotato.redirector.Redirector/]: Redirecting software/bernie/geckolib3/core/AnimationState
[20Dec2025 18:09:15.363] [Server thread/INFO] [com.teampotato.redirector.Redirector/]: Redirecting software/bernie/geckolib3/core/easing/EasingType
[20Dec2025 18:09:22.783] [Server thread/INFO] [com.teampotato.redirector.Redirector/]: Redirecting com/aqutheseal/celestisynth/api/animation/player/AnimationManager$AnimationsList
[20Dec2025 18:20:18.464] [Server thread/INFO] [net.minecraft.server.network.ServerGamePacketListenerImpl/]: claco21 lost connection: Disconnected
[20Dec2025 18:20:18.464] [Server thread/INFO] [net.minecraft.server.MinecraftServer/]: claco21 left the game
[20Dec2025 18:25:19.185] [Netty Epoll Server IO #7/INFO] [Calio/]: Received acknowledgment for login packet with id 211
[20Dec2025 18:25:19.224] [Netty Epoll Server IO #7/INFO] [Calio/]: Received acknowledgment for login packet with id 212
[20Dec2025 18:25:19.270] [Netty Epoll Server IO #7/INFO] [Calio/]: Received acknowledgment for login packet with id 213
[20Dec2025 18:25:19.322] [Netty Epoll Server IO #7/INFO] [Calio/]: Received acknowledgment for login packet with id 214
[20Dec2025 18:25:19.369] [Netty Epoll Server IO #7/INFO] [Calio/]: Received acknowledgment for login packet with id 215
[20Dec2025 18:25:19.418] [Netty Epoll Server IO #7/INFO] [Calio/]: Received acknowledgment for login packet with id 216
[20Dec2025 18:25:19.468] [Netty Epoll Server IO #7/INFO] [Calio/]: Received acknowledgment for login packet with id 217
[20Dec2025 18:25:19.518] [Netty Epoll Server IO #7/INFO] [Calio/]: Received acknowledgment for login packet with id 218
[20Dec2025 18:25:19.570] [Netty Epoll Server IO #7/INFO] [Calio/]: Received acknowledgment for login packet with id 219
[20Dec2025 18:25:19.623] [Netty Epoll Server IO #7/INFO] [Calio/]: Received acknowledgment for login packet with id 220
[20Dec2025 18:25:19.671] [Netty Epoll Server IO #7/INFO] [Calio/]: Received acknowledgment for login packet with id 221
[20Dec2025 18:25:19.724] [Netty Epoll Server IO #7/INFO] [Calio/]: Received acknowledgment for login packet with id 222
[20Dec2025 18:25:20.876] [Netty Epoll Server IO #7/INFO] [Calio/]: Received acknowledgment for login packet with id 223
[20Dec2025 18:25:20.884] [Netty Epoll Server IO #7/INFO] [Calio/]: Received acknowledgment for login packet with id 224
[20Dec2025 18:25:20.884] [Netty Epoll Server IO #7/INFO] [Calio/]: Received acknowledgment for login packet with id 225
[20Dec2025 18:25:20.969] [Server thread/INFO] [net.minecraftforge.common.AdvancementLoadFix/]: Using new advancement loading for net.minecraft.server.PlayerAdvancements@7f798861
[20Dec2025 18:25:20.981] [Server thread/INFO] [net.minecraft.server.players.PlayerList/]: claco21[/10.228.82.35:59787] logged in with entity id 24987 at (817.8257823477176, -16.0, -734.5034895201632)
[20Dec2025 18:25:21.015] [Server thread/INFO] [ModdingLegacy/blue_skies/]: Sending ToolHandleTypeManager to claco21
[20Dec2025 18:25:21.016] [Server thread/INFO] [ModdingLegacy/blue_skies/]: Sending SnowcapOvenFreezingManager to claco21
[20Dec2025 18:25:21.016] [Server thread/INFO] [ModdingLegacy/blue_skies/]: Sending HorizoniteForgeFuelManager to claco21
[20Dec2025 18:25:21.016] [Server thread/INFO] [ModdingLegacy/blue_skies/]: Sending AlchemyRecipeManager to claco21
[20Dec2025 18:25:21.018] [Server thread/INFO] [ModdingLegacy/blue_skies/]: Sending JournalEntryManager to claco21
[20Dec2025 18:25:21.020] [Server thread/INFO] [ModdingLegacy/blue_skies/]: Sending JournalSectionManager to claco21
[20Dec2025 18:25:21.020] [Server thread/INFO] [ModdingLegacy/blue_skies/]: Sending JournalRequirementManager to claco21
[20Dec2025 18:25:21.068] [Server thread/INFO] [net.minecraft.server.MinecraftServer/]: claco21 joined the game
[20Dec2025 18:25:21.113] [Server thread/INFO] [Jade/]: Syncing config to claco21 (e1e8ac53-c473-30f8-8dcf-a99b284708a7)
[20Dec2025 18:25:21.126] [Server thread/INFO] [Enigmatic Legacy/INFO]: Synchronizing omniconfig files to claco21...
[20Dec2025 18:25:21.126] [Server thread/INFO] [Enigmatic Legacy/INFO]: Sending data for enigmaticlegacy-common.omniconf
[20Dec2025 18:25:21.127] [Server thread/INFO] [Enigmatic Legacy/INFO]: Granting starter gear to claco21
[20Dec2025 18:32:26.962] [Server thread/INFO] [net.minecraft.server.network.ServerGamePacketListenerImpl/]: claco21 lost connection: Disconnected
[20Dec2025 18:32:26.963] [Server thread/INFO] [net.minecraft.server.MinecraftServer/]: claco21 left the game
[20Dec2025 18:36:33.540] [Netty Epoll Server IO #1/INFO] [Calio/]: Received acknowledgment for login packet with id 211
[20Dec2025 18:36:33.572] [Netty Epoll Server IO #1/INFO] [Calio/]: Received acknowledgment for login packet with id 212
[20Dec2025 18:36:33.624] [Netty Epoll Server IO #1/INFO] [Calio/]: Received acknowledgment for login packet with id 213
[20Dec2025 18:36:33.672] [Netty Epoll Server IO #1/INFO] [Calio/]: Received acknowledgment for login packet with id 214
[20Dec2025 18:36:33.723] [Netty Epoll Server IO #1/INFO] [Calio/]: Received acknowledgment for login packet with id 215
[20Dec2025 18:36:33.771] [Netty Epoll Server IO #1/INFO] [Calio/]: Received acknowledgment for login packet with id 216
[20Dec2025 18:36:33.824] [Netty Epoll Server IO #1/INFO] [Calio/]: Received acknowledgment for login packet with id 217
[20Dec2025 18:36:33.872] [Netty Epoll Server IO #1/INFO] [Calio/]: Received acknowledgment for login packet with id 218
[20Dec2025 18:36:33.924] [Netty Epoll Server IO #1/INFO] [Calio/]: Received acknowledgment for login packet with id 219
[20Dec2025 18:36:33.972] [Netty Epoll Server IO #1/INFO] [Calio/]: Received acknowledgment for login packet with id 220
[20Dec2025 18:36:34.025] [Netty Epoll Server IO #1/INFO] [Calio/]: Received acknowledgment for login packet with id 221
[20Dec2025 18:36:34.074] [Netty Epoll Server IO #1/INFO] [Calio/]: Received acknowledgment for login packet with id 222
[20Dec2025 18:36:35.107] [Netty Epoll Server IO #1/INFO] [Calio/]: Received acknowledgment for login packet with id 223
[20Dec2025 18:36:35.113] [Netty Epoll Server IO #1/INFO] [Calio/]: Received acknowledgment for login packet with id 224
[20Dec2025 18:36:35.119] [Netty Epoll Server IO #1/INFO] [Calio/]: Received acknowledgment for login packet with id 225
[20Dec2025 18:36:35.217] [Server thread/INFO] [net.minecraftforge.common.AdvancementLoadFix/]: Using new advancement loading for net.minecraft.server.PlayerAdvancements@17a3b458
[20Dec2025 18:36:35.228] [Server thread/INFO] [net.minecraft.server.players.PlayerList/]: claco21[/10.228.82.35:60694] logged in with entity id 42957 at (817.8257823477176, -16.0, -734.5034895201632)
[20Dec2025 18:36:35.256] [Server thread/INFO] [ModdingLegacy/blue_skies/]: Sending ToolHandleTypeManager to claco21
[20Dec2025 18:36:35.256] [Server thread/INFO] [ModdingLegacy/blue_skies/]: Sending SnowcapOvenFreezingManager to claco21
[20Dec2025 18:36:35.257] [Server thread/INFO] [ModdingLegacy/blue_skies/]: Sending HorizoniteForgeFuelManager to claco21
[20Dec2025 18:36:35.257] [Server thread/INFO] [ModdingLegacy/blue_skies/]: Sending AlchemyRecipeManager to claco21
[20Dec2025 18:36:35.258] [Server thread/INFO] [ModdingLegacy/blue_skies/]: Sending JournalEntryManager to claco21
[20Dec2025 18:36:35.259] [Server thread/INFO] [ModdingLegacy/blue_skies/]: Sending JournalSectionManager to claco21
[20Dec2025 18:36:35.259] [Server thread/INFO] [ModdingLegacy/blue_skies/]: Sending JournalRequirementManager to claco21
[20Dec2025 18:36:35.291] [Server thread/INFO] [net.minecraft.server.MinecraftServer/]: claco21 joined the game
[20Dec2025 18:36:35.326] [Server thread/INFO] [Jade/]: Syncing config to claco21 (e1e8ac53-c473-30f8-8dcf-a99b284708a7)
[20Dec2025 18:36:35.340] [Server thread/INFO] [Enigmatic Legacy/INFO]: Synchronizing omniconfig files to claco21...
[20Dec2025 18:36:35.340] [Server thread/INFO] [Enigmatic Legacy/INFO]: Sending data for enigmaticlegacy-common.omniconf
[20Dec2025 18:36:35.341] [Server thread/INFO] [Enigmatic Legacy/INFO]: Granting starter gear to claco21
[20Dec2025 18:39:21.712] [Server thread/INFO] [net.minecraft.server.network.ServerGamePacketListenerImpl/]: claco21 lost connection: Disconnected
[20Dec2025 18:39:21.713] [Server thread/INFO] [net.minecraft.server.MinecraftServer/]: claco21 left the game
[20Dec2025 18:55:36.743] [Netty Epoll Server IO #4/INFO] [Calio/]: Received acknowledgment for login packet with id 211
[20Dec2025 18:55:36.779] [Netty Epoll Server IO #4/INFO] [Calio/]: Received acknowledgment for login packet with id 212
[20Dec2025 18:55:36.821] [Netty Epoll Server IO #4/INFO] [Calio/]: Received acknowledgment for login packet with id 213
[20Dec2025 18:55:36.872] [Netty Epoll Server IO #4/INFO] [Calio/]: Received acknowledgment for login packet with id 214
[20Dec2025 18:55:36.919] [Netty Epoll Server IO #4/INFO] [Calio/]: Received acknowledgment for login packet with id 215
[20Dec2025 18:55:36.972] [Netty Epoll Server IO #4/INFO] [Calio/]: Received acknowledgment for login packet with id 216
[20Dec2025 18:55:37.024] [Netty Epoll Server IO #4/INFO] [Calio/]: Received acknowledgment for login packet with id 217
[20Dec2025 18:55:37.079] [Netty Epoll Server IO #4/INFO] [Calio/]: Received acknowledgment for login packet with id 218
[20Dec2025 18:55:37.125] [Netty Epoll Server IO #4/INFO] [Calio/]: Received acknowledgment for login packet with id 219
[20Dec2025 18:55:37.173] [Netty Epoll Server IO #4/INFO] [Calio/]: Received acknowledgment for login packet with id 220
[20Dec2025 18:55:37.223] [Netty Epoll Server IO #4/INFO] [Calio/]: Received acknowledgment for login packet with id 221
[20Dec2025 18:55:37.276] [Netty Epoll Server IO #4/INFO] [Calio/]: Received acknowledgment for login packet with id 222
[20Dec2025 18:55:38.483] [Netty Epoll Server IO #4/INFO] [Calio/]: Received acknowledgment for login packet with id 223
[20Dec2025 18:55:38.488] [Netty Epoll Server IO #4/INFO] [Calio/]: Received acknowledgment for login packet with id 224
[20Dec2025 18:55:38.489] [Netty Epoll Server IO #4/INFO] [Calio/]: Received acknowledgment for login packet with id 225
[20Dec2025 18:55:38.564] [Server thread/INFO] [net.minecraftforge.common.AdvancementLoadFix/]: Using new advancement loading for net.minecraft.server.PlayerAdvancements@2fb3eeb5
[20Dec2025 18:55:38.572] [Server thread/INFO] [net.minecraft.server.players.PlayerList/]: claco21[/10.228.82.35:62150] logged in with entity id 50205 at (817.8257823477176, -16.0, -734.5034895201632)
[20Dec2025 18:55:38.599] [Server thread/INFO] [ModdingLegacy/blue_skies/]: Sending ToolHandleTypeManager to claco21
[20Dec2025 18:55:38.600] [Server thread/INFO] [ModdingLegacy/blue_skies/]: Sending SnowcapOvenFreezingManager to claco21
[20Dec2025 18:55:38.600] [Server thread/INFO] [ModdingLegacy/blue_skies/]: Sending HorizoniteForgeFuelManager to claco21
[20Dec2025 18:55:38.600] [Server thread/INFO] [ModdingLegacy/blue_skies/]: Sending AlchemyRecipeManager to claco21
[20Dec2025 18:55:38.601] [Server thread/INFO] [ModdingLegacy/blue_skies/]: Sending JournalEntryManager to claco21
[20Dec2025 18:55:38.603] [Server thread/INFO] [ModdingLegacy/blue_skies/]: Sending JournalSectionManager to claco21
[20Dec2025 18:55:38.603] [Server thread/INFO] [ModdingLegacy/blue_skies/]: Sending JournalRequirementManager to claco21
[20Dec2025 18:55:38.640] [Server thread/INFO] [net.minecraft.server.MinecraftServer/]: claco21 joined the game
[20Dec2025 18:55:38.683] [Server thread/INFO] [Jade/]: Syncing config to claco21 (e1e8ac53-c473-30f8-8dcf-a99b284708a7)
[20Dec2025 18:55:38.692] [Server thread/INFO] [Enigmatic Legacy/INFO]: Synchronizing omniconfig files to claco21...
[20Dec2025 18:55:38.692] [Server thread/INFO] [Enigmatic Legacy/INFO]: Sending data for enigmaticlegacy-common.omniconf
[20Dec2025 18:55:38.693] [Server thread/INFO] [Enigmatic Legacy/INFO]: Granting starter gear to claco21
[20Dec2025 18:59:26.611] [Server thread/INFO] [net.minecraft.server.network.ServerGamePacketListenerImpl/]: claco21 lost connection: Disconnected
[20Dec2025 18:59:26.612] [Server thread/INFO] [net.minecraft.server.MinecraftServer/]: claco21 left the game
